"ID","Hash","vendor","device/MCU model"
1,"45f3c722e9434b4cf4dede5ef658f50a",,
2,"459052a209c444ee95b6e340b2fc7d8d",,
3,"a975abe205702bee0fdf235028410a48",,
4,"87eafb9dc6b6f10ade2c6592a4245d57",,
5,"a4f01d57129eb70204dd9268b60505ec","dialog",
6,"4f4fe6a9172e6381793a6fda0cd23797","nordic",
7,"37e6832078d7191c2fab020deb60f391","nordic",
8,"7be905c76fa42d835fef8b5264a95265",,
9,"ea3b9234556d1b888e51ca6a62352512",,
10,"f4497a1af7182cba43c7b0215332e647",,
11,"869fc2f53b43d02fecb5fe3c48939be5",,
12,"9d5080451eb53d7fbbb3d78d7aab226f",,
13,"97f8949134d683fa25779131127a72f3",,
14,"0cdcda9d5e6ea906029581d5533d3d94","realtek",
15,"000e9567dfa363fa2c6cf68be2d59a6d",,
16,"d29939d6b001cdaa67c5ef5b2992d43c",,
17,"c19ec84b4b3ac26ede3d6324fc482496",,
18,"6c0930def64562f994f9403e458db4d3",,
19,"25d04a7388ccc372bce0b3cd1a7ab0e1",,
20,"c10b1de4681c822303ba006bdf5a87c4","nordic",
21,"eb3bf14eb7d844c1d238fc4cc54469cc","nordic",
22,"99451a86ee637e885cdff99df06e8143",,
23,"495c0df719efdca1ea33a2a382c6eccf",,
24,"446323fb91823369468515382d5a093d",,
25,"bd9b2b38b4ea75e7ca0dcf193f744d7b",,
26,"3bcd947ff2843971cf387efd1f895239",,
27,"838be999688844e3aaf6e5acb0d375ad",,
28,"94851deb65936eb312121d60cbb354ad",,
29,"6feb75aa50dded6cfa8e043359d4dec2",,
30,"2a3803df0608700c790c61b92b856f5a","esp",
31,"f163179e5151f3fb12e4f57fccc67e5c",,
32,"5f45646f74fcfaa8cfc9f3f035606650","esp",
33,"c2bc4656136c04c496edb6aee72b32ce",,
34,"eb3b56e8db0f75d164fb6a72811d5de5","esp",
35,"d2ce3fc4e487ca4f4438c6f9048d5129",,
36,"613bbd0a99f5ce9ea91069dcf71a6130","esp",
37,"0f977264a221be460d99f96e61e5afc1","esp",
38,"7d584b0810866d56fc56bafd94e3e35f",,
39,"4dac9a98c12e8b0da92f789f1abdd8ac",,
40,"c57e3e265b2b9c08091a9ee27506925a",,
41,"e570eb6657858f14f530eb9073cd5f38",,
42,"a23474cc7f96bbc2c30b6054ea1273f1",,
43,"1043adfe98599cf582c84a6f1bea6c41",,
44,"6d3faa57c36affb4d0d2d22689f9083d",,
45,"7d32145493e6d9e0553a0fefb64d7678",,
46,"2d8f527f60e9db253fb2f350ec1e91cb",,
47,"7e9fa8e2f20ea1e0579ea484db097d14",,
48,"5acb2408aed10c0b3bc8affdb2665382","esp",
49,"e8ed5057eba8ba1d5e193b298b490227","esp",
50,"581e8dfbd131f05d3e87cffec19f8647","esp",
51,"72ceedda5fb911c26176218043e05af7","esp",
52,"ae1a16ec549646ef8defb658225c4fd5","esp",
53,"ca29c4ddf42a082433845382bcd8d4a4","nordic",
54,"e67d25e28a9a2f5c919c3b27976522fd","nordic",
55,"5c751e01912c548863615a3ac300c4a1","nordic",
56,"18a050ac5a4890a88856ac66199cd68d","nordic",
57,"3b84590cfc767d7a743c287cf92c0e6c",,
58,"9d9d857e2ac99a2be7b23451295eebc0",,
59,"77c2cce983377e123c76cbd87400e344",,
60,"3ffe6a6e46735a6622f63a57216d6b56",,
61,"3a69990b90efd05c20b295923fc54d7c","stm32",
62,"9270028ae606e1d516cc6af56e267960","stm32",
63,"ad666ffab03d30ead1819d7524ad2a03","stm32",
64,"37659e2963f3d8807f8926f3d809ae39","stm32",
65,"71c3f279125d0bb00deedfc5d2ccf789",,
66,"5163bfde99ec2e84a571f8607e8e9431",,
67,"ef13d628cfb0f35f1ce519a2d0ba63b0","nordic",
68,"347cdffcda95060538e8f792b6ad14ec","nordic",
69,"1a8db736a0e15d3724eda398c5047a62","nordic",
70,"c5779800a9ebc1f6e288759ee9578d9c","nordic",
71,"9fc84847d470fc4d927a0793efe20e76",,
72,"b6bf9a31926223f9af732090fe0b2ff0",,
73,"cc41849c2c6b631f6867abc1850ccbd7",,
74,"eb01b897a371ac8a55d94fa871d5dc18",,
75,"3a65ac2d7520594951460231f33f0bc3",,
76,"fed4e644107178e14a7714d21d2b5822",,
77,"5b63424ac4ddf74aed89afcde141e6f5",,
78,"2ece90b915c53fda1542281d065e9d80",,
79,"63d68c4fb81620704cd87a98b0448e3a",,
80,"58fa54d39c69fb8a76f8c85012c034aa",,
81,"3bb1f39de348961e8657d657ca59f890",,
82,"3d3fb30f9b0dc21f2498c1d0614aacf0",,
83,"fae88af3db0e4ced40c956d4ad59c594",,
84,"840285eab0a49a2e92bb9a4901fa444e",,
85,"4d447ef086a9f0506c0d92cb593a0cb8",,
86,"2d7b3bddb1a4df6faa8b5b63eec420e8",,
87,"700072fc8cb7c8aabbcfd205d64aa8ba",,
88,"64c699c68b7e98b3731cbfb1e70e716e",,
89,"a98e61985b680bb641c3ee420dfa107b","ti",
90,"8b5c14a40b9cca7743201724af2edfeb","ti",
91,"e230bb7645507e4b69ddc4751ec0b332",,
92,"d01ecfd62a29d7ea64d1d4f6c1828ca1",,
93,"650adc5d4458bd599b059e8a3e23a232",,
94,"c1846e774e393909421d9a3fd5fe8536",,
95,"8d7bca7836529764a53f46633c932bd5",,
96,"0e0b538f687c44479f80a32235d8a781",,
97,"b7dffc7f925a21d7f953231a1ed62b70",,
98,"7e354154b420845e1d0f7688cdf6e4cd",,
99,"33ee6a786eb0dd6f8ea041b659472a1c",,
100,"d71484f4fb75fefa6d9d93ec592ba435",,
101,"93563dbb25e882545c038548990c3fa0",,
102,"8891925b4a33e012dc792e9eededb4e6",,
103,"020f778be297d75280ea30740b25c58d",,
104,"0ac8bc8d70186c0a5315eb3596bb8f22","nordic",
105,"478e0547f83fbbf46ce12db6548a5a7f","nordic",
106,"137e22fcc0a950149e469e83a0dca7be","nordic",
107,"8c2e79d72294a2f996f93e498d1b0722",,
108,"2df7e1c8ea231bb7aeda430b68bb6ae3",,
109,"4f0224f74eee7c585cdd0832aa1e4da5",,
110,"11eba1ee6d91ddd10e78e9b1fd63d555",,
111,"94792362f4ee47d71169b1bb04ec1762",,
112,"a805e727c06e60e5be3cc4bb100ca282",,
113,"cfe4d7084fb85865c04fb9668c56a9e2",,
114,"a033b25865a7edcfa0145a2e1503b286",,
115,"6437ea185cd31a6120f6fe393be904b7",,
116,"a781a4892da55852720904429bf32aa5",,
117,"3a46a0d1496dff862ef75e94557e0d02","ti",
118,"2b4370e13e050686a209a1e0da7c2bc0","ti",
119,"e0bb582f6e700511b1bc5c47f543c8c2","ti",
120,"aa82983630b480a898529cad60fff9b6",,
121,"ec77927e2498bc8859158a9314e5a5cf",,
122,"21376c75932a9d6faaed034846c57726",,
123,"2e06b6f7ad2b0e55b4f746f30121ef50",,
124,"e8d7f081f75cd55fd0188cafdc352af1",,
125,"fa1000d4401e4dae57991c0df98d47a3",,
126,"d0bddccbff56dae36cce0eb3d50e8210",,
127,"ae849c9acf675c0e62e5c80042e26b22","nxp",
128,"9d15eee43fe9193d841582c5469e54eb","nxp",
129,"757d12d64f071221606f2c8c71222d89","nxp",
130,"84292a0915719c975fe9e714ab447522","nxp",
131,"4c0aa04b80ba6facbddcf00d1a714322",,
132,"b8b3e2b6636fb533aa5968c6a31ed339",,
133,"ad2b1706e3b807b0fc46efdd053b6ef9",,
134,"e3e7adee4999d6273ab7343b72b48846",,
135,"3763f720790a55a9bd8f0d89d3074c93",,
136,"217ef1a9b9151a13169cd142b13b987d",,
137,"6de2f6705deaaf520298b275092a8ca9",,
138,"383c25afc297cc1427bc251a8143adc8",,
139,"d0e13f9d79ec3d118a4b44e0861777e6","nxp",
140,"6ac8a2aa1a17bfd70413afd67ca3c20b",,
141,"837b16a5200c4f331364dd76b36f7ea4",,
142,"95bbf2975741e7bcb4653792bef03672","ti",
143,"2231d8a19c542d9fde072bb3116ae8c8",,
144,"aa9ef6731fa144e7a7a3e4e269cf6387",,
145,"a0cb997743a991ea6606c97b9d5a33ac",,
146,"5fe20832093a6fa5d3e3cf6208ad9ff7",,
147,"b83983d059e429bad9fa48dc7bbbd8f3","cypress",
148,"816262151ef5386172c9c1efc00bdb8c",,
149,"b2a60f5c51f02891b96029f3d399610b","nordic",
150,"3bc7c4851c3b30933aee331bda9c5fe3",,
151,"2ac917074b6259c015d79251d9455c6f",,
152,"fb6d86943085329f11354fb3b7d6cdf0",,
153,"bb2694f06db48513c5810c54e4fa2c50",,
154,"c44fb7bfd3acb53ae032d0bd47cc6b51","nordic",
155,"a8f683c7c84fc8a239de464bc6f02fb0",,
156,"bb1c1351a65ffeb93b6931f9efbe4b75",,
157,"30bad7efd2974f1eb4643f150394de71",,
158,"97704511d800b25428b6946913cb0189",,
159,"835b949e114ae76deaf183873e59cbfd",,
160,"622a74f28f098c7d91c758161be9a9bf","nordic",
161,"b54e37611558788497d4bce0be4aea5b","nordic",
162,"7a8619557fcfb5d9362c5fa59f410905","nordic",
163,"71a520e39e8d330d74a639adc3e3c50d","nordic",
164,"6d5cd3b9357dfe04ccec28cbcb676d2b","nordic",
165,"78b664d0bd4def5746b33c6ea2b7323a",,
166,"95bf2bbb8cf9c3b47d35343272172d85",,
167,"45550eeb2bfeda68bf8daef1c585f9d4",,
168,"fcd758f911a354f9adcf82364ddcc741",,
169,"ec3ef7efaa63d5347030be564e83c584","dialog",
170,"0c57dc0484d0e89dd72a65cae54b6c10","dialog",
171,"9003994a537c9f369485992d7850d5aa","dialog",
172,"f0743579fb7ea15867fbccb0eedb659a","dialog",
173,"8f6f3d951e737a770b9ffa869c9d2b5f","dialog",
174,"81f57ab4512b9ea9ceab3f73998d44bd",,
175,"d47e93f6fca8f9a05b65695f5efb5490",,
176,"279cf60d5ffc01b56c6a6f6c837c0c71",,
177,"f826419373092211023041fcfce9600c",,
3662,"d0836b68f384211a4aac3b234dce7819",,
178,"e5346266fba6c8a11b711d07e188ef73",,
179,"76e7eca650e7c7355234a545226b53c4",,
180,"f037a4cc898175988e637a0e86732c75",,
181,"3e1f0b915ba85856ee5d7648147bb527","telink",
182,"d0f95a39b049d7784ddcff22ce6bdd6b","telink",
183,"ab46112e5b4d793514f6cee2e825f5e4","nordic",
184,"bd73811dc875bd7e0eda19ec2269b604","nordic",
185,"f6c0e4dc2f4b92afb66c41d52347e2a2",,
186,"43cffb0561c38a75d740be1d6a0c9a21",,
187,"cfbae955ff0745e047071ffd93326bb9","telink",
188,"6e22886ed97d84126cfd19737d7b27c1","telink",
189,"63a26bb5377eaffd3ea8a1305f802506","telink",
190,"5091b3b291628438fb5201f1ab83b05c","telink",
191,"144799a60bc605a3667edbc211e1d367","stm32",
192,"6c9a6a5cbe0e3e15be118d65e089eb3a","stm32",
193,"eb6ece8cfeaa9f752916b3a4255714e8",,
194,"f3c7cbcc56b940d9d8b41c2e3f3f4837",,
195,"3be8790c74044e4e1b1e8cc4ff247c1e",,
196,"3ea5c5b08a66bb8736563d94364d9026",,
197,"90397938d2e5a990b024c4a31052d421",,
198,"9cd4af7b61e70baffbc5cbaaa8a73e3f",,
199,"b14b32055d5259c39163fd96494aba17","nordic",
200,"1e33f22b471bec01038a1e4be1b43c6e",,
201,"9d4a09e61f7ff786522f7d57f4857ca2",,
202,"8d84038710e697467290abbcab43976d",,
203,"ee440d348ef3a325693d93dbfc8ebd99",,
204,"ba3b94d7560ddabfbeedf378dd3bce4e",,
205,"8aa39ef9acb9dbc40a144954a7e175b2","nordic",
206,"df225b0464b8c6d1e40f543479d58311","nordic",
207,"6c1d41bb722531b39e33999872efd50c","nordic",
208,"1721adea3f4c1a9886e9ea4ca23057ba","nordic",
209,"991a0df0e13d026cc4673f0493478058",,
210,"0ffb9990c60873a841ea6b496742fc2d",,
211,"84ab2eceeb9942026efc321cf006b5dd",,
212,"daa20f7b80714c1159c2b230ce8ae08b",,
213,"188f59d6bbbdec6bac0de0819133990c",,
214,"8562b8010e72f5cb76f7bccfb8908265",,
215,"87ee7cf82b2f0eca37755dc83330abaf","nordic",
216,"788d3a34c9bb13306b340be2073e678e","nordic",
217,"0570be69c22690cc95f414c0c34a4f34",,
218,"2071fe39a51d7785b5705810939ced15",,
219,"39fb7790f77019b2e505c935b2aeb48a",,
220,"c252ae04e405d43c4f26bade72f32bb1",,
221,"46034e76a3f255abcb1ac5ed392bc407",,
222,"55042511d2a73707eb83b8b1e9f00aee",,
223,"bdbc6788678ab4ee28037f7655d158ee",,
224,"a262e3ae35306df97e60570ae2a3af97",,
225,"65588b3f6ac13d954e4dd499cb88d314",,
226,"625a8433869f940b2ff3b47150f31693",,
227,"0a3d1bcfbf1975c6f9251d94b5d6068c",,
228,"9f00c652476bcbd1e8f24046426922ac",,
229,"d9738eced2bda75ff2d3c24aaa810161",,
230,"3f0c00d0330958d3c2d5280ddadce47d",,
231,"e2389631827494703b1dac7c81412c4a",,
232,"ecb7052e59cfdab6eaa04ad1084a4ed9",,
233,"ac3d37151cbfa7686e4079ba38db2fa2","esp",
234,"c8dcac4e19e09a2ef7c5e6c5fe87d8ff",,
235,"92f39d3f56f137f8d49dab0bcbb11ed1",,
236,"e7c6a7fa04c0c314dbba5bd1ae1b55c3","stm32",
237,"c1e9496c590b6486304bced0c5732ab3","stm32",
238,"2f338adf0e6b4c937ffc902eddca9067",,
239,"fc771a93902de35106edee9ea396705f","stm32",
240,"b8067b4ef1593a098e9d86738381bdb2",,
241,"e1efa1548cf3b708d553719d45334a8b",,
242,"b940c3be39b3860ff98c10877044293e",,
243,"68d053c3bf0fe523e0368d980fb5af32",,
244,"795e548953bc9f99ea388fa674b47e9d",,
245,"b3dd311753068f7be9a30978a01d4432",,
246,"6d5f12de52e59502c96700eb4b2a2a5f",,
247,"052d629238d8801f81bdeaa2dce8d8b1",,
248,"1f5b0318963952bf4f0e25fc952300ae","cypress",
249,"09f5fce2380d15e4aaac26fb7eb4646e","cypress",
250,"6ae670b2d9296b6bc05c1861fcb53499",,
251,"327d8534d31c0b2d28bd3c7f1f792cf3","nordic",
252,"7d13bd77ac16a1acac08223a17c3f7af",,
253,"4625478241567fb519ced7f9b56dbb24",,
254,"09b2ee1cbe2a4ef0c3348dc3f386992b",,
255,"5ce696631cf3e2d66708baf8d6a78fcb",,
256,"2694cadb5bc2eae0b617504be3c5bde8",,
257,"4eb0a48c4888e7ab232e2a10114651c7",,
258,"c16937d51222a78fddded1dbae11c25c",,
259,"15a825545494c5519fa271f822c215f8",,
260,"cafef406e10cb046ee17fb6157954dd5",,
261,"49ee09f39ce84324d9ff154afff6aea8",,
262,"9eee612337c24d8d16b7159933a547fd",,
263,"7e6c562d81033055de2ea4a20d94b09d",,
264,"737f400e447b00f846e7390a845b679b",,
265,"c9bbeafb8dc6aad5a5c9a62100b0be9c",,
266,"dabb570ed3891768b864b5c255f02c85",,
267,"eed03143bd7462531b2d402bf5ccfcf4",,
268,"0e523557950fa206adf40c34a321d55a",,
269,"17def86e8dff61ce4fd97fd09b569133",,
270,"a591594aada982bed2750a5bf3e6e4d3",,
271,"083692b1f4f2a101361b0308986c69d3",,
272,"f6aafbd271b1f30fce980ee93aef1048",,
273,"05ce21fe66f3f7cd43fe997795aa576e",,
274,"95ddbae203fba6b0ed7afa2d7a616ade","nordic",
275,"c737b63d301551cb72b5a6db23a927b6",,
276,"4bfe2fa83171862ab64b45ee8698c582",,
277,"11141d264fc0ebb6a54792716c49225e",,
278,"db90eb3589368f3f61eced9ddd8f96e4",,
279,"f39863531aca26f24d2c8825b21bae66",,
280,"6ec6f4a7c346fc2ea8e479284c92286c",,
281,"46a0997f5db3db6189866cda407223b1",,
4143,"b3abfb6a1eae675855b6e0e6a38741dd",,
282,"b51f33863d1b17d4d816ebb93191d0ef",,
283,"9ad1426bd2f2b57e4060bd89438f385a",,
284,"52618929d5e8800afbeeb39b7a47a4a2",,
285,"05b8666bdd773cf9b1beb3b8c6d08709",,
286,"12179d0e843be07897e5bc44d096cf52",,
287,"d2ed9bf62592739f7b21f6a674dc9333",,
288,"c63e8667fdee3869df2c40f06b85c92a",,
289,"07d68e89328098c5c40c543c2516d2d2",,
290,"39334c2784a2515449cdf4d3c6491628",,
291,"947006de19217a5e25a62e8448af9e20",,
292,"d0dab5712e30a90ef2a99b858770ae53",,
293,"a5066b8887b1a0868c979da7752851e5",,
294,"2bf3de3661248d4db6ced7dc4c0dc2fe",,
295,"354c1cc78c0260a43c16c722a901d6d0",,
296,"a490edd90662cb3b950bac7cab471bd3",,
297,"ea1b020d1c3cf0ff1bd42a37de2a2d85",,
298,"5fa88d49781ef5c405a8772c82364e4a","nordic",
299,"7a90462b8ff8bf8f35b4d70198e9ff6b",,
300,"773ea509d0b13f6e89b82c1428e44eae",,
301,"fd280673665ae3ba8ab84e60d7f51c8d",,
302,"c8542524d882bb8ab35a161bb131411a",,
303,"ae7cb00c75fc23a93473969bc624428f",,
304,"bf473ba0d3d21986e82c421e59c13458",,
305,"91b7415d3fda6f252f4ddfc9d014f2b5",,
306,"9abecf99baee54d36cdc788e7d98d213",,
307,"551ab6d0355b5945fa4ae7163947fb4a",,
308,"ed417ee6835324236e650344f3442c5e",,
309,"0dafd115792cb1cc18b77b779838fcbe",,
310,"6e0e45f539d24c5d240ea7dff6e80d54",,
311,"8e946952629ebf5fd6cfa4c1789154c5",,
312,"a36b613b0bf9cdccaf1520ba74d9d508",,
313,"583ee0fba39ba4a0bafe06a5c24b3fe1",,
314,"d8e1e3e52be6911dd318357f5cdf9882",,
315,"cc90550f0d96b90423cc9a6ce08664ef",,
316,"ac42d836036a0f62f4b48520d0a93db3",,
317,"5d47d71a33edf850473d1f02554975f2",,
318,"c11e0a0a0372a485f7448cad7701b805",,
319,"36f11730f3bf657e95fd431eb2fda436",,
320,"59330623cf3969bd7d57b85ef4e71d7a",,
321,"626216fbe6b74911779111b2c4c37a12",,
322,"fe7ad9a1d12797b1424a3479ab2a60aa",,
323,"71f578567fb30ad97f87ea48400aff3d",,
324,"b5ab1f53b2dbb9dbf7aca258aca50e14",,
325,"4ce038267c107bbe697279684b65707a",,
326,"70f65f23c0cf7bb067d551d592065013",,
327,"f0e4c0700aac98d2e5275bcdc14c0b53",,
328,"a6e3e967ad7de0efe0dd224eaf237bf3",,
329,"57c42a3588b4a022c37a9edb2c5273e1",,
330,"77a67e6b8b719b8b65a393bcce016de7",,
331,"24cfaa8733681808b0e696299753e317",,
332,"0c487ff583dfe967e5511381d22a06bc",,
333,"a9efafa32a9c8e96c8158a669c69c5d0",,
334,"47bc226aef036207dbca84372259395c",,
335,"d7a6ecb6513b7b37ed15bd6b845cc10a",,
336,"4502871bc9e019ae2c8afc15874706f8",,
337,"4ac919eeb7c22e66c16283fd49636791",,
338,"2cbe4d19257d4b7dfe20c8ab1df73411",,
339,"e890f3894f969aa5bb4ad3e33669ffb2",,
340,"70f96b3d51ceab5c43e945c9e05e9a12","stm32",
341,"06b6f9f34eb1da01cf9c6811c811e716",,
342,"8c0bba18aa619291462393119d8eb6cc",,
343,"29905e77f4deb57d5b4f0d03e8395379",,
344,"efc37cbad6b785e2abc5f2fe491dcf2e",,
345,"6c4fc75e4c5f6751ed7d7a0c8f072a99",,
346,"4c45bb4a942734c16e26a124269e5b8e",,
347,"5f9bd0106e42bce881964c966cbfc2d8",,
348,"ca1a7ee2432392ef00d7552c76514942",,
349,"090cf5e408126faca22cf0cb67f59fba",,
350,"498e262474d07dae37ecaa0e7715d58f",,
351,"69dd750d7418c54a379ef95d653df315",,
352,"35ef6549c965747e23b6f42b4c8088c8",,
353,"e1b7c676df62d205ef4f37744da9bd19",,
354,"0ff312fa8856e1d92ac0f3a5341938e6",,
355,"62bfc61e9fd8a57d3bfb356764e04a92",,
356,"28a3006587ae7e2540e90b5df083612b",,
357,"5089fcf65f76ceeeb666bff0cb60011d",,
358,"d6c0a0ce4e000e49d06a5bc4a4165660",,
359,"3c67a1df9f39d334b43aa3e761eb9927",,
360,"9abf344bb8372a56bc9a0061eda9d6e2",,
361,"c15fbfdd29e141caed59cccba0ca161e",,
362,"3923b5329a0100ba1e4aade16fd8bdd8",,
363,"f0e2bdd2845ca463ef3aac228e944c0c","stm32",
364,"929b33d6d5b509d4de4beda388730cd7","nordic",
365,"7362473b1fa909c8575040a6972c8fb4","nordic",
366,"35d782df445a1480fbf2afb92479ae1d","nordic",
367,"0d666d33dd582464ba0ab3970b01718e","nordic",
368,"9346b3603651589c3b900f39cd0f35c4","nordic",
369,"7742980017d90109674bdccc011c1f5d","nordic",
370,"bde98c239da1177ca97cabc13f865f43","nordic",
371,"7de162b6113936726c57979f7e34d9fc","nordic",
372,"606b14e144b426ee4116ab874e9d9b80","nordic",
373,"e65ef1e6bbd944b640646807419d9caf","nordic",
374,"2fc145b5eae35b6be1cda4321cf67bb9","cypress",
375,"e6edc017fe84bb8e84c7784ff4ad2451","cypress",
376,"987eb87f7cb5620500fa4c7bbc34462e",,
377,"ffe255d4fad1d4facf515f8db0182cea","nordic",
378,"dbe57b8d102fd50abfeb513c122edd8a",,
379,"e1ada524e26bb8de56276952da23f581",,
380,"a03966f1a045dfbea1c4ea4048226426",,
381,"d2a4b30bdc82bc099745c9fa538f53c0",,
382,"58ea3fbe2fc501b10abe66895fc65d06",,
383,"b8911d4eb63b84d48c8e9bea4d3e3ba9",,
384,"85d7b85aeffe26b34ab76907489a04d1",,
385,"0f4b4e13952c1b1fd145438627362d00",,
386,"a5831a6ae79fb6af3f69cf01200fdc4f",,
387,"aeed1c0a5bf0f3f010e53a11077d13b9",,
388,"417162e9f261101e490fb787f8902add",,
389,"5855de9f9cf9cdcef1db4f48f978e134",,
390,"b74ac41d76f8de58295b13cccac7ea41",,
391,"a116600bbc9c132b29ae6714452c6c98",,
392,"3b346335d18952529c736aff97ae3771",,
393,"9231d3d25680c63d1d9971288330a95a",,
394,"a8d8d9ac3f57bf4085b505f43720dcb3",,
395,"b1ba6c043ef58a393df8b66b077f706e",,
396,"72e082de9e18ca4640cdeb248907decb",,
397,"69fd9df859b921c229b7a4bf11fbba64",,
398,"ff5a027cd37b4b1cb74c55a9a8f4b837",,
399,"4a5498f6fdf0664c3d07c67d9fcea8a0",,
400,"32e47ae3771b2c4fdee7e67e0b2a080b",,
401,"2d709e092fc9c18863c952c1f63f9151",,
402,"46d758dd4aa0cc5a1bd4444eb5cedfda",,
403,"e08d3c4f0cda2d755b3c03273e5401d0",,
404,"ca89cd80f3faaea8db4ef7d7f0eaa897",,
4144,"5ae764faa430be05cc42d1678bf9cefa",,
405,"f0bb29b8994a8777a6b395ba1720a29b",,
406,"784d9662d8cba979f1984f9674233e5b",,
407,"1a37ab00e9ffc490cc34c9c3c2fe56b6",,
408,"a91e402d8e4b0f3cd497ac6765776a8a",,
409,"0d64489d922d8443d6a689b82a3081bf",,
410,"c1e64b0ad40983250dd991fa645a2a96",,
411,"da4188768347dabc2ab9ee34f4536d90",,
412,"dc3506865ef3caa396b203de7ca70800",,
413,"54169a7e64a4364b23a3ae0ec2ac5474",,
414,"4d2e70aa6527d94ccb7a3a4e4f378a76",,
415,"088c691f2ed0646eac4eef386c4f68da",,
416,"029b1a0bd53561aa40d55749a0fbb084",,
417,"c3275bbc5d65e5e3c4a175bdd633e9b4",,
418,"ab27cfd42c2fe97bae4a56a6638274cc",,
419,"fcac092feca00d127e0e319179b0a527",,
420,"02d7f12fcd305f3d803b20c6ce74b1f4",,
421,"5c4570a3810394a9417168aa9b091fd9",,
422,"77b394d63b17d650e217317fab39abc7",,
423,"72da1b0e882df95af7db35ec48c4c210",,
424,"958e01464f1d0d79ee928248f9baf03d",,
425,"73958681c332533b50847cf1b59d55ce",,
426,"6c5a19dbf6ae175cae4498f3c72626e6",,
427,"c407426f6f625d616e757280d998b10d",,
428,"c6ffe25e4a57bc532fd7100b22626009",,
429,"2f6ba49d2b086e0355483ca7342d2553",,
430,"0fb74436cac5126154390c34642f9e48",,
431,"a1b79bc15e17a846e4eb27c06f8c9aee",,
432,"c647888adcf06d41f829fe38c8f53b07",,
433,"4d7cd911505036e8e4b7c93af67d9784",,
434,"ac0a66a1c56338ebddc7eec8e9e35d63",,
435,"02992fd961280580f932e81a24d67b4e",,
436,"c00e4d4847b87834a4a49f56786ed709",,
437,"1367c13220aa60952a932c48dacdb25d",,
438,"7d1ae370721ab3a5e622df44e594d262",,
439,"72e09c1803868b0aa8b364e385172658",,
440,"d08cedd493a35faf63d8f8be9b2f5a83",,
441,"3ea2f7a1935982d29a7f590c40140411",,
442,"293f2be6be338d4a08b1ef418002fbde",,
443,"00120afc1af28fcb7f450cc674531ca3","ti",
444,"bbe8456a8da15be066632f5e4332ce02",,
445,"8b1958712536dcfd3fbca294ad4781f9",,
446,"836ca4cec8727f2f13e03df0685d29dc",,
447,"d142a1de3665ce59f15c7c54575514ab",,
448,"77188df3b3c8cf8644f7681b3f608ff2",,
449,"5317f8a01e3fb3e052ed7809aac99d6a",,
450,"7853a620b352af549d7e63952cc39e0c",,
451,"007e2e08e54118463abf43962e11b7bc",,
452,"14c8ba8c3d7a342b1affe9bc87036db0",,
453,"7ba220b2c835b7f99763d2415571425f",,
454,"ba49ef34e810a8c86c7bb994048df5e4",,
455,"661f1e2ef7e54208f3e7a3f8a00ad3df",,
456,"5f34e13715c960fd2fb658fc8489f5a4","nordic",
457,"668c2adbe17f0247d26b18ee822ac3d2","nordic",
458,"5c6022a2e1fd513d4d622f58c32193f9",,
459,"eb29371fe486faa170d6695f1bd654b1",,
460,"def830ee4fb28b44bf99afb22cecebd9",,
461,"edc10b81142210682af42ffc23153d8f",,
462,"b447369b0d4b2cbee82733a9f311a1b6",,
463,"47c53ac46d6df3067abd504d0258f590",,
464,"8461459f8e8c8c74b0181c6f6582a891",,
465,"9686f9ba65c03fe20a42cf73a17e2af4",,
466,"146224e39ed420e8477d264c5aef1f08",,
467,"ef628613c57d5debf42d4c06cfc9c145",,
468,"e7ba3dcf8b293244d203cab2a9bfc31a",,
469,"9d157ff082b534846a8fc517183cbba9",,
470,"3695efe14c68387a201acc8d1be45039",,
471,"2a84534b369b3bfbf7396523b5970fb9",,
472,"5e5d3a3dcf5c605e1da267ab93f66214",,
473,"55e85d2db813fa8867a9177d90fcc611",,
474,"af3bb9ae218b013d9417d27d9b7bac45",,
475,"9db53e6f3ed9e360b8c58e6a40e23296",,
476,"57ed614a9d930f23927d5bd9085dcba0",,
477,"c7ddfaa7417ddf9fde2a5a282ea47d31",,
478,"d4397dc7dbf0ff21082a9600d2877945",,
479,"8490dae3ebd94cc9fccfb8bb32b06e36",,
480,"e8ced20f1129ffe1729ad89e8ced9ef3",,
481,"fe3a739f3ea64443a3eae65d8f038c00","nordic",
482,"e1a3b68e58008b72b976d6d29795ebd6",,
483,"ee8aaf73f22530b1e46fd824128c64d5",,
484,"a8a553be79665ac23063d037c705b3d3",,
485,"08d201f202b2e342b466547f1f64de18",,
486,"81f9fc38d4d030f651bb8efb6ce23135",,
487,"81929050a0d1210c5ff086a04af96965","nordic",
2361,"f853692a7896e61a45eacd3e4f98333a","nordic",
488,"0095e3b2e038bb2aac45c6710e5f90e0","nordic",
489,"22c8027a92fa7e000fc22874bf6233aa",,
490,"0a7c053090e8466ca579dfb14db59c5f",,
491,"378e24d133aba447bb903b116e6f7edf","nordic",
492,"05a4fe60fa7ebbac311324db86abed8e",,
493,"579e21f020e60ca431938750552aff0f",,
494,"872da22778b539224348237a761d14cb",,
495,"3c1ad1f7e9034defff14ad3b937cdba7",,
496,"db7e4b4e4241eba2fea344a445f3b131",,
497,"6cdb2b40fe0a9e250d1e60c50cad7c8f",,
498,"1923c2b1185b0f9fba81ddf9eeaad7a5","nordic",
499,"2c0fcdc43f545ca0bbc9a32119c4a1e0",,
500,"bd958ef78102f83ac9ae1bb78f1a9bc2",,
501,"e2041f35d9c13c15561aeff161633a77",,
502,"d6b3837fcdd2e93e7a30a2c811f05214",,
503,"fc7822a2cb71cd84c94d995a99ad8f31",,
504,"b18e35cf3b92a7d83e25f340c8b16714","nordic",
505,"b99623b74d273bdda0db87f246be4c75","nordic",
506,"424373b2d59418dee629fc4c27d2f4f2","nordic",
507,"58af11313c872107f2baa8329ef6d42e","nordic",
508,"d419e97a7a376171200c64aa86af5f46","nordic",
509,"811b4e097a94270b1277f66342cd5eb3","nordic",
510,"6f175535f4674b3e78614acb47909c60",,
511,"d8eb9924e5d3d9d17c92300ffd165946",,
512,"0296c3ed65e7796445647fa0127730c4",,
513,"db98a6b1288efcb2d4ca4278871703ee","nordic",
514,"110cb5afb8763cce636b6cd321431b56",,
515,"9fd6f3a71e690d39fe9b0639a9126c63","nordic",
516,"83869f816eaaea807d2a9c2db603d4a1","nordic",
517,"8458de7bb425a980de1f953c0b8da71a","nordic",
518,"b0b61255b873b10324df279506992976","nordic",
519,"598a14c777a142fbb6ba89e7e7c1b68c",,
520,"5630e1254cef5a3550946e56ac2c2716",,
521,"41b1174840f9a9af369b052d61f8cb46",,
522,"5bb8f2099770cca3b46b25e6d3e2068e",,
523,"3cf94c23afb4c817ff264ee2e278ffcb",,
524,"56d6c5d94b41bc74d300e3fb77597fbf","nordic",
525,"f1da2fad4b65767dd0bf808d409523a4","nordic",
526,"60a0aa59251b0fd5bb356b067f4d3761","nordic",
527,"0650e91e0008dd98a0929610a1d4657b","nordic",
528,"a70eeab0da465532f7f1d63c6146a6fe",,
529,"961a3f6ce9065c4bb01407902381b340",,
530,"3b6a43d1de6d9d9a15eedcebe9fb2116",,
531,"1bfe478b4aa250898ae7024da5c54662",,
532,"497e155aa3c05256dc21d006ee297b44",,
533,"91a867a059e52041e0739b80be19dfb5",,
534,"94ade430264775a8ec7a966c8b7a3ce8",,
535,"b400edabf8826b1ea54263f1a2b8c6e1",,
536,"b4e87edebf995e3179b711ad9e685fd6",,
537,"50126836811d62401d055ff1d6b6b3e2",,
538,"98be56cd7baccad7c1266826ec5c4b7b",,
539,"d830a5299d2e320461062107d4fdf63c",,
540,"40b19363adcc6ad97e4614ad1a143e7a",,
4148,"fc1ffa13c6aae247aa598e01d0e3440b",,
541,"c81a478cf8860156a2318ca76a292917","stm32",
542,"261657a9d635090c22180d6ce0378cd4",,
543,"7f2a3c4abec57b6bebfaefa49e55bff9",,
544,"e79e9379bd27902453dc7492983d45bc",,
545,"5e465a75b2b1175a70eb1a95394d092d",,
546,"63568dabb080dc5399412ec38c81245f",,
547,"e250a63283492a49d09cd5fdacf3a779",,
548,"d79a6910606e4247eaee68137b3e3260",,
549,"9418d4bcae7f51a08eeba4eb43c130dd",,
550,"bc5446550e44608e1d7bfedf2a430339",,
551,"9dbc0c47a876003206d02653a26cce5b",,
552,"01977937a45edce1b0d740e98ee60ef7",,
553,"811f1be808f1c5075ddef90501d619ef",,
554,"8cefd4f279a52b256dbcea612bcf2cf3",,
555,"dd79c8605206493c1f19703a87f90cb9",,
556,"2e7dbcf30e4f16675bb1b66b38ce32c8",,
557,"009cdb24cb74561bd81dd83627923e7a",,
558,"3efcddcaffff211c0a9d5ef3553872cb",,
559,"a9171e48636e4344280b40bcc313b2af",,
560,"e1cf37984bb3cee74ca67dafce5942b6",,
561,"740bd468a065f6039772da585b4dac9b",,
562,"0210c68fa937e53350e1144a8d42f77c",,
563,"b123fdc9310bf347894a18f7b25f1ce7",,
564,"46d9a3d8664492dc6d1dd1ee37cc09e4",,
565,"15d658b086ac4edfff60b95c375caf48",,
566,"fb248d06b79949d52c6235a47de9eb82","nordic",
567,"6c44f638ec0a3d49413a3223584c5cce","nordic",
568,"c603524ffa72151e0ab20335431e962a","nordic",
569,"eb9f32fb28254a393fd58f7395bb7342","nordic",
570,"e18f35c5a063b649efe624dfeb486731","nordic",
571,"07067387e34c9dac58c237ec06e858a0","nordic",
572,"8cac9ac18be3723cc36310685a737d40","nordic",
573,"9f802eceb182fe38314080ca8ebf912b","nordic",
574,"25bc7273ce060fc2e2f15fff7498dfc0","nordic",
575,"e096802ab2e45a65d118efbd59144626","nordic",
576,"c0f8afab94137e9c5aef01af595cae7f","nordic",
577,"d65379311aa30a3b035ecc25ae6c58ed","nordic",
578,"992e6e65ef47635ce25ca434dc176965","nordic",
579,"82d0c1573b530a01e6b3a4a2f7aeaea9","nordic",
580,"5254d8735b2f15d2586acf5a2ca10d3c","nordic",
581,"0868f647af6e585d3e926a1b27c19d08",,
582,"c345585a5f195a138512147e904dfd63","nordic",
583,"8b3fdbd8f9a7b357d4d8d1755de18c6e","nordic",
584,"c31ee2a651a4535d31a27262e654ac09","nordic",
585,"601ba59cbf0257e2f9084bb17b1e4e08","nordic",
586,"10e9a5a60f8f56cda22e4799df955faf","nordic",
587,"013a07e3c669228ac8b55e573362186e","nordic",
588,"0e73b66b059dc127fbb7f1d042318b6b","nordic",
589,"c26b5dad872a99b09ab40de7737c6bc7","nordic",
590,"72ac8dfd7370c3ba59c8b8f18ce5de5e","nordic",
591,"d4eebceb4f3c51a2939dda2613638158","nordic",
592,"674224383286337c0c703fcd19bd0a05","nordic",
593,"903485ae1b14b29bb2448324c5d735de",,
594,"e7ee66af14627ca823bdf656705d6b84","nordic",
595,"4463b66ccfd7cc6a5ef853494384a9e9","nordic",
596,"ef8eef013abf7a77d1332466ac3b8b57","nordic",
597,"499db70ac4a8569b839e20087da487e5","nordic",
598,"e74cafb241a8f7ee97bbc55a68c6e7e2","nordic",
599,"c64f642eaab92e7ca5f2739dd0940c00","nordic",
600,"38d99010816f3647777266b2c8697f25","nordic",
601,"62e2c56673fa5c1af6610625c77701e7","nordic",
602,"a8eab763a102bce83f3ddccaf4a96390","nordic",
603,"eebb4e4405ee1d8d8435f44a46a55f36","nordic",
604,"c84fd9025557d9e138821ce7845bbf35","nordic",
605,"7c623f9f01626ac2f7fe9f8890cbc03e","nordic",
606,"09a9b65394a20c92c46720389bdd11d4","nordic",
607,"d77aaf3c76db146de1bf971f3383038c","nordic",
608,"28bb37bc90812e2661309a0fb65d8725","nordic",
609,"b41469d3b9975c32885fe1c39c808424","nordic",
610,"256882cc6a1f40dcb7a56d8fdc624723","nordic",
611,"691da7581dcd56976e9bdeabefbb218c","nordic",
612,"ffc32f32e9b4bf502f85b7e99ce759e7","nordic",
613,"6d601c8f51939bdb86f9850aaadd1288","nordic",
614,"4c4db7fc97aadf279d5a7064b1c79334","nordic",
615,"45a2444af6b5737d2b6d19229620f0a7","nordic",
616,"202fb9b4fe71e34a1d2f40d3d6031c4b","nordic",
617,"4aa39f216735737d6c65b3188d3599dc","nordic",
618,"961bca0e6cafe339a79d0bbdcc31fb2a","nordic",
619,"2818d4241f4330f6b97c407aa9ea5de6","nordic",
620,"1a7855a5240d408a871184928d585dbb","nordic",
621,"ce719875fc671162dcf2d7899de46e5f","nordic",
622,"7a3939db03877c9afe60eeead71ebc4c","nordic",
623,"5d2427ed678a81062aa8105f912dd977","nordic",
624,"602f9c3fe6c56799f06281aea0d86c5f","nordic",
625,"67f61c47cbdfa83eb221d61d7acf8a42","nordic",
626,"50529527433bddf55932ef778170ae79","nordic",
627,"557015738c321f47716dd510a7b14439","nordic",
628,"fdc587fcf9663f7b700c1b4247a6d24e","nordic",
629,"8c1696b1f8ee1cbc8900bb354b6b083e","nordic",
630,"19c13d3d1277a2fe8d1332ba79f0fc3d","nordic",
631,"4add787cf7fba7452328eed24a858942","nordic",
632,"a4f89632e0630b2bac54eb03f631df3d","nordic",
633,"c4e49a2a93933d200755c73f70c117cb",,
634,"96bc094befc22c08dc48a263917f54b6",,
635,"08d0dbd080010c4703f6153b4250a0ad",,
636,"e1880574d3398d4dd556fc65cf7f809c",,
637,"e585be25ddd1f33fe71054a889b2b9e2",,
638,"4b440186f1b2ba5fb01c6655d9d4d681",,
639,"9abf8bf73ff3c3b5a2a47d33a3613880","nordic",
640,"0f6ac126e24e7205f6bdfcb6a57d8b6d","nordic",
641,"8748cc4692052c1c7f1ff7f6aa9d20d3","nordic",
642,"f349114d298f7ba26648b5047b39e0bc","nordic",
643,"3880bd620ba432b0270df453df6be218","nordic",
644,"f5d861624dd9f55790b47785b0cd604e","nordic",
645,"67f44fd9a0aa6f9cddca66b68296ecd2","nordic",
646,"0abe75dd1d8062e919b4766d01d8e755","nordic",
647,"552792a9ebd5678e51af0d29a6e7b075","nordic",
648,"47e263ec80278fedb1227c1d32d1b5af","nordic",
649,"9fc4110b5fb5af12c1cf029239a2f798","nordic",
650,"2ea9a60f62626be93d102116f36784f7","nordic",
651,"a78fa01950b853c9eb874e2400c27d35",,
652,"346e4799307e92d64407b3137bc5c53a",,
653,"258a77b9bcd058e8c6d77decbd88144b",,
654,"2de0fe810a8a60840e0ba6535419da2c",,
655,"760ac1e6c19a8269d512b72fae00e633",,
656,"da86413bb04f4c690713bb9dddc131b8",,
657,"b3bdb4a630772ba45b5ac06cf9b5d24a",,
658,"a8ed1f514f0f5f5ee8ef37bd3250f22f",,
659,"6fcf8a43decf5c0e4aeec3b55b7ef908",,
660,"1cc6090a90bafefcd8c30a041b95627a",,
661,"d629cd2174183a0dda10b2574e9bccff",,
662,"29ff69e888b25b78218e5cbcad73392d",,
663,"07fa457233096d4a897ebc824970d2d9",,
664,"0392e55a83ecc39a1a76f935e45cc42e",,
665,"db8f3ec98e379041ca69feae96095231",,
666,"c74fca14697066bd1417aeea6e1d9617",,
667,"e395d06c1a41fdd94e4640a884f11a5f",,
668,"2c45c8dd6cf320d873ce5649baad62bc",,
669,"6ffe44e0e3d2b3516e0b30970ced2b2b",,
849,"4d3c43c98f7f730ca3aa128d33264b50",,
670,"e62e7da6629fa397aa2d57bbded91001",,
671,"b6d12200793cf379c41a84716acd94f1",,
672,"beacaa92c77f4a38d61c5be6c8b5ddcc",,
673,"e749d0d1676544de6e1fd98ff196038c",,
674,"5003b1ae5586852d931337d06fa0612d",,
675,"b74014410f242b48dc47d7cf3a764a4c",,
676,"561af4bd6ce39f5a4215fb10f9f8d71e","stm32",
677,"d3955e92bd9cfe0b28cc95a5476594da",,
678,"be4f9e2237db7a2e7d64be88c899537e",,
679,"ea86ae9e0aeef9bacdfacc28cbabaf1e",,
680,"ba5aae6f75dcdd0fbec6440448d44004",,
681,"8b331a725580ba70fa918dc7843d5a8d",,
682,"f2eba9a0d1aaed168c5a00e10a40e971",,
683,"901a891b4c0d949f21f5121708242dd8",,
684,"c095a9d966c933ab067af54a21c35ae4",,
685,"a4f318df85b20f097c727ad62ccdc507",,
686,"a069b5e69e3c8ccc7c6f206d9acb51a0",,
687,"3f16e5d366d75ada401382d0483c4ce3",,
688,"f42bc39b09e791db1f79dc9738022fa9",,
689,"643eb25932e6ac41febf96b91dc6abcd",,
690,"81a7acf6d924ada690ca855b04421d2e","nordic",
691,"0e1d7ba48281c8905593e2a9435422d4",,
692,"582a127b0d71bf1a395093c0fc4dc618",,
693,"147ac399587404b2d18173eb9ecd2fa5",,
694,"4e050baa9b3946921adf219aecdcd65c","stm32",
695,"07f9666311d89fd84802579b5d2eb395","nordic",
696,"c0190d061994a54913d62e80baea6c25","nordic",
697,"bad1f9d147f61127c1c7a3a67cd8e83d","nordic",
698,"0d82a5fae246f912bc973254b42f0b4a","nordic",
699,"5e4f168f1094ff276b3cf4ad6c7309d5","nordic",
700,"dcd52a43b04208c92426c68f8e605345","nordic",
701,"6aa4189719379b95b582ec7f475dbf47","nordic",
702,"f34298cb8241cd11bc2d2d8eb2ba80aa",,
703,"da46f31c430d0683a8a375a4880713b0",,
704,"fc3df5ec230cf7be792fdc5d0ab9523e",,
705,"fba76b1c42b74ddc0e723d0053603aa5",,
706,"41ebd18f7afcc74b2ce5ff72b2068566",,
707,"e69cfe5128b457c559f0a5743b7704a8",,
708,"80c1db02287f8b718741a6950be447d0",,
709,"dee208c734475780eb930bac36cf9989",,
710,"7a9bb692a3e722488a7cb35c3dd6f6d2",,
711,"407abf2b7a37b0ccc396af34cea6e1c3",,
712,"7a468698e5e5bfa135ab8f86af9664cc","nordic",
713,"68939f106544e927b74a2345ae8aa05c",,
714,"4dd51b24b200fcc3fbb09dfbfb71493e",,
715,"33626f87809c44ffb4659251d5f53a2c",,
716,"ca4cd126aacc57349f0b63760f057e44",,
717,"6a2c82cadab022b3d84c8e03e0785353",,
718,"eb1293ed06f5e8271b79a7a3433ab85a",,
719,"dc66897377300894b2fc2c8043db9c7a",,
720,"cb9cbf6b1428f0adb9f90ec885993ff8",,
3261,"5ac6dca6b0a8cb83c6f4a75d2e9a26a5",,
721,"806660cf72b6befe6264a8304932e3fa",,
722,"e8b253b636635ee3860bd347581a5ff2",,
723,"7a3e1c36d479a618e979b82a25cf8f21",,
724,"c4c704394706b9e5f38e951c42f09963",,
725,"4ab16579a3fc5eed1ce7e8f00244a0c1",,
726,"5fadcb75162465d5f39e56963418cf14",,
727,"ade249c767a1367854ee98c6fafdb6fc",,
728,"90666af3cdc562d6ef5b1d0c198e089c",,
729,"3382fd2cc7a1d72d2226bfc79204a103",,
730,"913b76e4199202fa8dd473a849ce6429",,
731,"37bf2bf265cace74b5415b9f4ca87867",,
732,"c02a81b1d260893e21db256516db8109",,
733,"d031f44615e5a8a607e142294d5b8313",,
734,"2b0617089471452d893fb0f3a3b21410",,
735,"fdd20b4473c4539b9fc9bff5c215070f",,
736,"41eea1f12834db6927f11b749f103f77",,
737,"679baaea5c3d50e6885461b125967ccd",,
738,"6ae76747f6b90eb7666916afed898934",,
739,"bed911e607bb31e2886951897c28710f",,
740,"d6f6f360c17fe90f0eb02890ea9195b4",,
741,"ca048ce71ada8ce8792f0e2b7b2521fc",,
742,"1aa98557ac8352dedb5fc88e4fa0db3c",,
743,"37d6807431bdc0d1a7040f649e9f2552",,
744,"5b4cc88949ed64761bef1ed28cdf9a91",,
850,"0704247127f9a60a607a65ca956dc107",,
745,"f7c5099a98944d9eb5f0b9450b293296",,
746,"defc63189019074c3404e159ee652dc5",,
747,"1b932c35eed16c7171d1a6d478435ace",,
748,"6c981670ef68f07625a89bb6388a18bf",,
749,"1800b8ab3d57759879d427f074a6f93c",,
750,"7a827e232a51e3fb21b861311b11df9e",,
751,"be9614f2a5be0c3a85d4fa33a54d7493",,
752,"c5c0d80da5cda4e603f01bce4c3dc28c",,
753,"a4ef48fbef1642d703d9517d79d40032",,
754,"9b76db6dbb6dbfb906dd51622fab500f",,
755,"34b4467e15576908d7e01d4440bd6333",,
756,"327dee7ced4877746e3bcffd36dc2b79","nordic",
757,"f536466ace193196cba00266fd653cef",,
758,"22c3f515e4e0f27b73b0997c614c7b81",,
759,"5d64791d54b0b68e4f0f027b1ce32f35",,
760,"13f1840f42d0a77d04975574bf4dddf8","cypress",
761,"71b43afa1d9e129e2c3e804d7eca1747",,
762,"17cfe3b44f4cdcc3c5318172b2492ce3",,
763,"03c15bfa7172a9fe843f8434fb152ed0",,
764,"e375898b6f8e2c89064cab3916508c01",,
765,"c1fb9e4627b52694b1444a6d760d552c",,
766,"5f1fca8739719e59738217c8031afc26",,
767,"bf9144c663b69d9f4d984d085ec3a5b9",,
768,"99c547647a4f4529da4e95468a97bf8d",,
769,"e4b458e4d4f15429207818a3dd6851b3",,
770,"2f11fe18d1c608f3723ef7bd74c6e874","dialog",
771,"db37e95c22bfc788545d4b3d94005c1e",,
772,"922fc941e075a36471c3a0ccb7a2bbb3",,
773,"3bde3b6057fe03408cc7618040577b4f",,
774,"d4e0bc3c74ac3af048ec7f5480f6bfb1",,
775,"31fbcd8482ee48834d55289dacd5ec48",,
776,"4a7bdcf2b947136edf76e4eec4119a81",,
777,"5aa2372f3ef4a3a03351c26132fee0a2",,
778,"aa146d9e4d43153bc8d388de2e361d03",,
779,"f3f885b4c1c13e17d0dfdb9bcf7a9c10",,
780,"1f52eeee9e4b29675dc22f25eb09a855",,
781,"8e23b15579b7310dfa832730bbe0ee50",,
782,"cb7db0e9d54183baf7cc9636cc3b8c36",,
783,"a15cce268c604398a088f9ee13690fc7",,
784,"45d83472b204e3e933d7ffa9fa48f83b",,
785,"d54cf59c8d8a15da4232bf42bcb1ab6a",,
786,"7d823691453cf29dfaf9593ea53c844b",,
787,"5da5da9544c931d4dc6e2e51fb8c2dab",,
788,"79343459163075a1f3c3a7b03317498a",,
789,"cbffde09de28966d57a30cdf757df551",,
790,"3c8676a219d78f4fbc024c66e33251d7",,
791,"45f71528593b6b78581435455b604e4c",,
792,"7788b8ad1f856b7465d81db040588dd5",,
793,"c845d8507a4f15033038b8e6c2cc9217",,
794,"ec119b7a7bd371cc40d496efe94da036",,
795,"e7ffaffba4f9fdc959ab67f6bb56c107",,
796,"007bd0fe27fe12c841cc9d14c6a3a16b",,
797,"37dc633c2a5511f4963c30c9ccd79f45",,
798,"ea8932195acabae931d342f6f1ec9952",,
799,"607420ce2a7cf5e1f28cbd791ba198d0",,
800,"1ed56b7af0462591bd7af275a9b39d9a",,
801,"8e36ca7beef794f5f2e9881db51d5f86",,
802,"5e58c54f76f7eefb6b8740d72f6b5af8",,
803,"1a23797d56bb2fb7c8206c8bec5dcf18",,
804,"8274e7c88e7d8b4dc506485ae44b6284",,
805,"ba952d8624e74386f2b04e977452a0a1",,
806,"ccd7ab4003e9e7b7f24b29e729dda315",,
807,"4a34774480af4fa142592363545900fc","ti",
808,"e3eaba7111749f8dc4b5435f54ec7946",,
809,"7034a1215fb3ae68272478d3673461a0",,
810,"974c52d7b0f80fc57ab3932975e53138",,
811,"9d0caf5d2de91060cd217c60b4d0eec1",,
812,"07b529e64d84547c254421fad84af332",,
813,"bcad577b38660935956b07cc697c4c03",,
814,"046e334eef63d632291a4cc855bb4ae5",,
815,"7d28c8b97c6994c6dafbfd2fd4a16dcd",,
816,"7529d999c4788683f41a2304dd382642",,
817,"98a3915f523da72b90d1a43008f92e22",,
818,"4ecec05b3db5fb1684b5677d65e93975",,
819,"47d42837c9b78b5ddd7118b754130367",,
820,"ccb629ef7798b16ce643c93c98def4da","stm32",
821,"dacc54abea2d850ba80f7177e297b9c0",,
822,"25811ee71c463b4d79e12aa882e394be",,
823,"e7414b628382d6062b49eaea3d7d16f4","nordic",
824,"8ae3fdc7892eb07ccd5d231e8d66d9a0","nordic",
825,"731857781250c78dddce162bd545a6f0",,
826,"e681cf9452392585347323d3f5b35f24",,
827,"c3621f24a809f7effd465ac531ca4ea6",,
828,"a2b55ebd2dde612a6754543cc57a03b8",,
829,"85b8c5f707c3f4bb3e422797bd6a3260",,
830,"201b737f81d9518e9fec0a6177c922b6",,
831,"f63965642f152e6464f35f82dea31f2f",,
832,"bb7c424956531075901ac852980a6bfc",,
833,"112f4c6ab4f726363fa5e2154d4da2b4",,
834,"3096341a421c52ed775e3927fca8a7e5",,
835,"513564a584e1e2d189ae84e18dc661b9",,
836,"abbcc0aca0805e7b8f8c8a82d58930f2",,
837,"b2459463d99b734420c33e6de11fcab6",,
838,"2818e1345f61dd1e4bfae77c9ad8aa9e",,
839,"ad9e8a7425b6cd84a445a519b885c206",,
840,"d2d642b9eac6fd469eb8b62a38eccb54",,
841,"33b17abb1fad84a428d16c29d56799b1",,
842,"cdfcb21538b411163ae258fdd6bebefa",,
843,"738237d05dfc5f6932818b250545ad4d",,
844,"40301979c744b1acd5b3cb4c268dc375",,
845,"f8de384558396750547faa8d46b12211",,
846,"96dd2725504fe9eeeae5f5d0844ec640",,
847,"be968065a8448ef9cd1076ec024ff8ff",,
848,"c04f25b6d1c9b724928ba1e38612d483",,
851,"94998864fab6fc1277e952fa8e39ce3a",,
852,"b42d7d755985659cffcf49e1f6d7edf3",,
853,"fb19ca7deac26f7d4b2885262d589ff9",,
854,"ac6e12556f24af94fa51b2d8ebc506a2",,
855,"7951a54fa4ca4a4f8750e92e2cf7d3e5",,
856,"16db13b204cca4105581ab29b0acc5ad",,
857,"0957f0d5cebb6d66f53a628c0f990721",,
858,"e9a5d1a9480055fa626b91b4677cd636",,
859,"1140784b8f82c7b755d716f9655b9a76",,
860,"5762cea20b4640b609af5c98471f08ae",,
861,"b089594918d0c84898b583c18118b294",,
862,"26a64edfaaacbadcb47ff1d591c703eb",,
863,"37cbffb4e1f9a090bd1de2ae6e545750",,
864,"2c1b836927c64dedd2040f8440ac86dd",,
865,"89605470d528028610d50a5f1d5987df",,
866,"3ca53c6d038294f399f4a9f3e9710952",,
867,"b70f6e2ad721f7efb335a86f09e61ff8",,
868,"a62173015d3b2461e79e0a757d19f606",,
869,"89d1e72390c5f0f9139f49fc2c613bd5",,
870,"87a75db7883ddb071918507fdd7f744e",,
871,"018af12d2d7953fdd2f55d88fbe29e61",,
872,"dff4ea2c14e542f9344e631277579f25",,
873,"1da8d441d02d4e186f0c1bd4464958b5",,
874,"41de71aa9e88de9fe3d972129e13621d",,
875,"c8fbdf709eab44d4f363185a7d9b4dfb",,
876,"dd2035d33b745655600871e8cfe3206d",,
877,"b19f76d82694720b85126b7ea1b0ea05",,
878,"cf6aef151b1d5a778609b9d4b8d6bad8",,
879,"6b2103a6ffc8c31dc7620310318cfdbd",,
4149,"c6cadde654a2d4ca01f489d79d9ed6c8",,
880,"b7fdc4d71abacaec19d0173c0b7f3de8",,
881,"0d671ede9f69e866e6683d1cadea704f",,
882,"a8c2eb988485fdf68921616122cc0427",,
883,"b13ccd8acc8af3d28474772266700bf2",,
884,"5cf68229fab50a1eca9ed78cd28aa552",,
885,"c9364ce3e252d561b80aaf49d79973d8",,
886,"a314b8d93a4a8e27716f8a9a1e8e7d67",,
887,"883abe299f08a6576c78788deb53cbbc",,
888,"e5d1f794caaddb7cb9a3e0ac90909dab",,
889,"20aebe2113198bbcdb14db0c8bf9971a",,
890,"9f06d4ff7d95c761ff444c030f578626",,
891,"2b2ee9e22811cd33a48a958d1237d06e",,
892,"4331fb1e28ed7fc5ed5a41d2cb9d56c5",,
893,"68992e6e97fcf88fa2c2dd751e17fdb2",,
894,"18fc4f6615a2b0e574ee786b5e934fb8",,
895,"0b0aa6586f0b486a118221880cf7d10f",,
896,"dfc692847294dd39d7f12843fa78b875",,
897,"844b9c10e095cade99c8b5e9c2b85ed8",,
898,"9a86b9006252d15d8b545a0116ac7916",,
899,"2ffe037159d869f5eb372b193413cf95",,
900,"3cd59085787adb11fb98048c497ba58e",,
901,"75e688f9e13b0b1cf8ec864ad5e6a17d",,
902,"509aa14f88a3d2620364e05b09d1c046",,
903,"ef3c48b1d5af5a6c64c28026644ee161",,
904,"331672833c61f4fd8d064b1a7c05846a",,
905,"9714c762bd3423e0cd27d620755f79d8",,
906,"920eb257ad0d1a6a411174cb9cf0fc41",,
907,"1e933e6f11c2cc652e9c4f0c5dd92b25",,
908,"14004d2862650080ef83cda392ce794c",,
4153,"2eecb61c3929d8623169c8338ca85834",,
909,"67436a67caf59039ba6a72d55a026870",,
910,"5092333ede2165441061240133d67b41",,
911,"b3fe02e785981f22c279bda1dcded5a6",,
912,"cbd7ede43e65d94e7c09b32de664af52",,
913,"99796213f7eb364c3dbe9d770b556c2c",,
914,"83697e7829d382b6689a954e6879fe2e",,
915,"acda59b638c5087d245394434bc8dd68",,
916,"258e54c985b26085399ee04ffe18d18e",,
917,"305c367b73a8d0a0c03d044266a51b4c",,
918,"8984bcff6046fbadd89fcfd6a8f124aa",,
919,"045cf40ca9f58b1774a7b793965c7c86",,
920,"5c752f9e96840c90a4fc1e8bca594d96",,
921,"d103e24ee509fec9cfcfe33139145658",,
922,"88bde0b41198fae313f0826f81e4e5cb",,
923,"259e62f137bf4e778314f1274ac546bf",,
924,"4442ddf5287b7d44e7fe2cca02fc9c5e",,
925,"bf4c742d48393482cd59f1d179d91f3f",,
926,"e2d09579cb87da093658ee6c11ea7d07",,
927,"693e5bb965bfca93bb1f85c585aa6022",,
928,"86a281a0194d393ebf455db9887297b6",,
929,"2e8f2b4d2666c3707d406ec92d10ee2b",,
930,"3175f709bdcbdc38824ec636257d5bdb",,
931,"ab3248718b9bb42647eef7e593979ce8",,
932,"bedd902c674b47fd3f93c51ca6adf22b",,
933,"d3578e6501889a5c8997a15f69926031",,
934,"1e710f5ff7f8ae1f6611869d5bbf4236",,
935,"c36fd7eb108fad5b1adb3a9fe9c7e8c1",,
936,"58ad3c342d64db269a12779000bedaaa",,
937,"6cec318c0d9b10ee5c203b503e5c6cb6",,
4155,"b84ef93c0ff306ee12b60b112698f89d",,
938,"2ee6ace049d95a418b75ceb4f1252fb4",,
939,"90a07c819821d9f547fb7339233e9fed",,
940,"a66d7262e76853a9253fb5a854064576",,
941,"af4a9c76ea8c4da9fa7a5fe63d8678de",,
942,"e9a2d223314fd536efc5a7ed0e46ad4b",,
943,"4bf1aa3bf13ee4b2e9ca7f12f0adbb83",,
944,"51e135562ecd77b9eda7e454f0e7c2d0",,
945,"9c81af5fd9864b33a0037a82a6cd5603",,
946,"06b09682015284a186b49ad6a4edc6de",,
947,"6dc9f12d20bca49737be09aa02fcd334",,
948,"abd672c4b50472ca1fabd1b48352a0eb",,
949,"9999c056afc5f9d2f2ba566ff65875ec",,
950,"77ade2598f55939590397edb1a29852d",,
951,"81905acbc55f56a3322563eb3dce9a70",,
952,"8f335b1dc4a020c1414cd887889dd36b",,
953,"a37e2df59cecdfcb81a87e4228daa4e2",,
954,"82a0a0dfcf81bfa72711981eb870ac31",,
955,"1dde98d83e364862e78b8f11fba0c399",,
956,"18a0d782e63c2a42b893c08223f2a17e",,
957,"2b61f405425d13115b2eb4bfeba0034d",,
958,"fe0b0c85d03537797dcf6ba23a9fd35b",,
959,"a5b992370d91008ec889733182af13ee",,
960,"f9d63f9f09344112af367b32a34e631d",,
961,"a10c8cebacdb0060454e2c8c72cd02f6",,
962,"44a4963ce31d06e27c56a4d3605dbe66",,
963,"8ea3b239f9ef32030f72d329f092a70c",,
964,"3856f30a0676311e333548f501403c89",,
965,"8ba13747c6d544ae0ccb898e8ccc96b6",,
966,"dd7e7a1844c29ed0bfe41ce51d19f3de",,
967,"c6136fa242370d08c5dda5d59a7b1b08",,
968,"6f9d1c8366bba9a4d14f6e6b6bd14d6a",,
969,"ac2c4a3c070a3bc8cd67d5d8a114d39f",,
970,"c243e9a045d5e3dc019b3cf82d78fc1b",,
971,"3073b2ed87a36560466a2daae1e1e555",,
972,"a61b72446ea0aa6284e61e3025a4c738",,
973,"2703c3a8239b1d99f50c77f805906f23",,
974,"2b2b12d6997bbaab195a414de8ce3dc8",,
975,"2554916170a64e1837eab9ffa8512839",,
976,"2de034993108c20bbf0a69d31b5f0692",,
977,"4533c38fed3c0fff7c53ed949fd449d1",,
978,"cc318fd77143e3bd04d1a0c7ed69fd59",,
979,"5b15c77e55907f1f76a1d409cc2aa4a7",,
980,"bfce3d96e9b1bebf30db271393182363",,
981,"0d1d0104684a23cd29eeb612dbd18b51",,
982,"7f6876c53e82550e454fd0c8a6dec60a",,
983,"0b25172b79a5f8bc328dc4f5f3036986",,
984,"794cbf6316617f26ba1f534006b52ee9",,
985,"6130071eef0eec54febecc604c299db6",,
986,"1e7cbd31ed5ca028d40150afc261c404",,
987,"666f8006706df049f72ce7d62af5a91d",,
988,"b34f623995e000b1901a314cb5525446",,
989,"24eb3d7b4361024fc94dd650f0959305",,
990,"c02f3c1dbc0d7c3385f0d86e7c830d5a",,
991,"01402620b530a4a190cddcc13dc4f441",,
992,"444ede015566f12a4ac98a2063d8b0bc",,
993,"743c77937577154c411ac36644d7fa1b",,
994,"a2d654ab8119e3e0df66f17aff5e0fe9",,
995,"955293377bc4edc62a82dab055c2c2a0",,
4156,"85a31fedb8e2879eda068760af579a39",,
996,"425e64545dffc3e950cf82c95a940ca5",,
997,"9db3c6af14cf0e3599afd7f41a411892",,
998,"a474e932b9a8f29ef040b95b17287be9",,
999,"68ad1214244565ccacd02fd4efd53e24",,
1000,"201598ae58ae57c109875c0eaa8ce94a",,
1001,"70a4d4cf47023d5293ea57a7badc44af",,
1002,"28f46c6bedae1145102453d9b26ea487",,
1003,"f129064251e14730be83c65684fe53ef",,
1004,"4add8235b8fef4c5c8296372c6362876",,
1005,"cbcb0d83969651b01f551cbb303d72d2",,
1006,"92d18a6ac522334bf93fd45d7006cee7",,
1007,"3962b2f3926b6d0b589258acfed37107",,
1008,"83bccc23cdae44e1f31710fb14538367",,
1009,"c398f11c22285d213fd5608b552d9421",,
1010,"331d48e835173c5abd6eecce6193c99d",,
1011,"611c9d6fb909389998c8f9f71ae021c2",,
1012,"a5ca9aba23a23af305b76c2e2b08dcb8",,
1013,"d4f70086056a056ce5d2bd18bbaf44a3",,
1014,"31c2699ee1adc221b0de02b6bb46f7d9",,
1015,"f409558a240d73e275967e6f81b5042c",,
1016,"e2b7c018af2627cc1853a5a7b815815d",,
1017,"0c1de8add0167e8b15460470b7027c00",,
1018,"dcdf0a5db54de13d4ed42e9d5871a69b",,
1019,"7d714eab0c1687159b2581c33a50caa8",,
1020,"6efee608516befdd33df83f1e0806e86",,
1021,"2dc22edafb1a66c2109943483ef482f6",,
1022,"3c2bd34842bacc0f531638bebfa69d9a",,
1023,"1d889181e1a7f31bf36f2e1ba7e15d6b",,
1024,"5fa5e4a15e1c3968311abb16685d470b",,
1025,"fd21ede3a659707348e41c4266553327",,
1026,"33e0408848cbe2b682fe2fb3adf3f438",,
1027,"abda166898d0f91968f44799226bc6f6",,
1028,"cb7177032044e41e29f9c57e3a434020",,
1029,"9516a78de9fbae98e6315b429958a7f9",,
1030,"b9169f2176b777353128ea1eb2083e3b",,
1031,"6f2da38a167fed646b45d4481d1286d8",,
1032,"cddd2e0083a9e4f93d2b40700b988f5b",,
1033,"0357a8b029ba39076b74b96d02a2bd25",,
1034,"11e8115d68cbfa2899536bd70ec88aeb",,
1035,"9a73ea2f0ac8c96010c1c11e4f162e6c",,
1036,"af2dab042f2f6fb80c5df5508a65f029",,
1037,"10f8596a7fdb5e43a006658bedb26c84",,
1038,"f893fa1655d018f6f2a9cb25b9759a40",,
1039,"bc3fd633857fa67d9d176d8b54ab2eb4",,
1040,"74f1fbfc6ac6be4517eebb0b756abf6b",,
1041,"9f41fb62266a55a5df80b92407885929",,
1042,"dcec6c7370aae11626d55e188bcb8b33",,
1043,"2586f5172399df4d5aaa921622ca2e45",,
1044,"0a3a1d77ef1ff6162d27d3f34b810bb9",,
1045,"b808904716ec54d3ab2281723ecc772b","nordic",
1046,"71186c7fd68eb622b8678ba7d758371f","nordic",
1047,"0cd7b27d0976ea07fcd8fd41fd917a99","nordic",
1048,"78ca7eeac169b91f0fde467b04d7cb5e","nordic",
1049,"d7f3ef933ebc74e7bc2890274f7aed82",,
1050,"1a3b64d917042f7f94b37b91a2c45058",,
1051,"6b3ac32719dfb45ad8c1ea36bdd8c02e","stm32",
2362,"bdf28029e59ddc0785451ef9f4098247","nordic",
1052,"b2bc7c5a244a23e26e3a1538f12ba823","stm32",
1053,"3a9184a91de53e72573941dee13ace3c",,
1054,"68d6987580d6d731aa25c0f48e71758b",,
1055,"734e5883b1986595c713ea7537bc0b4f",,
1056,"2bb1090c2019fbd85a4406ecb2823173",,
1057,"f54e357ffe8c74d6222f45482db5542f",,
1058,"55eeeee688dda2534488d4bbd47d9e67",,
1059,"23ff69062f245ae3fa76cf3f26b61fc3","realtek",
1060,"fd67c294eebfd59b396eed1769cf87fc",,
1061,"73abee0704bdb09ca3166000603c9fc8",,
1062,"93c89d1b686c6d2cf895aac517eb4b3d",,
1063,"c5effc1c48d4171dcd03d4ccf417fce6",,
1064,"c2444e804fff32191db3fad7cd6d108b",,
1065,"634c1b694ad93c2e705850ebba40cff2",,
1066,"6b66745be043fbe33eaa6635ce220688",,
1067,"45e000fe62c5b9c18de83338bb5ab686",,
1068,"7aeab37a005a49110946374e6b189984",,
1069,"e3e6e483f0f4040bf584660322fffe09",,
1070,"53ffb227c9ca2d7d9a6599ac4402f87e",,
1071,"34a4acc5483ebaceaced39bbb583f8a3",,
1072,"f0763e7bb7bf47954d86a33cea62a838",,
1073,"10b2f71169a7678425d487c0fac61cf0",,
1074,"a5e3a293f2017f42fae040d09fc0254d",,
1075,"471475e27407397ba84a8beaf864ad1c",,
1076,"cf6d7fdf28c1367b2cde6f6b1964f8b2",,
1077,"4064a64e10171c85ceb0c18f7394a75c",,
3262,"e3f270c1d5ae3310d750021152243ed8",,
1078,"2f358304696221b1acdef23e63ee5ac6",,
1079,"d02cc0446eaf19a366e418469b02bbae",,
1080,"608e5d585b51e3bd0e43810910e1d6d1","nordic",
1081,"8ec7f83decf081a95f649a19e9337eab",,
1082,"75d5f0b077627a9137f4166a1e92ab7a",,
1083,"041c3cc864053e1bcd30123a10926a62",,
1084,"ae23cfca2cfd91d8047182c0a3ad30be",,
1085,"4d5ee6eef0866f48cdc8d92cf4a8f240",,
1086,"87292336ca65701f84727d14987e7c61",,
1087,"2117f8394f4810be34441f6f8fc6bcda",,
1088,"bd7efc56eb96e0ae3f9457323d1a8709",,
1089,"02ccccd594808d6e1d3372e2081ce4dc",,
1090,"76c5253b9e812788b832e0ec95ed37e5",,
1091,"a093db01861fe342fa88577083a348bd",,
1092,"5584ce3d22e42537ebb62f20041255fb",,
1093,"e3adbfff07b3cd709f6582e3becb15d8",,
1094,"aa38b3e516469f6e2fe5e0d34e081e5e",,
1095,"68044aab3374cdfd57b2b2b114c8ccd7",,
1096,"79f766583c2bc49a8d331525a7eb2781",,
1097,"db5236fde858d00ffb6d4ce19d3e1095",,
1098,"3f42d3fb6c8e88d706f18c18d49ed9d6",,
1099,"93e5e66cacd25244c8fa573b5ad0aa43",,
1100,"a3ccbec0413e1323983ee811f3b7c284",,
1101,"900651b445e095d4f31d34437eed89e1",,
1102,"97f380f2f8b2626fe249376ee34a6346",,
1103,"2fd91868e153e89df78318cb77629fba",,
1104,"10ac7be394322b0d2c38ce4ec1af977f",,
4157,"96b18c6f7c74ad4cecb04fca967ca433",,
1105,"3cad61da1b013e14163b2b6ffcff0703",,
1106,"a72d8a8a36436af462c774272ec7e877",,
1107,"eec273258fcfe67f669398b5cf739e59",,
1108,"64ea4e426e70b62e590c70e1d0ee534b",,
1109,"3c8b3b17cc67f381f2d30b36fd42ed97",,
1110,"ebe82d40a3493b84f4b1441c983daf69",,
1111,"bc3aad1337aeb8536f762139ab0b4f50",,
1112,"0683e2d4caf1564a479e10e09931c858",,
1113,"f49da7472a4cfa75853c207bf6057aee",,
1114,"d7d3abf9929d659340ac2221dcc0ffca",,
1115,"28861e9a82f0fe5dd6eb559e4d955770",,
1116,"1fee520b152f430df2aa5da23aac53cb",,
1117,"e23edd609508a8645d6294b36a85c7b2",,
1118,"24d8599a0ec67d673362a6fcfb019529",,
1119,"890f0642f2732eba79b9f35a3e00d6e7",,
1120,"0d8e01b904e9180e7bc1a660e7f7913a",,
1121,"3bf9f8afb23fb162cd46e0dd3e28d1aa",,
1122,"9165bf71d85f17d2c0761359e688d328",,
1123,"3d144fe8ae43f063bf968ab260c128f8",,
1124,"586662aec598307219efd107b557a0d7",,
1125,"86a2a747381c4b34887058c1409d4023",,
1126,"3a12b1925723205706d5ba075cc06005",,
1127,"feebb13b4cc323cef4e24d7a81f72fec",,
1128,"fdc50735741a4f0043901f4f0bbab7b9",,
1129,"cd427afe22c25fae9fec12bd8b3e391b",,
1130,"f56c3787d1a50cb180e61ef62e9b73d3",,
1131,"caee92d3340a855fff0703e9d648c8b6",,
1132,"7dc0b23071ac5073c8530000a822d899",,
1133,"d8d8f7701b2cfe18a1754bde9b78cfc2",,
1134,"87eebee837647511698ae9710f2c197d",,
1135,"85dd5100ed716902467e522dedf7ccc9",,
1136,"4a443e9b48bc37518420f4a820a7d415",,
1137,"7d6038ef963daf19f8b652108b91ac05",,
1138,"986706716e7d8f7f1561a3a24366fe43",,
1139,"ba7def11e3625bebbe5d3c51561c8634",,
1140,"95f897e8c01ccc7732c17236e1eeed04",,
1141,"bf0ba5cb30aae3d34dcb26c0c2057988",,
1142,"c58d0165f268c5b6b814eb11600a7de9",,
1143,"03de2b5c73c109c7c1cc626ba945ca91",,
1144,"8eb1676f58bd6bbaafa16ed5dc1db2ed",,
1145,"a34352f0e12964e67545ff32c84c2349",,
1146,"3c449c3445a245508b7ad82c273b1bdb",,
1147,"7ca8cf13e02197fe1ecf473bf39138f6",,
1148,"ef6047ad9b3797a99abfb425c48b4138",,
1149,"7f96e2149f1ccfeeac0ed4325eb38c4a",,
1150,"a58e8f7d2eb3babc6f8fef374a206bd8",,
1151,"4da21e1e2b112a91a10fd1afaa08b288",,
1152,"4ba200159eb34f9234adfe1340e96b40",,
1153,"5d68e5931609c2ce49054e6b3142a2dd",,
1154,"222732ce2d705593c140631df92d7d1f",,
1155,"8ed8157dc03e7cc89868a1cb50968ae5",,
1156,"7e773e68d99597b0d6db81ba1b48bacc",,
1157,"ff249ec1850426bf37dce9cd02bd6133",,
1158,"aa3ca89855b220eb97f5b6e2c8ca5a27",,
1159,"fd30c9d9e79ffa561c0445a318f75749",,
1160,"ca2f0fcecbcb0246e8ff2f72d6e37e19",,
1161,"35493b815f0a157b6c94ba689b06ceac",,
1162,"e2267d0315fab2015b68faf28b9fcf3f",,
1163,"81373345cd4f850c96ca071f033ce72e",,
1164,"33830187da1007b0d2cf2f1c2fcabc8e",,
1165,"c09bba5eab5162aff891189f76808cc9",,
1166,"86065108221ab62e8fb0cf75547d2ddb","cypress",
1167,"ccb9ea9e6d50df182c22e1859ffba92e","stm32",
1168,"3fc2bc3711f35c51ec59083faddafd99",,
1169,"e2914069946de632b6c87203b4085ff5",,
1170,"be0eda9554bd912ce1a70f21b188095b",,
1171,"85c632ed1acc3aad805697863ac9817d",,
1172,"5292a21a72037ba68c9b85f3681f5e15",,
1173,"44261c99d469f39f51ff1ceb0d6edda7",,
1174,"53d0d259015c513dabb09e30dd7ecba2",,
1175,"d554107a59f064cf086ae2cf4a4e26d1",,
1176,"ba5e93f40320030e58cf650e4184d7c9",,
1177,"8bd4b8eecb37d6e89a5399174536a5a1",,
1178,"f725a5131bf78cf6754ac3ddf6d01659",,
1179,"cf7e5ffce5627d94782f775cebe37d5e",,
1180,"b7dcb27604593e188a13b40c744d9805",,
1181,"50ac72c84d27f99d50447c89f167de4c",,
1182,"820c638655dd537675f2c3c20aa5e201",,
1183,"9846c46a92db9c94230267a02a185c60",,
1184,"9342299251cc5ad7fba839c1bcc42dfc",,
1185,"79ea862d787ebd754a28b47ec4460b47",,
1186,"6395abea932cbedb94997b88078c67db",,
1187,"78070842112bb3b7758f6abbc802ac3f",,
1188,"429f7b8c458b37d92eecba8185bf5d6b",,
1189,"7079393e91448991333b248a09eb2bd1",,
1190,"ba74b3e7f6f361cff52c60b1ac057d09",,
1191,"87d4e56a42808b86495696f6609b0088","nordic",
1192,"1c250af8f775f427e2acfa55c5eb9bef","dialog",
1193,"4e8a237a2618cc013a357c720c71d836",,
1194,"646016495fcfac236eb2f0a8a6111d33",,
1195,"1f454bcf24b083dfce7f375a2af15066",,
1196,"a0d9957b3ee4c1625dce171e9ed92ecd","nordic",
1197,"3c88f470fbfe65b20952cf91effea3bd",,
1198,"9408a71e3cf37501b5fa1e514441f59a",,
1199,"f0c133874a2c571d5a158cafca745147",,
1200,"002dab31aa6b3ce9d7620974922429ff",,
1201,"e7ad8f317f6d678bf3e90727388a3c41",,
1202,"8c7674b61a1495b625a42ecfe5e53c5e",,
1203,"5d7b1978f2976fd237cad8a8799669dd",,
1204,"e8857e3a740e3e80ac2a6447c9ab97f5",,
1205,"d02f6d98217f6ea47503dbe8bc15aae4",,
1206,"8adefe16485b93059dd10eb8b338daea",,
1207,"53561689350767673a368241a1739600",,
1208,"a6ebc2af27a5c0837bebf8db3d18252d",,
1209,"ea85ae84ed26a79a0cff85b6660f581d",,
1210,"9889f3831003494f2f64f4746543a3ac",,
1211,"9050f0865e6c5ec216264b4985930581",,
1212,"d2b9f411bfefe6533a75b4461ca6672c",,
1213,"9c30edf2b86d4ffff530de45052468a4",,
3663,"bde9dd7275cc9157fca68636882e662c",,
1214,"5ce4879348fd10a5fe02443495fabefd",,
1215,"9458dd37ae7fe0a7fb54d0fb9e2f90ff",,
1216,"37d4b5428821c0c58ac5f30e54c43e64",,
1217,"09ea0bffa956d047a32cf2caef9eeb18",,
1218,"619b69aa7257b2d215f9aeeda8fb281e",,
1219,"95ef7e4fdcda2e6aa8f89c28008226f8",,
1220,"e91fcde495636778dcce4eb1bf8b8f35",,
1221,"baafec5ccbda0d758e72542b1ed52809",,
1222,"4bb78e6fe38103d0ecccb7844be3b502",,
1223,"a659682ea36055b4fcde0c544bfa9a99",,
1224,"a73a95140d1840a69f8019b4fab8dea9",,
1225,"6a1d9127bee1a9e899928c5c6717113b",,
1226,"c781e9e9c42690204cd7879e4797789d",,
1227,"d573606aa9986483eda979ea1b78a82c",,
1228,"e668b72301729470acf772ead024d72e",,
1229,"b67477a85290ef904ce02135da1a587a",,
1230,"976f1457585abb93511638e89d00313c",,
1231,"5cefe74d2e933ac6b35df91e170253ba",,
1232,"7a4eaa49de4ad21f0b0c1a9b42298bd0",,
1233,"3cd1f2d00a188a7d68ad02a737e65b21",,
1234,"147047c2e03458eb5cd2d12d2e907273",,
1235,"cde667744ad7e90634ff156a922784a5",,
1236,"47ce5ba4deb85650c49f0b42c0a8aea9","nordic",
1237,"61cba1684620f852d182f768cf3b4e36","nordic",
1238,"37e0ed74fdcd85a66ca3860dafa90e99","nordic",
1239,"644ebdc3fe30ddc5e68158869139a7f6",,
3664,"25982a29e2ac95c36a5d5d31624f9dc8",,
1240,"0abbefa353a61c58f9c0108eacae534f","stm32",
1241,"6377ce6d02495c5619226eb796552dde",,
1242,"82e1eefc4f17b7cbd01eef81ad18f2ab",,
1243,"014b2fe2e0373474b02cb069ae9d91ff",,
1244,"6bcbdf81f38151fb960e1daa313895d4",,
1245,"0bd27d2cf0a2b357b090b90810b2985d",,
1246,"c897d164cc317a5f3787a202543faf7d",,
1247,"cb5360da893152e2d7bedf65cb88031b","nordic",
1248,"8d933e11395e29c0e06bdb7691bdb5d4","nordic",
1249,"47c5084540194ab7051ec2c10a6a3cac",,
1250,"b8df5f09711edc84b0d1f1d17f39fae5",,
1251,"d06b87a9ec73ba97465a2ab5146a2dc5",,
1252,"5ef5b57f13d63eec528584817a9c157e",,
1253,"5a7b31d5e5076cc0ae13ae1e5295a21b",,
1254,"7ba898b6567e38bbc5ecbafb6f4a5876",,
1255,"0adb14a6793552ddf440dd14107be487",,
1256,"1babc7409491e6a9d128c00830fa8b46",,
1257,"5921ad08259047cfe3d115829d52eb40",,
1258,"7525b23f852a4a41789f1dff46c934cc","nordic",
1259,"fb0a3e06d0d01f30fc3520f158338365","nordic",
1260,"96a9495ff5e3a63474a040f688db5622",,
1261,"f1c7ea55d070d338bb7709cb386ab877",,
1262,"831658402a90f786b8293747b4f77269","nordic",
1263,"c296f0ed2f042af6fb70cfd8128cc1f8","nordic",
1264,"a830b86df8fc328ea49c31df76f33a11",,
1265,"73dcf9ccd20b49c8b746388086b7228b","nordic",
4160,"2b8b4d34b3a94ae37fd0f7f9940a1295",,
1266,"33d6cd62e9b8ae3092fbcd87738a6713",,
1267,"221b6e1f5cc9a203a4376027bde5174e","nordic",
1268,"1c02568c2c2fd1bd587425c8b397898e","silabs",
1269,"91733986b7736da09d4112130db3b66f","silabs",
1270,"4a272e46972ed871523fb166020ef278","nordic",
1271,"63cc29442c3d702cdd7b12fe47ed9e4b","nordic",
1272,"1a89474f6f5320d776cc50d09d98e5fc","nordic",
1273,"5771d7de6640f16570d0b0bf7fb5b89a",,
1274,"58c0ffec24159a9aca14ddc35cf05cf9",,
1275,"ddd25bbfb39dfb4210a91dba978cc632",,
1276,"e8a39169daa3eb8ae7e04a3fbfc497fb",,
1277,"c51320c77e4b831491086a68e6eccb20",,
1278,"c528c90c0b8f09627fd59ec7b201608b",,
1279,"c0d74d90aeb2518469a63dcc5dbfc46b",,
1280,"6cbe760b819716ec08c282ac80d6a42c",,
1281,"ccddc85516a307703b6adecd1438dd55",,
1282,"bfb3edbe487c9163114500b205e951bd",,
1283,"458d09e00e8d293c2554397f11a84e1d",,
1284,"5789a16cfbc2e3cd493dd98e0d480ea8",,
1285,"182dbeac5e4432e305f5a9550b1c24dc",,
1286,"b4a2a76afcd70087e08b5de84d8bdd41",,
1287,"2cb0215168b8f2471d9673da7ea10091",,
1288,"e8d6896caec1a5a2993e7a07cbda9dd2",,
1289,"95daab14f96ecfe6db905b1c6989b7b9",,
1290,"b8dbc8a770a03f6ff404f0e23231b677",,
1291,"7e7dc2ad25e81f8ce7dfe8843b157c1d",,
3665,"140130720b76f64b209ac849caae968a",,
1292,"c6fa26e189e20891997182628f63d5ef",,
1293,"6b0c434d201d011b437ae506db0cfd90",,
1294,"b45c6594ece1d6a95c8f41ca36727f7b",,
1295,"bcb3baf8dcb4be325eb07aaa39845eb4",,
1296,"74c8a5197ab894963bd80f4d6cd75c87",,
1297,"ba2353b6f20bd479b4f8a72d90b7fd42","realtek",
1298,"cb267e68456a5c8a15213a95cd66a6b1","realtek",
1299,"0199fd8f6787254937a1095515800f40",,
1300,"8095aefbf4731849c1f1f610112908b5",,
1301,"93555d993a3ce5c1b2bbb8f261fd3996",,
1302,"4881b55fafdf6b10220aed079392ce21",,
1303,"eac5e557f3ee4ad3c6cbb37174262e46",,
1304,"364031286b488158b04f0a341bb6f193",,
1305,"ebce60e823d245d7dbb9c85313f5f627",,
1306,"f51944cad10ffe22b6b4991dabae4183",,
1307,"a693f4a9d85b956f20c2e2460206e916",,
1308,"f9a408562990936cfc34b57975cc534a","stm32",
1309,"32d03100adb0845da49c485a55fadf9c","stm32",
1310,"0f2f1caff75b0245c3d0cc7fc8f296c5","stm32",
1311,"c9843f0191753e171071a8cd866dd154",,
1312,"b4eb7cd2c6aea63edebfb9889661500e",,
1313,"3ba61341f0b92b72abb0f32b7fccf483","dialog",
1314,"10cc6288c33b6f4676c2e6b2e764ce07","dialog",
1315,"7ee219dd3d5ef9b2a4a7f436ea72af4e",,
1316,"8579988a5b57749e799377afa4c30b55",,
1317,"e1da6f30eac62e99b2fac9bece314c74",,
1318,"c08c3b0d75ad3751a2edaa6540b773a9",,
1319,"dce59df3c659cd08209b22d78bf42bb9",,
1320,"5fe4de86359397554b4fb2b35b63be6a",,
1321,"5446ed00b8ef49c9585026f40de971ec",,
1322,"f4bc8ece3057e72f620e2c009aa49414",,
1323,"c98a433e85be6d6bed51f4f35c33266a",,
1324,"ad4fbf454679f3b092dd304d6031ad3e",,
1325,"cd1af5e1d84e586da4b17d2c1410ca61",,
1326,"3bff79dfa3b38e85a7381ff05f61bece",,
1327,"90550475e10f9608514f666869bd5032",,
1328,"109ec3c2f8d137a2daab9e67b8deb6fb",,
1329,"27abcd99f1f5f0877d82cc492a5797b1",,
1330,"0c170b94bda77363ed6238256af2696e","nordic",
1331,"f227d658a54eb72929710150bd7bf66a","nordic",
1332,"780ce4b457ae3b68d950019ccaaf447f","nordic",
1333,"43ea07cc76ac56e1690c4f5a6eb750b0","nordic",
1334,"65936fd6ca06cf8324856a64fc1cac89","nordic",
1335,"2d0d8ddfaa488f39a1b100f3681d965b","nordic",
1336,"666938240447d44f103c171d4559e5da","dialog",
1337,"dd96fa848a716e3657a05f9c13833d74",,
1338,"b1188a17e35d69f5262972937d2c40e3",,
1339,"1e04926032e8a705b268c1324e580115",,
1340,"9944321ed35393f76784c4c7d28beb8a",,
1341,"8261a793d9cca8e915923fc64b289c9c",,
1342,"9176ea9154fb2a6e5116046e2498f9fa",,
1343,"5962e4b1509518ccd82a89de27d3e2d3",,
2363,"9bc4b0555512c6fb2c1a34cf6c8923f0","nordic",
1344,"c7390f2e68e2050a7e3186783d377f9a",,
1345,"ed3a1de72164ae227dfaec27c5c88012",,
1346,"551f6b5927f4ed91b2228234b766b412",,
1347,"145c2f0fed9d47ce6522ac26b5205a8b",,
1348,"e9bf241f597396aec2b8e5d4145422da",,
1349,"63ab4950d212668800bb10187ae81fda",,
1350,"5cbbd13d7ff67491427e52ed86255d9f",,
1351,"c7ef3efdbdb16ad42a9bc51e6329f5cb",,
1352,"285eedbdbfbea97e995d552911e2cc8d",,
1353,"5d1f6783e92b16ee2fb7e98faf6c1a59",,
1354,"3f04bebd5a316f9e555e2230e84c6c98",,
1355,"e015bc9e3208107ff8877b6e91be9a4c",,
1356,"674e5b1ff9c1afcc151450da28f33bbd",,
1357,"2bbe464cedcf17753dc6a08496cb3251",,
1358,"10a5c73085f2de9f4094014efe175804",,
1359,"e282f3a0bea92b4e41cc7188989a9f37",,
1360,"0bc97b1fe00787e449f0b2bb5c2265c6",,
1361,"bc4c5a07909276f5f1225adbce6ee781",,
1362,"5c78907fe184ecdde11f89a0d5800620",,
1363,"dd871ad36a5b1796f28d66e7879c1cb3",,
1364,"d961a51893319f9d258a58c178f41588",,
1365,"f551b3e1fb29114e00f11fa8e3c1edeb",,
1366,"b817b5610309779c2da37f856f09da38",,
1367,"235848bafbd8b8ea0b568ce618fddc44",,
1368,"3a3f8b3905848cb788249f460cd50ee7",,
1369,"606a98a65993a817c3048ebe8548bde6",,
1370,"96e662202228feddabdf2433e1d01def",,
1371,"6613cdfe5ddba831604d59e0161faf0c","nordic",
1372,"b844ce9f318af2ee731f4f6bb639f0e8",,
1373,"57a52621d2e31b08b193d3c0e7a83b84",,
1374,"4ffed5335d36b9280d598cfbaf2ff309",,
1375,"058ed91f9e29b6b59dd0227a6590cb1a","nordic",
1376,"dcbb25e8ed4dd46bb7cc0c88012b07d6",,
1377,"9b9d891abed87e0124f7097b3a08e536",,
1378,"de74412d3c26921674aefda57cfe87b8",,
1379,"da1f2d685d7b907b573e58b8b3276afa",,
1380,"5ace1b5b0fd651339c62d10235841875",,
1381,"f8a948d442d0f6883918e05aac55e900",,
1382,"ca22355625a23a159c2d3c0fdb2e4137",,
1383,"27e0fc8977b9089bfa4d71bd03840513",,
1384,"7b166998c997c128f8c3cbeed1772609",,
1385,"924ba7b89fea03ec2b3784415fc2ce8b","stm32",
1386,"c788074ba593ead7397a7b5196f7837f","stm32",
1387,"e5b6ab261419edca8b8d47c6ef1d39b3",,
1388,"e8544f9dec8167105250eb4924f14e43",,
1389,"524f737ed315f26b414f35dac57cbaf6",,
1390,"9aa4db5f29b0be5345e1c55fc35e2851",,
1391,"d72a484f0f6ba2732469bddf73cd6bb5",,
1392,"d040d29580563331a9c6ac7efaa365b7",,
1393,"0760e1d9b1886c1e2d016c40620d6770",,
1394,"d5f09bee36dfcbd14b12e960695a830b",,
1395,"9974dbeff8c7298b5530ece96f5e12ce",,
1396,"8d687961711b8600a86bea57e9ee981d",,
1397,"bd71ef73750e418f568312eac2470806",,
1398,"18234d8aeeb983fcf1e9924bd3878432",,
1399,"1e1b50e3f5d4b0d4279ffe3d58164e7f",,
1400,"3aa9cf15df85d9ab7588af4c9ab595ed",,
1401,"878dc81316d1a2ffa38ce15973351e63",,
1402,"c7ff4259775d9e35513e1b6fd88be283",,
1403,"e23cbb3fddc97c6731a2bc4332bcf4d2",,
1404,"cb344d134ab57185b51cf042911e9d96",,
1405,"f722d3d50b091f5ae2c244cb8eb573cd",,
1406,"d9eca7f2d767e6444f551db3abcb456c",,
1407,"0de03e94099f44e19cba3354b65c96bd",,
1408,"b2301807d75db4714182e1de8f2e5b0b",,
1409,"8236899305fe1df63c6af2279931e536",,
1410,"6c36e76b6747fa1633593c6b0db567b7",,
1411,"46268053a5c3fbb33024724a76be2482",,
1412,"4a52d1732874e47e684c4d7c757d5810",,
1413,"0703199a976296cd2c83d4c24a8b23e2",,
1414,"03b3dd2b8fe06a4a45f552a47eeec01e",,
1415,"0c2664555282d7fe472e3fcac8989b02",,
1416,"b98ec991ee20670952a632fbd77b4634",,
1417,"dcb8fc0584618fc9453cd6730a17b083",,
1418,"b5ce63b706417ab43a2a8e8419c2d460",,
1419,"49c103c0aae64d89eb552e2db1ef95af",,
1420,"8bb4774b9466aa460e446fd5d0acb296",,
1421,"a12e3b40c74458674bc5a3de27e6791f",,
1422,"53f6e9472ade3cced32b08f76891f659","nordic",
1423,"6750369361d4a492265679655b7cb2dd","nordic",
1424,"66d1aac4a2d21c9f81ded210630df864",,
1425,"71039e3c3421b87d533801ef9679c4c4",,
1426,"81df99c6a04be9cf9863d20560e9580d",,
1427,"85001a5e87555701a7afbe82ba48ad97","nordic",
1428,"9576e857556f73853a377c4e4cf83b8a","nordic",
1429,"a3ce6d26090a77fded7be4a775c80e4e",,
1430,"6197d7747d7ce591b8053411da6027ec",,
1431,"85024ffe7c97ef48bcdc29592113d521",,
1432,"6a8495de701b91f0354e2dd9935a86ae",,
1433,"4199866340096f61b11c171d9bf85a3a","realtek",
1434,"c66a7b61c290edccf0cb2f9d77c4b825",,
1435,"3273d1fb7757a6537fab2ea6c9019f81","nordic",
1436,"711724d53f58fadbe6881e6fb25451f7","nordic",
1437,"304abe2145914e65fcc72d8d2f71e8de","nordic",
1438,"02c432eb802898a75c49a7fcbd7f02fc",,
1439,"7649e638b3e29136ac59c0357cc9307b",,
1440,"bcadab4c85e0bb62d06ff5c3fcf8e870",,
1441,"aa8913c46b01c040cc91ccb4baba30da",,
1442,"44d6f4155d8e1b61eb9f267de4280bbb",,
1443,"2699cd222e645f329f171928440adfa3",,
1444,"84537b635eac85dc2622b8a92ff6ce47",,
1445,"cb6146199b5649b0d2699ec0363295c6",,
1446,"1d6d0ea50909a33da5bf905c13ffb25d",,
1447,"b298a329765f8e0f826e6355403921dd",,
1448,"79d76f9b3761b103f12e3b4da5aa6014",,
1449,"f148b73e6132bdd99d52a70a3ef2d1eb","ti",
1450,"123d66123ca92013ae558362a4e57408",,
1451,"3c95dee30cd47b49fb53ad79c0e9ec3d",,
1452,"c5f18911b20b03ed44dd12fb5a548786",,
1453,"da734312504e2d871dc63b1318b07130",,
1454,"76ac7aa9c4d1b510ac39818f98ab6da3",,
1455,"c970fd7d9fd2e422ab2848a76628b5eb",,
1456,"a97f0db8cfa5970e3a125cced923ca1e","nordic",
1457,"3fcb6a38e9c65f9887c97eb50ac2281c","nordic",
1458,"2ba4f69ab98ed7e2d015cae8198f5278","nordic",
1459,"2827507600e846b76ff9dfd119efb673","nordic",
1460,"1f94523c86f80bcbf43425b234d9a31f",,
1461,"17f2cd4a162e76576ea4fd9ffd21ac7a",,
1462,"2581a44bf4f6d425b9a7d5004430f01e","stm32",
1463,"9399126b4a5249c209a7e520d25de0b8","stm32",
1464,"9e990e39212e1f47b155acdec650a749",,
1465,"53e95482e1295fafef81a0f0161ef554",,
1466,"b647d921894ec6aec47cefc4ebdacce3","realtek",
1467,"e101a1be64e36597a362837a780d6c4c","realtek",
1468,"d294ec8ba8909959729590dc6068d312","dialog",
1469,"a83865a1f408f9fd893714d760dc682f","dialog",
1470,"7773ea3ac958392f82e900729b06725b","nordic",
1471,"f4e0aec5e1f686eda80472e062e35eaa","nordic",
1472,"586b2e4b7b1c1f085704fd05270551e5",,
1473,"a95898349ee215cab164ba7118c13dbf",,
1474,"c49f43fa38943f7e05a0b93941321bfa",,
1475,"2bb44613a25a0e1f28a026091695fb98",,
1476,"cca7ff8774ee8b10e1957b54d2472e7e",,
1477,"452556d9b2446351b94f0ed5b5be1a0e",,
1478,"33e8d21bb3723e2628444d5b441c7af0",,
1479,"75f65eb0af5066d618a165af284fc0b7",,
1480,"94ce7322c649670f1b5b224c40c3c76c",,
1481,"07c054a718525df00e28288c751264ee",,
1482,"046101e7c8533d019c1787525b28b559",,
1483,"135cbe1a6c1cfa8272cf26ac76bea02d",,
1484,"4380271a433c59aa1073e9063e9148cd",,
1485,"6d7696d904c24d7f364d3b0a444f5911",,
1486,"8a073dc46ef884598145984f3fd2fa50",,
1487,"e92e1df8167ee928c1e715f371ea0521",,
1488,"84bc014d836884fb5f38399a65730e2a",,
1489,"61ed136b1088a667a180a2f8b1983ea9","stm32",
1490,"02e156464a1b337df931a1c2dbcbd56c",,
1491,"7e8ecbf6c25ac3240b5469c941c8d727",,
1492,"3a86715e55e710952bd384514b99b456",,
1493,"742d31266f4f922d12b735b575813182",,
1494,"dacfb90a30b73e3e73e6db7b5bf6c72f",,
1495,"1f313fd4671f4fb638171216cc184e38",,
1496,"a5d0b1a0869e1955e1fe71975f8bbc16",,
1497,"e3ebba4f4589437bdca1170450bb160d",,
1498,"067e6c9ec373d4c6e6be4acf6a31c106",,
1499,"7560b728c8fd6d7eefbad420c0ec3130",,
1500,"1a8aaad19c7e9527ae44d2bbb18be6ef",,
1501,"92c216ca4a80ced3f5275bdfb81354b0",,
1502,"5070ca2e4e5986f62770adf1ccd975fd",,
1503,"806316f15a9402ad3ac7ce09c5de056e",,
1504,"6cdaa23e8d8e727d8667965c10de1202",,
1505,"fca9c1fa093dd699c46a173cc3cd0396",,
1506,"dc0051297074e89ea154477dfc038223",,
1507,"8a68291634f9058d95977b6f8a0c54d0",,
1508,"e90c8027f404a8687728d7410869a143",,
1509,"390937d736e65b839f5bbafe1c538601",,
1510,"7efffef34264f9f4116ef7c046cf293a",,
1511,"8390a78ab935794c81b6fb98f3a23aea",,
1512,"771fc24da9d5630c7b8ba6f6ac93e21c",,
1513,"71e60f05b299522872a2531369a596bd",,
1514,"6245b138aaef2429f89986ff720387d9",,
1515,"5bd57111300ab2ce6206c19cf9ac2e78","ti",
1516,"8db3934d51c027ab504130f46383bbe4",,
1517,"b565f477eaa695ec8a84a92395fb345c",,
1518,"bab979d48097f02ded392212a079afba",,
1519,"2817c1e61ea13a54390638db9ea021be","nordic",
1520,"0fc762c2f0759cbb317eab5259e7bc7a",,
1521,"a914e768ad3f6467944f340e6a937235",,
1522,"719130d7206459dd69f67d9cfda98fc1",,
1523,"d81631bfe937f669e1e8baa87bacc421",,
1524,"e0af4209801c6f7379e077077231dcf3",,
1525,"1d4a0d1d4077c2d5b0bc4695a3bc57f6",,
1526,"9d8311e0978431052141730b2e6f022b",,
1527,"3a9d3335e676a99a96208a07d874c117","nordic",
1528,"28cf09b234b0363ed8d26ae0b8f5ab12","nordic",
1529,"4558333ba052ccec82dbc5df495a3802",,
1530,"e821b3fdbf1770c5a526c7dec7b837eb",,
1531,"7d2da60e5a1deb698dbf835bdb54eba2",,
1532,"38c6a7756d73708a8067ce2081e65e9c",,
1533,"571b1efce06379ed2ee846aeb1864e91",,
1534,"03d9b1969cdc9d363f7fd2976a259c69",,
1535,"c9169e7504faba30fe2a0a6d855528b6",,
1536,"12363774ff3cd87a1095ee9f5ecb2b3f",,
1537,"8e31128bf920bb510b4e462016821378","nordic",
1538,"b83d24508af4d5a56a282a7399df668c",,
1539,"df90ccbb2ac6ff70dbd2ec5e3ead4aea",,
1540,"a0c7294c59891c70eee54993765cc611",,
1541,"840b681523cc4b8d0445719094247916",,
1542,"8c42306658a2763668cdfb51825ae456",,
1543,"6b5df470fcdba3117a5c45890c080050",,
1544,"fadc6baf4b5a51e1749fd6e5c13d26b7",,
1545,"73adb2ec30b47ca03a282ecb884a5340",,
1546,"980ebc759354054c53c54eff5c82a16f",,
1547,"cc0a678b30b5a6514ab8c4b478c2aa7d",,
1548,"eb43216c5b7388f71bdbe03363a2f933",,
1549,"cdd460d53a3a0281d62d30de3c559b39",,
1550,"57f07915a2c6a06cb020dbccb9619ea8",,
1551,"ebfae409e9f562d38758c85a47205eff",,
1552,"e734afbb83061a86653324f53771a292","nordic",
1553,"0eefd8bee5d612a66dcf7d5ec21584f7",,
1554,"6049652f673f9e824f2ee2d74eeb98d7",,
1555,"7efe02013e34a07b04c49b64479f4596",,
1556,"a3b680e218371eeb8ce3e968442da8f5",,
1557,"8c25371e7206d8935d0865016b2e8938",,
1558,"8710f7f6bee7e2fd95cbfb6b7fa92a13",,
1559,"5da2afc662b32b81e82952bf5ec845a7",,
1560,"6d9c0754cb6a42735025e862ce355dea",,
1561,"9c3005dc7838b9eb75e158ad85997035",,
1562,"eceecbe66edab26980861d2b23e214a2",,
1563,"123eb9a96531c601284244968462c5ba",,
1564,"a6a1b388068b528b9121aa8eabfa7e9d",,
1565,"44c605b046973821b14dcf6f49d150a2",,
1566,"8a407c9d23503ec3ec810fe694402941",,
1567,"213811c046185a83097b938de7617e31",,
1568,"e7b3fcd45cbeb12024b97f75c9f3e924",,
1569,"cf1d0f5295f0a2c771138de14ca8da9a",,
1570,"ffc83b02a20e3f13374f9340a5106469",,
1571,"54da481b687fb7f425ccc48991861b13",,
1572,"7106646b6bdf9c599d574d273db7ca61",,
1573,"8d151f5dad2189d879059bae7b104d7b",,
1574,"c65565555e169606d7eb687beaf066d1",,
1575,"f809dfde0747e720a8bc7e4153e5ce69",,
1576,"ac5a85307d61eb73c741628fc958bf02",,
1577,"e93cc43a4532d8cd6c017a7a796620ca",,
1578,"5bd6d83a81b24315bdbd2c46a1b7b7e1",,
1579,"fc8960d1860149d760a0c8e591042935",,
1580,"0fb01afe570165d11fde5773e5bdc956",,
1581,"00403a10a8405ca618ca8529579215e4",,
1582,"af4bbd86086519a0dd163b62bbc93cb7",,
1583,"890521dad888eb27796b3a4123533e11",,
1584,"ae4e077d6812ec9ad7020085218712a2",,
1585,"d989c8d5d7d3487b93a9becb624cba08",,
1586,"95e0ecd954a0644a9fd5dd68bb69b296",,
1587,"cf2d3f63cd4212dbdf2038ecbb26a120",,
1588,"c5db3d8234f9b962ec07e623b0f5205b",,
1589,"b9d9210fdcc7fd676ef3220cc8711c59",,
1590,"4d984df9eb2ff6c859cfd7cdd5fa515c",,
1591,"9ef583a56ee43bd6e69b90a8b2f935ea",,
1592,"1c91701b5203e588690123dfb1fddc47",,
1593,"daddcbd8d3af2ed560a80f939ae7d298",,
1594,"64e3fd71b8b6730329ebdf67365e73d4",,
1595,"d4a3673e5d95e954397f66aac11d19e7",,
1596,"8bdcc1d794dbdc8eaa97c67027aeccc8",,
1597,"6669008669f1eea782e807dc36b3ec38",,
1598,"3d25f6b25228ebfb2c913f6c1fa5c050",,
1599,"362e23f19ac42ea89122a239e8407f17",,
1600,"a3deb0a765dfdac0c6eb7ffea1219ff9",,
1601,"d924abfbb5b881fd60b74a362d917870",,
1602,"e7fc1cdb4395c05d43d1a455dba07f6d",,
1603,"a144deddab5b37c365095778bd64d60b",,
1604,"679530008fef43cf99c1721c13c14bd4",,
1605,"41c0b02463b29a3ea85630fecaefb2ba",,
1606,"2564acf2af54c71cd43864c8ead982b2",,
1607,"d6118b03638ff3067b7d66724951ac4d",,
1608,"099ab1163836cb8471bee79d7ce299e7",,
1609,"ce8c72880249f3fb71305810558cad3d",,
1610,"f4c8be715d9d73ee5df3aa9e6f9c975f",,
1611,"19c8e596dbcdf9e6db97e11ff80fce9d",,
1612,"b92ea01f366274f1ba9db0db82f2099e",,
1613,"c75541adc254e08781f6a78350c1ae4f",,
1614,"c365b98a11fa0302bd876cf5a5782295",,
1615,"d33c683387595208f5d142d24aef85af",,
1616,"e29be9d1e12e6a155947a20c2edd08e1",,
1617,"e2e4f52b4a57c8e1f39fd5326751eb81",,
1618,"31c449d18b27e2ecb8f576574ee65e39",,
1619,"a565e8ea6febbf72dae74d392f445deb",,
1620,"1fe13abddb63db0d761b6c7a1a12add7",,
1621,"39e5be7853d7570586386b0bea0f0706",,
1622,"cd9613656a4498d4c687dc474ea8fb50",,
1623,"b48fd06bed8365c20271ab14c9423bef",,
1624,"ecdaa5a8478d644d3d36727d4e845ae6",,
1625,"69b013aa94e56c4fb28d89c1bc37817d",,
1626,"8b59e8b1722d288a427d64a00252e65a",,
1627,"8abbb5cc4cc5ca6c109e48129018034a",,
1628,"3461857c565806f80cf1ff4b8e95302d",,
1629,"eaf208413d4fdee325e29698a9b76b30",,
1630,"b0ab6522e6f1e8ce9c5e10b62f0c5576",,
1631,"ee420b24879f08f42e8818b92e4247e6",,
1632,"e7135f6cc8b9571b6effa893115d9c11",,
1633,"33205e54f15bd9dac5e8bdbb571b19d6",,
1634,"6161a2ec314dd76a7922a3bb70456350","stm32",
1635,"0ca7e08d59bfa2e6c7c1e6a8f569477d",,
1636,"76bd8536a0572662ea57498adc014019",,
1637,"90d8b238983d587df6350a55bd510e21",,
1638,"d21a6e9b3bae6f8edb44a584c3be8674",,
2465,"b4b7451ab948646583ece1726d4349f0","nordic",
1639,"2ff50ac5132af93f6c3483afa39a921e",,
1640,"e732d6ed00e5374aec3b6f3765118c27",,
1641,"5f1483c5da64e899224ced91404cd0a9",,
1642,"33c18465d22e014271079a17a945c5e1",,
1643,"353c3325682fffc8d49c31ebdc1e04f5",,
1644,"ba0180c02e477be2452bc745e8b122e0",,
1645,"7cfb02174a16ecc10f887b4a7333d5c0",,
1646,"adf803da8a8ecca43094aa27770a026c","stm32",
1647,"765b60fbe6e95db322d1289c8eb16b2e",,
1648,"8339d943d129022227b440b8abad7a1c",,
1649,"990e4949f71938be65ec2fef65cfb201",,
1650,"f373d1a9f7cb241a91a09af2e0e7cd33",,
1651,"c4a1d652c67fc9cbcc98cba97471fae6",,
1652,"2039f8e2005e9c80d3c1bb2bcf38fd98","realtek",
1653,"fe737f9abbd23894822747c802d0e112","realtek",
1654,"04a3e33f106446533b263f289eb7e823","realtek",
1655,"f113a1b1da93de9c5bfb59c6a86a7c27","realtek",
1656,"29a0c2a15a50e60939f8bdc63dec6bd2","realtek",
1657,"b4b49cf08bb29c4ef835c9b3ac894ee0","nordic",
1658,"f556c9a6c43f600710a5c3120ca3ed9c",,
1659,"58326179d005043ccd4f2fce5769954f",,
1660,"46e892a4cc96143fade9b659d2a8f168",,
1661,"a9e6f0fd1e90e8e1d5c6ade9a062db85",,
1662,"805df6efaebbf0da26c6a6da602aaf71",,
1663,"c7d338e2dcd2b21f957c257322e6507b",,
4161,"c407976c2b82a2a71424f21f4da1bafc",,
1664,"06e4bd8a453bc83bfebdc84dc26366a0",,
1665,"08a6da40c11a4f423a174229c4864f16",,
1666,"944c7001a6d927f9084629752a27b757",,
1667,"6ec535a12ad41afb02bcb95d238f4c23",,
1668,"677d30930205231d1219515139539d44",,
1669,"0e045c7c7a559f4b337ff3c2f9310c7b",,
1670,"f63f718f33bc3d0e0ac40d2584656e44",,
1671,"fd3b196b89bd225e35808cfa15a69965",,
1672,"2bb08e82d2b59d2a3152067c44e90f33",,
1673,"bb554878ffe977227faf03bf059cc12c",,
1674,"6b12ba44b544448af95178a7b11dc7ab",,
1675,"49d44817309ecda95f03542aab95070c",,
1676,"5990c76c038257099cb57c299e36845d",,
1677,"56c33559f2990d1581ed2ad77cf012d6",,
1678,"bad07619ecc38e39c9bea4ad88a3552e",,
1679,"33ec8e90bae2e62b3bb2ed496a845ace",,
1680,"d1863d48b433916ca5611e62d6f7b989",,
1681,"8c8faa86247da2340ddfcb42dc7167c2",,
1682,"4eb117ae25ea1ca52e2855c619c19fce",,
1683,"adfd6d37c27fdf64561fe81596cd428a",,
1684,"83efc14b01a3f440030af3bb092a4edc",,
1685,"2aea9a4ff6c9f7744dc1028f559cc03f",,
1686,"c293300d94b4d1b9e99995093464cc83",,
1687,"b12237b38ccc31d7dade243853467508",,
1688,"0bad333dd8d30f77c131ca061870814a",,
1689,"0648a2d7f32dd78d4741e4ecda3c556b",,
1690,"3613631cd56360deee4786ddb3af9aa3",,
1691,"13473f6aefff341c65bd5a35a295661b",,
1692,"45548c2704069ed3c59e49144097365e",,
1693,"ee326a50b65654fcfb9299c0e576391b",,
1694,"0eb36bad2a60bf8e77d08e93c73fe3f4",,
1695,"b91939c861082b241e62e80b47660079","cypress",
1696,"dc8917aa4ae2dcb67ec916e7b6e4359b","cypress",
1697,"4fa7fda502142093c4c52f776a09031c",,
1698,"62f6c870b2a3c5c84cbe9da335502b1d",,
1699,"bfe62ccabdb53c4c0c11a8a4e5aa2b68",,
1700,"0061978bdee26a821d15346404ff0760",,
1701,"4c616a9a276a2dc5e9cef1cae02733a3",,
1702,"7f2e031703fc76e7bf3ac17d0137eb8b",,
1703,"4d3571a2e7112a0ccd5cfe7befdd6b2e",,
1704,"44e040f94be47ccb19e9e4441ed50763",,
1705,"097979e7c8c1012cb4a2d897e87032b6",,
1706,"d1a2db2b1b0accd6c554572838c4f398",,
1707,"967c793c448177fb3a0b0f74cefcf369",,
1708,"143ef4931d20bdd2260ce003762fef69",,
1709,"75970aa59e36fcfb8649cfcfc4d34286",,
1710,"ad4ea4e2c1d3d09c23f118512aecbe97",,
1711,"b8d489d7f619b45e8e1181cc2d452b71",,
1712,"3eeaa4a982f11dfde2c76921b7903f79",,
1738,"41a7ab7b670ac094d9aa700a1a9dae57",,
1713,"bfb76e5ef79980a596297edfe9e32937",,
1714,"d048a84773c37a409acf9d34af515c49",,
1715,"8afeafe106546d676fb5ff501b33139f",,
1716,"3f4800b3267a5862918c6d7344cd22e7",,
1717,"4a64871347ba9a1643174ef95cdd1b9a",,
1718,"20f6a1e5755828634d70da7accf415a2",,
1719,"9ba42b8d82305e580f525732d8035603",,
1720,"354c9e368f4bcab972d6d883de9a0fd1",,
1721,"eefd60449eb010811f0354edefc47343",,
1722,"ee84e0ff833ea9ca0d146df7a062c801",,
1723,"c55785cf094a99ce64b7355171ef94c6",,
1724,"ec865c02f962dba688189966d128eddc",,
1725,"663efd0a08a697483125751181060493",,
1726,"fc2faf63be4ab933fd5c6147a6ea3409",,
1727,"abd4df9688f97b3a125357c5fa59e85e",,
1728,"e8eb63295401e3889928ce2f12f45443",,
1729,"731220d2242285106e43ee1d0bd96dac",,
1730,"7564193bcf9120d5139ace97cb40780d",,
1731,"3ec9c408e5cca5785b79c284b4146549",,
1732,"d60c6e138fb5e92d33cceeb108c2e9be",,
1733,"f2bdd2180fa6099fb44c606d5fbba4e2",,
1734,"1f0aeaa0d0ee332456067bb1aaab7fce",,
1735,"2fcc81adb331a4751cbca23a0b6e5eb4",,
1736,"901ca7030158fc1eab631bfec9d4d4d2",,
1737,"75e916ecd5f249468c705c1545894cbb",,
1739,"65f9b98c6eec6fe32a92ab57bcca9d08",,
1740,"eeac0bd151f402f9f506f1e253d62011",,
1741,"a159eaf32e1d189597b384fbd0f702ac",,
1742,"34af8c99c000c5f860789b3f6bebb62c",,
1743,"9dd68268dd73a428b362294c9d3c2229",,
1744,"c2c9403b547dff6e9c2d061f4ce01ad4",,
1745,"3b7e32053a2c7fe69438673d501a3604",,
1746,"42fc2541e828806a66929605669afbf1",,
1747,"43e4b250ad0d4ce594139204fae71859",,
1748,"e7d12550fd526b1d860ac6d630995939","nordic",
1749,"f76f422448787cbfbf7530a907300a28","nordic",
1750,"7749a69c63633dea7e61f9d8995d54e3",,
1751,"98939ac4e8c8eaacd1ad7306fe95db85",,
1752,"c7fbb48d85c8987adb6b509240082a3b",,
1753,"796d2ed92879c30d64c5f4aa50567e26",,
1754,"df2d5637121351dbcbe61802c9dae5cb",,
1755,"ef9c810aff7a30394071e29d8a8d2822",,
1756,"4e2d6d7825206c481cbb2377e139ee51",,
1757,"5e376d83ced00ebf6101c219b1a10ae5","nordic",
1758,"63ee84617c70379749e1a72b89958301","nordic",
1759,"f5261ba728d7ce2313472fd07c90fcda","nordic",
1760,"5d571db9d2b9ef8296c25eefe56484b2","nordic",
1761,"ad67bfb8859ee13faa4770fdd9f8b3f4","nordic",
1762,"15072f5110ee2f782c692a6c00fadf0c",,
1763,"f65807af5874438b85fe1776d1f9f647",,
1764,"786489a744eab2f8f697b7e52959ffe9",,
1765,"1f02bbf45cb736eaeeff47e2d1d94621",,
1766,"e53899ffd868818cd44a629e50262db3",,
1767,"c581a043b7ca7e20e575f14c5d4527c9",,
1768,"ef8d847f08f6ca8735a1a582588cebaa",,
1769,"534859598b98dfa6c58ce3fcca5de428",,
1770,"87ecee2eddb6fe45856bc349812731de",,
1771,"9200c2e14db54d27a4224ee44d5d240a",,
1772,"3acf207d42f35dd79cc2f4adba0cfbfb",,
1773,"fd64d47441b05c3e63713bf11de19a66",,
1774,"6bd1bbd95c476a7349d89a2e5811a31a",,
1775,"46d3171d1ef979df84dc3f63dfed7681",,
1776,"3e7ffcb027859947d58a5e8aa016efc5",,
1777,"cb1b45495be4e5e031d8691da80eeacd",,
1778,"1756a1d877f1210301494de6a503e44c",,
1779,"434ac65f6b3778015507abb6b7ea91a1",,
1780,"b5e40a6ee35678c2fc5773fe11c44c94",,
1781,"af21c1029f5e06724eac0e348e2f30fa",,
1782,"0bf60f99aae29c7de8a49514c7ecc7a0",,
1783,"00867efd2efa01af2b683fca75079e35",,
1784,"cd08ffb18f39fc3ad833e5cbc3c3c020",,
1785,"9a984a308c3babaaa6ed62f546a0603e",,
1786,"068f738c4ba62686b0ffa9c9a2c859f8",,
1787,"c60d74654eb49b6a6158c980d2024f42",,
1788,"b0d6c704a914c23bbece02186f999f0c",,
1789,"ce1c27d3a62b03737116aac9a0234797",,
1790,"a3d3d90d723e99c53d75a5e2b1211264",,
2534,"42d043e23b93cb006c7e09b0f9986dcc","nordic",
1791,"0499a1a755e0a8e3e939f1a73ad7c13b",,
1792,"d5a03ffe189d6f6d0a3fdc366af6e20f",,
1793,"665f44e4af42af472328317e3ad1d387",,
1794,"7450a2bce10db02511cb12df98e89c09",,
1795,"87bad07674ef7b9de808bc3693e13333",,
1796,"b4338fb5c6dadbc5f7ef80ac9be95ef5",,
1797,"229dc8e888ac2209c6430600c2ee4d0c","nordic",
1798,"48dce04f1f6662f41598da7ee7c85f40","nordic",
1799,"5c4c94c42f38916e76f9ebb4ec807049",,
1800,"34313789da043c4fa5a3de7bcf4d0f0d",,
1801,"2ef51966b7bb5959a3f622074ad39d7d",,
1802,"c46fa5c8ec5c083f6b22367051ae91b7",,
1803,"6b583ede8571a46412ce81f220f8fafa",,
1804,"ce5554f58c2bb91f58566456e65ab479",,
1805,"f13a8e0452a76ebdf4dd16d65de25fa9","nordic",
1806,"b8b2941fad792b85c89e93d0b8a23f01","stm32",
1807,"636e80cadd1c81e8775dad82832e03b5",,
1808,"481ba6a10b3eb1797cbb6e0d18c04423",,
1809,"bade351287d32c1d8641f4af28b8c976",,
1810,"2e495b76b9ef7147dac39ae7602bcf5d",,
1811,"277dae47d6cb5964a6986d222a2e499c",,
1812,"435746a7f5402f1fae95a941d47b2401",,
1813,"bb8d6e53a70508f2776764907d69dd5f",,
1814,"f341fa95c12f4f9e09eb3a54813d695a",,
1815,"56f873225338272c6135ea55a326652d",,
1816,"eac752885a514563346fff6868417203",,
2570,"c67a52c29d273ca54b844821760db885",,
1817,"4db00f60961a1a93fb006937affa03ec",,
1818,"7a201c6a2d9d8eba887716a9d999d9c0",,
1819,"ffd04cf806f9eb938b91d2125dd0cf4f",,
1820,"711890c985db2068c44525c594d93b4d",,
1821,"823a7e446d1db6dfad77dc6da3f59ea0","nordic",
1822,"3ad31d15268eb20ccb3d29af49812acb","nordic",
1823,"88b1f822486e9f551a01af1c917a7ed1",,
1824,"8671ccad9195ae1fd0c8bfdace960e4e",,
1825,"3c9c17cbf68b89fdcc543eead67714fd",,
1826,"724d0f719f2bf0a6aa0af05e9c4fbd54",,
1827,"517955c1865e6cd9f79eb2b81cda37d0",,
1828,"5055b2f981342dc790c4576a089e0d4c",,
1829,"76afb3656b79ef3689fd180a09cf3965",,
1830,"062aef92f3dd7c834952cae519725799",,
1831,"8a004642e1108576eebe58b0df1e17dd",,
1832,"cfdaab9bb638d36deaaecdf6b8cbfcaf",,
1833,"b270140da86b123f1401c0a5a5e85236",,
1834,"5101402eb26a91683b75a214ebf964cc",,
1835,"180e9e0873cc56171dd4937a4b14e3d8",,
1836,"c59c850f67ba0d298ad691580ff3e317",,
1837,"b8d258966ce687c2bcadc7a77ea28cd5",,
1838,"fcd9d9b1c7dd47036be134edbd66b1ed",,
1839,"bf5f4189d8f0385c125934bafcdd9bb0",,
1840,"c843abc51f53bc284b93ad99849bb153",,
1841,"6df4e36cb6926ea53b6bb4e734e8415b",,
1842,"7db17b8da4524d44aebab19f68e011a9",,
2583,"9579f5910707d8941cc238d6d614978c","nordic",
1843,"c7f02c70a24db5e09c9d65876fa2344a",,
1844,"0f246520e18d119e8ca7843bd45f0892",,
1845,"78e60afc6c466c47de3bb50c3a533b8f",,
1846,"9ca4f249be695ac66c2e90bfa28f105a",,
1847,"7baf99f804546749f9f0a0f0cd64cdf3","nordic",
1848,"7024e882ed9855bea8595a4a571ba28e","nordic",
1849,"b3c17275f0eb13546f3c8cb1730acca4","nordic",
1850,"62186782f8c329dd7e3f09da2ef4c6e6","nordic",
1851,"8fd291c5cf78d13284501eb0a450853f","nordic",
1852,"c9cd411b909dcc079cc4e185f5c23e36","nordic",
1853,"b5398d443849d24b391eae54dee013db","nordic",
1854,"8ad501c6d7a8ba4bbfeaf589a3c96ea8","nordic",
1855,"7f165e622d6fb979816502ef9fd83d70","nordic",
1856,"3861c7a48224eae1d0cd369c289aeb98","nordic",
1857,"ff08dd51b4dde06a2ba1ec14d8903a34",,
1858,"1d489df858097f0a2c8933bdc470fb19",,
1859,"065a001971f63693cc133f754abeb48f",,
1860,"393e000f7c51a54015403ae199e2b68e",,
1861,"de178837d06c06a79309021f26958261",,
1862,"e2439a7bc187ebcd399e6dca71617cf9","realtek",
1863,"d895c66c3e205f65703e108778b22cdd","realtek",
1864,"3ddba68f6bc37c496e80ff232b551297",,
1865,"ee34d33267e68fa015db8d3a12470d6d",,
1866,"37f7a0038a7f1ac9a6e7f8bd72947427","nordic",
1867,"4ad6eaaf08f8fb6b1bbdede45e5a75dc","nordic",
1868,"2a3da55bbabaff81ef9ef4e9e8f290bc","nordic",
2342,"547e4191d4acf5646ec5f238f1be8688","nordic",
1869,"1ba835092c7bf918ba49ae5202e5b142","nordic",
1870,"ea8bd059f0473a97ef62f77371504a2e",,
1871,"a96dd42d17ebc429534c484b6d14f77c",,
1872,"5d4fbe4a4fcb4043ea7f275f060994a4","nordic",
1873,"406c0fee33f2415f0f7341f6070773a9","nordic",
1874,"4561bb9ca0d6e0624eaf95dfdb73552e","nordic",
1875,"a15e6575631eca8378a405b9ee172135","nordic",
1876,"5f53f2fd7d137b548ab609d7ec5edc12",,
1877,"fe8d510ec5decdbf7627260805dd7d38",,
1878,"6a097d08e5f93081c9e155f9cec803e3",,
1879,"66bf8353c15de76d2db13306132b5cf6",,
1880,"e52cf58b8fd68c684942c811384dcbbd","nordic",
1881,"356b3c5c22bd43cd8fc28d1da03466f8",,
1882,"91fbf463032eee54a7330a1a5e987a68",,
1883,"5b38e81c0dbe712f7573289fb2a91952",,
1884,"c2e1ddbefbdd47e3970c2425e4b26314",,
1885,"49b32b65eec9118042973165508c7c6d",,
1886,"49f3af3e247d9270551ca1e1029a56c1",,
1887,"ee122e16070d1fbf73777f75e4a58846",,
1888,"300a1d075925410c24244d8355e0eb4f",,
1889,"267994e8e87a6017a652b4a88164cd4f",,
1890,"33f17d216dd45757d3cc77940bdef766",,
1891,"6670cc98bce151a681759c826a21dd1c",,
1892,"3d305d5741da92c53fb4f3cd26aed897",,
1893,"0e6638b26c10aca39679f434f5d4cb77",,
1894,"3b36104452d792ad6f797a394b6bf985",,
1895,"745d5d10d0ab85cfec35f0f9dcfbd959",,
1896,"d86b0a308280a59fe2920580bc8c64c2",,
1897,"b6dfa7235d8faf3d0bbf64e51a54665a",,
1898,"8ea4f9dcd173e72cc0c3e5f5e8d7b569",,
1899,"29205e401d75067b9454ddca98265069",,
1900,"2d3277af14a4dbcfccf4e19bea2dcde7",,
1901,"63f18a82c6247907dbda0e2af4e4f89c",,
1902,"25c3f1bc638863de4774f0a102de098a",,
1903,"2ffc844ee5527b76ad18159d0dee7de0",,
1904,"cd7d19e1efb7f91a4b1970be89f1a982","ti",
1905,"6d550b867882d6ac1fa7c04d826614cf",,
1906,"3251a9545f89c0813a291dac5148007c",,
1907,"8951b76fe0ca5aef8a8dbed7322e46cd",,
1908,"43f14d71f41c16ac835ac965c5619431",,
1909,"835251b33d05b1977861cba27ec10146",,
1910,"cbbf95278e6b5f5a9089b8071275317d",,
1911,"b68f9fa7b8e7e13e6da1ba7263a4d3a8",,
1912,"b44f7f7b45e9bd685c1c688f7a43608a",,
1913,"058dae379ba354b90d9a9a6b9d875b2a",,
1914,"1a60ef590e89b4028475c633f42c5736",,
1915,"4060ce2f28626cbd9d07f1a18f4efb34",,
1916,"b0117c7bc94d182d6dd5baccc06d233c","nordic",
1917,"9b390060717a5b67fc60add22705f174",,
1918,"8e1dd1b8528d5577f69f7a48a0b3f98a",,
1919,"dae816caf240a9d9f4cdbf80139f57c0",,
1920,"9535ee1362427e3d76deb07b0e303e8e",,
3667,"0cc48350d03be559b9701f410c64952f",,
1921,"bed12337c2b38c5b7aec69ba45258425",,
1922,"1f0210a97aa93a1abaa3ac90ceb526f7",,
1923,"ae774e0c0dbd734e17affff4d12fc07d",,
1924,"d179d654f02387c38978c2f149bca497",,
1925,"c1cfff2e47a02db4f95a58fa5e519261",,
1926,"56f7442a4ad35b820fb87d37e90023b2",,
1927,"0dbac97d9000cd098a5ca7263eaed5b3",,
1928,"0d1b94214fa6ea821922edf6bdfe7bed",,
1929,"be1fe7e2cb86faa04b02f6aadd2dcdec",,
1930,"368b96288541bcda23d7604519ef5c6a",,
1931,"46b9c97a228d6a94b517dc1154236920",,
1932,"e31270b7a2c1597e4b1b0fdbd4667eff",,
1933,"040422c1580c8b62b5bce0ba66af61de",,
1934,"ef454d28fb98788cc7e219f6614ca0a9",,
1935,"c7de5f5c7fb29162f36b13c11e15b371",,
1936,"f7924bde3e701b3422a829ee54b13b9f",,
1937,"f7ed870022c489ed56efac734de64fc7",,
1938,"836f84602859ef5315a26988f41bc3e5",,
1939,"43d64d2e03bfb855345a4b4363fa648a",,
1940,"b665f28fa03400dfc7448419b4ea4c1c",,
1941,"4af4febb25a528bb83df0cb28d213055",,
1942,"4098c1e95b557f7e8ad204a02bb9aa6e",,
1943,"c2023865ceca61153ef245138bb3f458",,
1944,"7675ba557aac20408edf0863c37066fb",,
1945,"da0f82fa46c1c7d53a56cadf333fd31a",,
1946,"7205cbfc160939a18271a34626dc8e27",,
4162,"5565925cbcaf4c58147467958d60b29c",,
1947,"44eda6c8186c6783976f791f0c9bae71",,
1948,"3ab1660e6fc77fa8c15c40423b2a21f8",,
1949,"b6b20db455484eec0cab0042789ccd81",,
1950,"9e6cee468ca024effdfef57230de51a8",,
1951,"a8715b6c55f7d7e2dc1f54e7cc0c38bc",,
1952,"7f092133a5ecfb21837705be89fc15b5",,
1953,"a2df15ed50248757378d79c6574664c9",,
1954,"8e1cc2d10d6ce93f572245e9b9f67d48",,
1955,"e368909e9c1ed53ff83585d1a38feaa7",,
1956,"4a67f75b346b12a05be6aa6942c19823",,
1957,"31c3cc177bcc6d68128a3ebc8c064a44",,
1958,"6072c71038a95b0c518cca64a35530c1",,
1959,"947b168433ae593aa707444b70366033",,
1960,"d1c2f68594476e8d6279c1ee61a33c3b",,
1961,"759d45dad2e930f2c4c09f30781cdbb0",,
1962,"e419ead6a8dc225dc23d9253e9e9730b",,
1963,"7033e573837d756cdd53f52d8748f27e",,
1964,"1e4b6a9a5fb8cf20c167ebfe11c6ad08",,
1965,"a7e130b07b1918c17d2bcefd4023d0e0",,
1966,"7383316607a40f467e534501457815de",,
1967,"45688b1c5ae82c06eb42b722332c2c0f",,
1968,"77011fda369d7cca7ad2703ff85da05d",,
1969,"7fd78100b67782a92613f9295ed26027",,
1970,"5da3192b0a440fae4bd12d61826cccb7",,
1971,"ca706c2f0da7fa2928e2dab508b36003",,
1972,"72985e284fea3375b985c805a4ad04b6",,
1973,"d8d1face875dca3a7a5ab7a915fcd966",,
1974,"914a14471710e936ae65da4870aad736",,
1975,"03f09c1316776392658ef22a53b188ae",,
1976,"d58a479afef8baa3670f210c1aaf3b42",,
1977,"a1244e1f16d5954f77267c79e6a3107f",,
1978,"ad379a46c16a40022f199754e983c448",,
1979,"db6386809bf8ae7ac813da3252bbe096",,
1980,"c9bafb6398227b2eeb698ef98c3d24ac",,
1981,"69d5ad5db35f806ab46fd456225ccf4b",,
1982,"68f75bd0b4e35758ee8a06131f65bb01",,
1983,"a0f34ebef792dcf02bc428344b17c7d4",,
1984,"058d0de6828c7e40fdc41e1fc68784e3",,
1985,"87af85843deef29fd0c0b303c50c575c",,
1986,"009c0ea13b5e3acaa0ec4c8aa048d8c5",,
1987,"1199732b30aa327d731afbd123b91896",,
1988,"01a17b915ecd225cad90aeef88c516d0",,
1989,"7f03c0bb4b6667575325bbc2efd75c55",,
1990,"a84e7deefc9a7c91f9ae770d5abdce5e",,
1991,"512293f4ecc1da468f510a15c32f785a",,
1992,"6bc04b7ec8d016d8adfbfdb1f574ed79",,
1993,"5a8858290dcc702806cefce2a5cce725",,
1994,"bea28ed656d34ab9049bcb6639d2b1e6",,
1995,"fc8747ea1b3011c0111bdee50b7ecb7a",,
1996,"9d534fb48e8f56ef80a52b8a7e7f297a",,
1997,"68a1cdec960cc4b8bd09095b63569a86",,
1998,"61874e46e418f0664147c280fa9ad1d9",,
2343,"0a2abf7dd2c09e99af023de28a6f8faf","nordic",
1999,"7cd6bf18971395c686479c55a07c5764",,
2000,"258795a0e45209d0d86209e5b4674c60",,
2001,"5e39f9d0be68e588f6b36b8d561f9bd1",,
2002,"f9792f6a463300c01dda38b5612a5413",,
2003,"19b1bd0a9df60e46b67346fdac859973",,
2004,"611633889e419c7ac3e17e77338b0ac4",,
2005,"d7f4c1207b45a1584287621c72a38194",,
2006,"13cdc8a775de0d234ca9313151e4353b",,
2007,"8c16eab0ff3d2be52c8a153ab803fd2e",,
2008,"f90a6eff9e72dcc0c7feed669670a161",,
2009,"28b309c0511d9a56aa1f2daac6374cb1",,
2010,"7c1f5f41885d1624385e9412e6aecd18",,
2011,"bce269114304c6bdca47c1460c3978a2",,
2012,"92f3d135130084135693c6eee8a6ac52",,
2013,"64a66ec6217a1e2fd455b6fddbb61ec5",,
2014,"7c3e2618fb0a14ad276bb00f9d13391b",,
2015,"b41acbad7a81bd17f27e2f951bdb2d52",,
2016,"423bf8dd714e3709742f102afc484fa5",,
2017,"592cb39c2b662b00d1d468cdc30c3600",,
2018,"ad7f3fdc0c381c5a90aae858522fb252",,
2019,"3461dae17ca6860cb02a3a0411400844",,
2020,"533302c4bb4d6d035103f7f4e8462d85",,
2021,"0ba0ad42864a66434f6ca02e26813360",,
2022,"f9102b2bf3300dabc6e8b152020ee579",,
2023,"4f73c68937be55792712e822bc383755",,
2024,"7ee88883ccca0b90bf269febbc9f9303",,
3668,"d18bd37f3d20845d1daba639da2884b3",,
2025,"fb0f9d155b4f6930f0ba0ada994c7e33",,
2026,"4c9a3554d846c3629b604fabe69029bd",,
2027,"b921be3d702d33d4c3b2ae3c673bdfc4",,
2028,"46ef9384a6d347aedafcc4326f81f65b",,
2029,"3d555d3f6072260556efe44d63ccefbd",,
2030,"a4ac2194c5c8900fcdd45e9b84ae51fe",,
2031,"1228e3ba79c80305b5a7e4a6a3034bf7",,
2032,"3b24bd3dca1e410e715f7dead4e25c70",,
2033,"bbd2f517c15c2be9b08e8461c686e482",,
2034,"09931bcf4b965dff8257406a681e842d",,
2035,"cf1516327ff5bfa7c4e5cee2d96c3ade",,
2036,"f4db25040979b12f276e2ee6b3f9b429",,
2037,"3415cee7b39f750adf861210b283eb93",,
2038,"fc31e4c032962819c0ab0cba2f1adea2",,
2039,"24df7737dcca136b89c1a72d047a9ade",,
2040,"c31b085578514c3c1b88e87720fda6b6",,
2041,"b1454c234a8dfce65171132d4183eae8",,
2042,"f17fa42b0a6f4027f640d82e3ae8613f",,
2043,"aefd9355cf9bfcbf82fa36a30bc4c5be",,
2044,"a7cf1c54e5a920ebba0307c7184cec9e",,
2045,"733842e344e9409a1e4a7c53b6a6e447",,
2046,"362e0a13372302ce865fd6044b8b9182",,
2047,"f64aa5810c9db869358125069afd97d4",,
2048,"bf53438aea4e9e9e7762e8bb877daf9e",,
2049,"02136957c2a46c8e926c2645e7aec085",,
2050,"0aa5786bd298eb7b458a63e9d70c3ffd",,
3669,"31aa0f3b9833d153bbe38b699855464f",,
2051,"84f85814f85891323690ac6d4c540bfa",,
2052,"c6e181e2fefe871659c76216d06d781c",,
2053,"849cc042617b01ce1e20a30c0666dea9",,
2054,"b3218206fed38211c5d43c2b21407745",,
2055,"38b4eaa8680295692d09eadf0422d044",,
2056,"d9e2e89d419ccda55a7d6d4c1a1ed3df",,
2057,"51db6a5faf21a28d27376c70025c5a5f",,
2058,"e65f501d2b95ec907d134060c0298fbf",,
2059,"833559d18f069a787e644491e9ebe4eb",,
2060,"ebc9450297f666e4e352023498e7f8b4",,
2061,"7267fad40563ed4ddc06e96d3edd2c0e",,
2062,"5c2c3c130b9faf3b73c73f706bb0bc75",,
2063,"2532435a7bdea31bcd7b5a7c2188a10c",,
2064,"e4a7adaf78a68ff635079d9480dce0f6",,
2065,"719db8b82f36bf13231c998e2661eb26",,
2066,"f715314fc741f8082c1dd235176fa7d9",,
2067,"cee85a5188392c5e76daa0a8842fbd90",,
2068,"dea0ac1e3ca37823f2c9021ed33d26ec",,
2069,"b1e1d7aa947c694362e0648d33252e9d",,
2070,"40f9696c6f3ba08d7d319ab50bc96ca1",,
2071,"94758115c9c00e7b2f22e9d05b185491",,
2072,"5c13b259f65482e6d59e14eba757442e",,
2073,"37e4a5f4a23afd54161c782d02b9f895",,
2074,"b9403c2f236cf524b102ee65b641a61e",,
2075,"76bcb08595bc5a45960d15725fe040ea",,
2076,"df1e0b081d8c3a423eda992417c81a00",,
2077,"50b50812c4c77bdbdbd47b29bbe966e6",,
2078,"8f824d0a87159799c3312eaa1337c90e",,
2079,"5a62225df559f7f760bbcc262e8e5661",,
2080,"4db680b605c3c8dcdc6b91c770e538d0",,
2081,"d11a1fec995d7368a78c2187d6acd10b",,
2082,"7bd7cb6bcf423d86271d32b3085b0679",,
2083,"f7bbdb95f5c66a5da7d460bee917ad91",,
2084,"5d4db943f4d9f41505de00b150584217",,
2085,"f536483f2f4436dac2ade3ec2b385b1e",,
2086,"1dd32e78325da6fb5a9aa8d197a9d6ad",,
2087,"9a7dadfacacd3c8717c7c76827a9cfb7",,
2088,"6b2d3595eddf5b682a5a02c22efca82b",,
2089,"092f81dd3116a62ea99b66482069eca1",,
2090,"c1cdb6fabf859c20562263fe51e1c26b",,
2091,"a85620c9bc2a61a7f299174d56b32138",,
2092,"371fb0e0cfbf0626738aa612a4d6168f",,
2093,"dd1bf229fc50d07fb47b70cc11f93780",,
2094,"8740d6d40384343aeb721c6cc0597b3d",,
2095,"9e0001fe7f6fe5ecc14f10090bbaa4b0",,
2096,"7a3180b17e5c30061ff2d6bd2f246d66",,
2097,"0e68f5434cc1cd8312d447ff35c96129",,
2098,"2f8616f8fbfacfa465f2828b2769f827",,
2099,"50992c4a564137c97748ac45ba8f18e2",,
2100,"9df9bbbab5208a483a07f4040d7e691b",,
2101,"785354ad9e8c3ba9b1abd2d42116e459",,
2102,"c8ea454e7d7896be6cba35266217b39b",,
2103,"7540c5cb46f487cf77237c3738d227cb",,
2104,"8aaed8d5c7e9c116f1d895362038b5a4",,
2105,"1f2d10459d586d002a81a54922387001",,
2106,"8efa9297027cd8e740158b50b2a8ad13",,
2107,"9bb821d7f21a4585d77df80d9bf178d2",,
2108,"e54811d7244b3fa81342eb74c7ae92f8",,
2109,"7ab10a16b75346dae3c35c33e093d6b2",,
2110,"5b64051bb10684be61bb6901be133b50",,
2111,"26d8b85e5cead3e9ab170413bc759819",,
2112,"67236a709712b4d036782e0fd2189ea9",,
2113,"55fb8608b158cd46f4a0653e6cbd7a9f",,
2114,"3174e5767344605b9aaccaf24b9f4170",,
2115,"36727ef2ed3926fc345331e4f37b1768",,
2116,"0e6cfa037a0bba614d9af29f6b3f1970",,
2117,"b7bc07d40ff6f3c3187a63fe61715c30",,
2118,"edc55c12562c263e62b3ace10e2aca96",,
2119,"d20da25a6caed529c89add69e6345c93",,
2120,"947095a319986636502c1baf2cb2f9b7",,
2121,"256343d398a046faad537001a22e7a7d",,
2122,"50be4e15a00a1f04b731eef8a5c392e5",,
2123,"3ced33846e938faf15931549c3218754",,
2124,"ebf7cda52fb1d18c250340da1763ff8a",,
2125,"951402bd9fce31bfb8c3c3c704bcd070",,
2126,"11bac7b081103b107663a72e4e05f198",,
2127,"6e51bf7a48ca0c57d83c7e7f5de45c59",,
2128,"b20b2aa8ecba9aa6f3c5b6cdddf817ac",,
3270,"41612ba398f5c3a6b60d30bfc2bb8494",,
2129,"e5a8d5e8ff7410b3b4eea5625efc0c21",,
2130,"458e202f87315f63a9c886eab0b9ea22",,
2131,"4cb70eab947c5678c1adb2de40a36c1f",,
2132,"e4050ecab7da3a22c86692618a2afc19",,
2133,"8f44a1d189b363c2906e79f82f0b2f24",,
2134,"5eba3409405959de33a16cba9e84ffa0",,
2135,"ebac41d0ab5ef3f652c25c22d415d9ce",,
2136,"c1f255357003ebfbb05dc04555aeac76",,
2137,"17b9898466687e787d186631b5ebb344",,
2138,"62dd181b3834b35c9c4ec03a2f75cee2",,
2139,"9ac4a2aab22b60788467b15b86d515d2",,
2140,"84d5a6dd11c77b8b9dadeb3cfa831f01",,
2141,"1de79c1c87058ef5e63f264a257dcfc0",,
2142,"9213205d3f5a14088534ef443bb6b1a1",,
2143,"6a0d30b2c2834577567681ac3b8051ba",,
2144,"1681731e27c357cdc3a27a31884d698c",,
2145,"cf752c58274ead2460bc37c0daf2b9ce",,
2146,"a1517c2472329472c62a8638c1351ec3",,
2147,"d07253a283e5420e49d7404bf14812c9",,
2148,"737d66cdb5dfd917bebd21b6dae093ef",,
2149,"2a999b611a67904678bafd7c10584bc1",,
2150,"ca2c3c2d76cca58f010e8f817fc72f58",,
2151,"f0dd4c612b9b2a6b35653cd7472fb609",,
2152,"2021d2150645a7d3becccbb8d9314b89",,
2153,"052a6d58fefa2aa6dab09d5c292a5cea",,
2154,"7e6d26e0d514c0be60fda61410c05c22",,
4163,"e26df61f20d1d99e9be4230b85c700e6",,
2155,"a0b726106a1927792dde92123b8bd595",,
2156,"b25f733657bc479032e4ebcded655ce4",,
2157,"8248eabecdf89929e9dc7d326a21c348",,
2158,"e36c24e3e7a24d31ad36fec96420925c",,
2159,"2f270b3dbcfb2e679e2ee136f5f95c2f",,
2160,"24f05ded8775cfadfcbf74d1bf8aadd2",,
2161,"debbb35fdb02ea95d6d59edb160ed713",,
2162,"dfd2da518a64b821066c05f635961600",,
2163,"f50ee2a5da5d0675fb82c9784dd2bd63",,
2164,"0f1b0eb4d16046c5eb63eda475de4233",,
2165,"2c67b2725f549ce3434413e2130a8789",,
2166,"e1b8e7779e1d05193a9789c65cef1823",,
2167,"c928287b2244dcf857aa2138f830f7c1",,
2168,"8d10d1f57638a0868c239e6278c58762",,
2169,"68765492a6fc2f83873aad5627eed000",,
2170,"73f651261439d29d1cec2c98cf4b231f",,
2171,"f5c602e20c1023051e968f305b58a007",,
2172,"0a306005989d14d04a2abf8d56ebb953",,
2173,"2a7559c214d0237676ba4df996a434e6",,
2174,"3367ada7c7ed07182df0f81010d0814b",,
2175,"ab5fc754727d2c7ed516f75116668fa2",,
2176,"b8298bdffb8ab9bb3e5db40e496af510",,
2177,"dd557e32c4de749eed24e5fd090a39be",,
2178,"fbbb7ef5bc840869d799bf9004900a01",,
2179,"31e2d70aa60ebb7ede9868b7a2e55274",,
2180,"a5e39a26df94306b3ec22e2b98c82869",,
2181,"c3c691a3df4b046e1c36eb571384a924",,
2344,"c6153cb26c905387bc6a95ab9b658778","nordic",
2182,"936c13b97fa240264a4759690faefaef",,
2183,"8965b7e074c58e8648ad2ff0ee56ae7a",,
2184,"ede40037e6cc34340de6a2a5d18fbe21",,
2185,"ecf8a9e1f42dded3e907c9f151f0cda0",,
2186,"9717244669098e34f6a5adca537519f7",,
2187,"7fcf4223f3cc13f4334d380d4c622a3a",,
2188,"c4c1aecea51326b26aada64ed901e2b9",,
2189,"2de1c894735e2683400edf6894d7a87b",,
2190,"13c0b1abaa544693d39deedc4156690b",,
2191,"562240bc74f4be78235e1f42d85c608e",,
2192,"b326dba7d25867e8816c8914dad4bc50",,
2193,"e6b8804fc83f7ec834eaf98f3bbb7d64",,
2194,"466afd7049010e2cf3d961f947e8d1a7",,
2195,"168831043df11eb2df5e587904b98a3e",,
2196,"f0fa2cd1c456de8021c2ccef781fc00f",,
2197,"32f2f443fee476b77d47c035e0ef11d0",,
2198,"4d0f6dd95473c0b6a97c6328ae55a3e4",,
2199,"1d0d827bb4cdeefcc098e3b645a680d1",,
2200,"c2c12a0e3b1eed5e248beba2b8d93056",,
2201,"aab14742630cd80217bb6b8dbb6faa8e",,
2202,"45e8880bde7af13836bc2e7a4695a37c",,
2203,"2cd1106a0cd09dc07a6fd4783d15afc5",,
2204,"507716fc9933aa143f214392dd25f9f3",,
2205,"d65336de946ca97d993c791c28154cb3",,
2206,"2fb695e2580d83166828add365b8b4da",,
2207,"dddf232f6415fce7096b0ad3c6e8b5be",,
2208,"bd50f197e4c54273a020a5537b775a92",,
2345,"74868438318a967841fe8174d36f409c","nordic",
2209,"43e7e43a135b5fbea58eb6fc6e2f5f44",,
2210,"cdde94aa9242de71f5e77e5214e318b0",,
2211,"25185f73182adbff4711f78351a95efb",,
2212,"f8d5f3bb79ae07d69d95de8c11adea85",,
2213,"5a4a0a9222e3a7ae0c15be510c24fb20",,
2214,"fe0119abaa68fe208ea3bb72e9dda6ae",,
2215,"879bbd686a1aa2f4f91d577ed8708292",,
2216,"33561cf6e0b854f1fbabf8dbaf3e7341",,
2217,"c5a5a0c9f8d28d7b370d4587579e1183",,
2218,"2b8ac7502567f1818d1b051c7cb65c92",,
2219,"72181550a4cfe010761aa9d8a0ddad4c",,
2220,"2c6a8e4e6dee50ec1920bf029bd55e70",,
2221,"fead38b4bb2a23811b8913aed5a09c0f",,
2222,"9912630e39d12fce30bb113ebc469845",,
2223,"59bb6b980b98a8b213904898e1e8a820",,
2224,"da1de7a285e682bab49c27265bfcf579",,
2225,"eb066470faff141fd23fef3586b98f8f",,
2226,"d7f2b55776f43103dedac57e60b67b20",,
2227,"c26907d48ea145783469c5675eccbe1d",,
2228,"3cd851a6d39c089a5def3f7177d9bdbd",,
2229,"6e0746fbd52e29a3fd5ca51317f9ef32",,
2230,"ba772a0422fc75e5b50f2fcfb24dc3c2",,
2231,"1a302bd175cde8783b34b3328e27ab93",,
2232,"3f8298cb79ea1c87e736edabab2ea0cb",,
2233,"71af2705442842c5e694b92040825087",,
2234,"aad342d312e88a41fd2dcfc9f84e725d",,
2235,"3c03025e28adf0fc2ec371ab7b234b44",,
2356,"7d7456069efc9d25fc9f98c724ac2530",,
2236,"24ab10b530e535a2c1139af5a73d5dbc",,
2237,"3371e85de45484588e497a5a942d2d68",,
2238,"bc4c59d8469ea7c52086419f92cdad44",,
2239,"d8eebe9fb0247bb8056fcdb007cb8829",,
2240,"830ba26e271380443b4cbba24a437b7a",,
2241,"06b2e1ece17c11fd86e54386c566e623",,
2242,"94b65f5586158926a02fa30189737d91",,
2243,"1fc91cf0bcedbb8132132c3576911803",,
2244,"eeab38cf0647d66cb9c589c85e4d7f68",,
2245,"1fae7d6bb7b2f4ea751d464356ccf0c4",,
2246,"3f72f0667c7b5074b0d351245000dd16",,
2247,"14fa522bf999e0df16f6735b18ba0895",,
2248,"f495075d7c8f66ee81dd86f18f41de5d",,
2249,"32a22d1bf50e620dfa00bbdfc7812939",,
2250,"04d2b8d7cfc6a26f5a87d912e4e39551",,
2251,"fef51d56c164cb04c54025473281099c",,
2252,"3be06cf221529c1e680c496f816ea467",,
2253,"c4d497e47ae81b5c1d52d506ea01977a",,
2254,"9b19825980579e4799b22764a8663cec",,
2255,"717a79858bb2e9d01d2e6fbb9418a1ed",,
2256,"1ae1ed97a67c54b098e22dc7c4921699",,
2257,"8b02ee2c931d081fbe1d00382bdec543",,
2258,"fdf8059df5e3a0f1513ec0e29091d27d",,
2259,"e58fd2b968b81da8cc3323abb68bf46e",,
2260,"da8a6cd7cc7f247e7ddfbe93fde80c3e",,
2261,"91f4e32d6eca3399d46ea5c9e90bf784",,
2262,"700ba24cbe7bf6d1d837ab2e47f2de85",,
2358,"7629fb02403f0157915c47e6ca305de8",,
2263,"0007eca7f6d441ad7473acecbf59083f",,
2264,"e2447229a6e150d22e2ac530bf5c6fcb",,
2265,"b3968a94a363efc0ba8f31c4eac0f555",,
2266,"5e896a5480ae9a2d658333b41e33031b",,
2267,"d65e651172c05e0ee20bae91d60f4fbc",,
2268,"06ddb6ce5de9aa8081d607651e0c2e49",,
2269,"7e2d207136186733d41b8a6b646db155",,
2270,"cc80ba26549072ed5cf006cb482a6645",,
2271,"d7e30d49175ab23127370aa1fa74ced7",,
2272,"1928172050e6f11b05237b6ece55d355",,
2273,"af4e68e6082f5a243b3fd0881f3d4218",,
2274,"1b3143af5af97988773312286d19eb1e",,
2275,"2c327565fbde5625096fc59440d37171",,
2276,"945d548b1a3ec973b7fa7a26fc8be7af",,
2277,"1ff96f1166366669cf6ca24ba6d0e44e",,
2278,"6b8ce0d79fbb6732d059fbf8365bf22a",,
2279,"bad1294edc0a705b2e931abc275323cd",,
2280,"494846af9797e6791892a05963804503",,
2281,"3dfd64da1743a21b1bafc8f3f181d0ff",,
2282,"844a2617c5ea722b5811716616f4e8b3",,
2283,"ca8c8422a62e7f657aa8d4f2ca55b584",,
2284,"f6d4a24ef96919b8b9a91ca735b5c585",,
2285,"b65a9cd19dbe7b6d003aa955920cd6c1",,
2286,"302c9c66718b81b68c7aa22e8b300139",,
2287,"3974e2982a59c98eeb94b492e3da4f92",,
2288,"3ded83f15b06f0eb4fa2c256ee4e30f5",,
2289,"a4ccb73afc2e68b39505b0e710c29a7d",,
2359,"770c3a451a91285e268c6d77ab3c91ee","nordic",
2290,"931d5f364bc4189f91c739924271bd8b",,
2291,"3931799c1ec1fc59a97239b4de886f83",,
2292,"fba512444153a408a94e7ccca06c1dd6",,
2293,"139359cad2030e1884c5edfec829c6c4",,
2294,"2e262ffc460f1b208cc5c34b3bea953f",,
2295,"d182f51b0799652bb2e57b99481cc8cc",,
2296,"629757a55eeea675a4a3d162165f6bfd",,
2297,"5edc325ae9c50d0ec83b5bdee2278c80",,
2298,"362b42318d15bc27673677b49f157c21",,
2299,"865534ed29ae277d05b09c656c60337a",,
2300,"369ad0d2e319a1913df6511697a1b276",,
2301,"8e038e6e7d4b6b6db26ce525373951d8",,
2302,"4f50491cc3c190bfe476fe5bcf56d42f",,
2303,"0735ad1473586d92008f0106c87418f2",,
2304,"20925f6379e9b426f86d53bc9d7bf6d2",,
2305,"fa88b655f9a5b2a5e849fc6e21e9a96b",,
2306,"c4f144a9de3e43d76d05e8461072e39c",,
2307,"8a6c32bb0631da074a3dc7ce29b2a932",,
2308,"ae822fe756645fc3a11fd130c58663a4",,
2309,"e4280194be89e6acd747c7d03e8e4d1c",,
2310,"95a0e093ff3c65f0f7ad1fd09f815973",,
2311,"36cc9e34dfd4f50550bb466857e13609",,
2312,"e1472cceff4a66a922ef39b96c01fceb",,
2313,"0072c419113a38346fc9c0836fd7de6b",,
2314,"3858ba18778720b76f507238d0017f5d",,
2315,"678e25f410248ce353a29c666e85d28e",,
2316,"3df20f8f1104cc60c6995d8914e07dbb",,
2360,"04b3239f64f01405354d41e6201f542e","nordic",
2317,"9d8fe406acc66f299f257651f5d2eed2",,
2318,"23651f21b30d1931745b159e10648715",,
2319,"001dc7624d9c5e561411804d3d291c89",,
2320,"787a7548402565775c4a732ca812f481",,
2321,"d42107de639f4e94302f1f347ad0c0c6",,
2322,"7facd47cf6bfc86b4e274fce5de1765d",,
2323,"f6837214da172f7c117617a7a531525d",,
2324,"19233d2c94afda865ac3cb0fd1fae76f",,
2325,"a8150b097ca7a26015f7717289ae8769",,
2326,"b8582b343b23ac90ffea80b8ef8c81d0",,
2327,"384b1fec68db2f19258be8a10c319329",,
2328,"01dadb9d1a982202c9da21ff5f23fc7f",,
2329,"bfe5d6f6347aa02b1ae4584f1dfd1d93",,
2330,"c1817851427722bcf84365e7010dc158",,
2331,"871472fbfe80efbd7479d2da3ffc84f9",,
2332,"2e7aeb21d04f1dcbe79a81b465882cc6",,
2333,"11d17c9ad0ad0c20234909f7023f340f",,
2334,"f33848e55c985190a1e376e1323644ac",,
2335,"e322189ef64fc9abf7511d00b52bd681",,
2336,"7a0806061e45233c66ed90e061f8f93a",,
2337,"e1646b3f013656ba1eb1da16a7c01e01",,
2338,"8c8c993c6de162a5059a9473f0efc78b",,
2339,"c6f4af2b4b3642f7ea118d164f1420c1",,
2340,"1b5262e776aa684fd6660bfde8ae02e7",,
2341,"ca8206961f318b00553120a85c7c36e8",,
2346,"c331761864b0e7b070c1c858e5104c2f",,
2347,"e5984d11907401e7e2050d80550359ad",,
4165,"6aff0e7786986fec9b5ad2d345afe7b7",,
2348,"620499ed7e6fb91675eb74685e0e3de5","nordic",
2349,"428711c724687d0813de57e66ba32693",,
2350,"87c7ad9a04dbfd57c225824bd3a19bc9",,
2351,"67a4ef7d6be14b4f0bc7cacf648f1217",,
2352,"fa82c4b94247d0a6d0f269bf167402ed",,
2353,"69567c4a7559bc66240dc53ad218455e",,
2354,"80aab00efdf7b0fe3910a6f1961a8b20",,
2355,"14779a51dea4f9c5a52878481996533f",,
2357,"41d710beb60cbfaa577ad13e01e4bcc6",,
2364,"2050e05437e5c71a021fa33c587875ea","nordic",
2365,"144bb5b73d7b16cbc7bb2315f90d5ad5","nordic",
2366,"f0890f7603e95a6ad8d48cc24657cd45","nordic",
2367,"ea5ce46c0b248295b47cc0e411c15d2a","nordic",
2368,"0f2254f74005fe4ce2c3cc29ed95348e","nordic",
2369,"233d63ff7a2bd3b31aa2388fa194decd","nordic",
2370,"a753f31af630f70101360517c4312f7b","nordic",
2371,"47124ad8c64434d7b68534ecac481740","nordic",
2372,"6a0efe2a47328c1ecfd2315c8ff40a1c","nordic",
2373,"09e674bcfc800e7c341b59270a78236b","nordic",
2374,"be37da95f7059a7f32df66c592f243a1","nordic",
2375,"b025d9747ec5db8f1c62be3f8435cc59","nordic",
2376,"8abbbf59d1db2614209799f84bf9d202","nordic",
2377,"625e4e18d5acdc56a42e854e69ff35c4","nordic",
2775,"23c006e348e72f5e59fb7aa02434831a",,
2777,"26fdf4443067a3eb3cc8df7854bee03b",,
2779,"7ac1ac711e62fa5681ab65473b253264",,
2781,"fb7cfb0762f7114e416561f516572c95",,
2783,"4a278e4971b543a790a13e427c4d047e",,
2785,"a8f272be0e164db662d675110ea18e51","nordic",
2378,"2c2fbb94499f7c24a51fc10e500fdc22","nordic",
2379,"ef224943b003eaa78d48220cdbff0296","nordic",
2380,"a699601765f18672c40bf3cccaa55800","nordic",
2381,"fecaf36f03030c5868d7aed2ff95f050",,
2382,"d1e2b99fe170ceca7ca253e6eeadf82d",,
2383,"3ba25d80f882e69b71e65953c31b8049",,
2384,"1f688c951374a3c8bf67f52ed98b671d",,
2385,"97b62f06d01fb8c86e4915b05c759438",,
2386,"571f30780d3920854b85cd89cc56cad7",,
2387,"338f58ecc2965205ec0e6cede1868110",,
2388,"2c4e778b7d02b18b8cc850140035c413",,
2389,"8ba0b446c8428ca55413764665ec6b63",,
2390,"7d1a3a4ea93bdb44d5571e53f9a727b2",,
2391,"80c2160b45f3bdad1ab6405918ffb8a7",,
2392,"a80a25c0d7d1fc74cae59f5ccbd45881",,
2393,"6a61b1188c5921c02c0dbead5ece9522",,
2394,"b93040c97c10c1a879fbaa45f1fb11d5",,
2395,"5e2293b79a1e660f9e267f36f58a31ae",,
2396,"cfb514c465e5176c058a5d13094c86be",,
2397,"9161716cf87c529e6be8c9d920ed2db2","nordic",
2398,"5d51b26afcfdc5fa8e06c94c68ac5575","nordic",
2399,"2fced383d26a54a762eed7cf37182437","nordic",
2400,"5561429917834e4d07f785a639b4eea2","nordic",
2401,"46c6dd58f0bae200a54b9951daf55de0","nordic",
2402,"2f3fecf9202c9a6f2a8773fa885f0b2a",,
2403,"2de1e28b490bd64f62742df207056c0c",,
2404,"48a3fd57cdf3a1fe7d6844275fe0d088",,
2405,"9078837198ca4c60b252a91fc57fed24",,
2406,"c1fa2aed5145a1fe4ff5c7dd2596a9bc",,
2407,"4d4613a0eeebb94e62ec4390a5ded8b3",,
2408,"ee7192010f21662fe7896a717d7a59a8",,
2409,"e9c228b5a0e279141b2c49e4e78ee004",,
2410,"109b2497aa56dc878c4c35563c8aaead","nordic",
2411,"25e39f8cd776e9cdd6559a6345376919","nordic",
2412,"a0859553d351d91c3b52c6263a8046b4","stm32",
2413,"a9b8eb7377db7fe7f2c83cac7b3d45c8","nordic",
2414,"d6c3ca9e084892d2394d669c76647154","nordic",
2415,"3dbedafe97bfb9c449847e93936d8d95","nordic",
2416,"e53f599c19b92bdb78d7d032d94c9469","nordic",
2417,"e7a91e5d15238398e4e171d5c85457ec",,
2418,"cdb338a71c686b50316ff26b31dddee2","nordic",
2419,"6a60bbbf1367ebfbad90dfc8dd3704ab","nordic",
2420,"798c187756720218cf137d235fffbb11","nordic",
2421,"1175eccf7b2129c1dd8b6507b92c880e","nordic",
2422,"e45c853f96bbe814ed2a0f7b4667242e",,
2423,"0804616e3c54831f98c18d4b7a6bf3d3","nordic",
2424,"216af58f442cd021b9fa38bd6e67a2f5","nordic",
2425,"560c18c2a618a4947af6310af3d85b2b",,
2426,"0556509478dc1543462cbbaa1ea40f38",,
2427,"ad6ee2bdff697de3ff352307e56588d6",,
2428,"a9664546b0d838f644f9b271d391ced1",,
2429,"47336be8f5f7e1eb1a74e2baa7957f9f",,
2430,"43dabdcd1dcb02100d99d337b51cc47c",,
2431,"6c5ca0659760512a83d9dd51616db64d",,
2432,"1a2fafdb50d7160c28e197e0bf7097a1",,
2433,"e6f47c7e7b95d320c7b082271a28c327","nordic",
2434,"a3e1f5346f3e4d25b9c44090df3b0e30","nordic",
2435,"6d0eedae3064e913b3d470bf1cb1acc0","nordic",
2436,"7f5780ee4b4ef4912388d0ee1d88453c","nordic",
2437,"6a47c4facc99c1c9e9e249fe42feeef5","nordic",
2438,"eece1af0257d195f2da2e9e621bdadd3","nordic",
2439,"35ebb09a70e0910e5bd9c75796191519","nordic",
2440,"45896320c267875fda572811c5770d1e","nordic",
2441,"fe11223680e5c9d00313616aa0a3af75","nordic",
2442,"5cafae49692b2e41ecd025d4d3ba42be","nordic",
2443,"224676b1835ba78304d794ebb9503375",,
2444,"dfd07adb5d184fc31cffed82142e1ead",,
2445,"21b1342e0e7ce5a321cdce32990a7e67",,
2446,"be0ec6959e2bd1e2fb30e336e3685eaa",,
2447,"dafc52fa89c6a1266e61e89be37aca9a",,
2448,"721884216e3b2c4c2db4ba9d23cae705",,
2449,"8ca56d9d02ae3b122d6f65789cc747ee",,
2450,"243d1b95ad31849ac52c8952ee67b69f",,
2451,"06cfb2caf9391d63e0c6d98ac7397004",,
2452,"7f6fdc9ee5d478aae6b6f9b542a8d4d5",,
2453,"9525933b48fdf4712658665d906828e2","nordic",
2454,"360cf9895783854eb9ff48863c8d27ea","nordic",
2455,"ee845cf3502fcf7eae131438ebe7f415",,
2456,"9a536c03dc7a02769fd675c3226602f5",,
2457,"8c95640edfc7046aaf75f0449f5d1b84",,
2458,"79ce977e67c91f61e70d457dc9e77b88",,
2459,"a6163e0199b8679ec689b4073bff437b",,
2460,"bd11a629f47a3c1dfe7fec4a84fe5230",,
2461,"1ddc02892e0e683fd9b25a45fb362b34",,
2462,"3cfb1d4f679b8b0a579c25fe5b3b9d9a",,
2463,"f4bfec682f83a5b9c5e0d669b6e89804",,
2464,"d2e2be6d6fd1251d4b4a12472ab0af13",,
2466,"df39d1821e5318b48a4c925297b3a836",,
2467,"68e04cf0628005ea42f0278cf0143673",,
2468,"2ede6d230b2b66744f8cc1ce5b2c824d",,
2469,"cc17d2a3246a1db6e7303753ae8d3c29",,
3278,"ed774470d90d3396ee6bf357c470a396","nordic",
2470,"ec4ec78ba061a3321e53135400c5eae7",,
2471,"41d2396bd203100137479a19ea0d0e05",,
2472,"5cc474d72f4bf2321ffb5da2e4b673f2",,
2473,"291844f9dd8a539042666e065552aec1","nordic",
2474,"ecb67a623601243b406892fd87a07508","nordic",
2475,"b2a5479d445ee7cd91906507bdae4c7f","nordic",
2476,"1221df253a3884696fdbbae7d572939e",,
2477,"3cf96607c0e12630ad97415315ed08ab",,
2478,"6bc3efa380d206a5ce003f7a553448dc","nordic",
2479,"d9ddbedae2b141e60231140ffb538a47",,
2480,"10b89e8be121118e2c8d4358b42b3e7b","nordic",
2481,"f11fc2713042d851c117786330e3cd6d","nordic",
2482,"d775bf737d6eccfdfaf8f20c8664eb45","nordic",
2483,"b30924618ca38502481bbb0486ccb022","nordic",
2484,"ae4839696129034988fa3831dfe6fa8a","nordic",
2485,"b58706da3545bc10ee7414ac5e58046f","nordic",
2486,"938af791127f924456e21c606e310b78","nordic",
2487,"26cc9ad51bd8d0e6d5c1186c3a55874a","nordic",
2488,"a5f9ccfbf89c7756f0f32e000303cd00","nordic",
2489,"4b675f231970a5e721800ee3e523bf1f","nordic",
2490,"d93198d1f451b7d5bab0631df094639c","nordic",
2491,"ced94506e91871a3b7513ba0854d85a6","nordic",
2492,"5bf15b86b90622074bd6d81fbd9c2dca","nordic",
2493,"89efccbce101c6fa32a810fba626e050","nordic",
2494,"a6ddeb53aad931268916b8414a0701a0","nordic",
2495,"610fb8dbd730d3d8ba6b478bed820860","nordic",
2496,"c3722f4d15b82bf0fe7d4a07eba172d9","nordic",
2497,"1eb7d5caa383754470d4b813687e619e","nordic",
2498,"af400cd4d874e6bee86b55651bb99fcb","nordic",
2499,"4d6cff1763422d4722b463cda2db7be1","nordic",
2500,"b4d8fa9f0d51b3a15b98fce666bcde31","nordic",
3282,"c66d83b6ebda876fe11dbfba6ec606fb","stm32",
2501,"9b1d54d1938467bcf1b740685a7b972a","nordic",
2502,"6a7408081d7b0dc26134ebd05b92b8e5","nordic",
2503,"ad8c8bc662644a6c2a908fb9f77d27c8","nordic",
2504,"77a0e6c130e0b46713c0824684c56074","nordic",
2505,"9fe923e7624acdc1f27ab0a490ed32f0","nordic",
2506,"d78161d81bc3c93250e619f2b6ef6f0f","nordic",
2507,"28405799f1dc61f716acd9f656499652","nordic",
2508,"2c81428698f4c657f1244ee2760fa36b","nordic",
2509,"62144b90a2181d5aa9c6d58b9f6b9a91","nordic",
2510,"a485116b40d8174da6f3aea329d68883","nordic",
2511,"b652d77f760d6d2a8536f558b7bfbe25","nordic",
2512,"7001bb69a9e63a1522f328a7e71ff8de","nordic",
2513,"1f1162b93a9859eda7a81d53db0d49b1","nordic",
2514,"61f25d11fa649139b2509bf3aeb4986b","nordic",
2515,"0dbda2144ad34c67a3d845b41b0d450c","nordic",
2516,"11e6303b55c370b9ecb986291d50f3d6","nordic",
2517,"824375f94be0a9bc39bb4a0ab8ca8bbd","nordic",
2518,"04a5479c08371e9f1dddb44e6fd8c9ff","nordic",
2519,"40caf705b960a22612110a1402f8defa","nordic",
2520,"1dfeb14b04f57d2d7ed7aa18f002573e","nordic",
2521,"56d956a88a618563fbbe1a53b088d312","nordic",
2522,"bef76a142298beaa70afba379903d0ce","nordic",
2523,"df549a206537bff267809b7400685136","nordic",
2524,"011e60b2b5c84198a5989fc943dbe80a","nordic",
2525,"355e872951a39289efbbce80f04b1d0e","nordic",
2526,"f11984b96a5dbe2138d94ff077c0d1ef","nordic",
2527,"196c0380f5d02a8ef039627cf2663a97","nordic",
2528,"7e2f72a2b14fae72437710c0386de3a7","nordic",
2529,"7148e50b339d1e5311127d8ffe067ac6","nordic",
2530,"b3cecb36eec73ea7a8db160e9427a4dc","nordic",
2531,"b1f4442311df02e55cfd302f7e326466","nordic",
2532,"032cf44d5c3c76445716a54c06e0a5ca",,
2533,"e7d01e1d1e219ef63e2b2364a4595cc1",,
2535,"7d42bb58b83d01554a31ed1086375f1e",,
2536,"8186b95b592d49529ceed58470975957",,
2537,"08674536229633f52d7b35d3329a24d6",,
2538,"b6bdc661fdb8d20eb0943932479616ad",,
2539,"b11b9b02a6f3fce891cf7982e0bd5cea",,
2540,"687067e90059ad52a1426f07a61f8ef1",,
2541,"dd9db122466a93290d6a0baad45337c1","nordic",
2542,"6d9fb69f0af5e7470a6d92e281744639","nordic",
2543,"ff0bb5d8ac91d648a2f597c1314ce76b","nordic",
2544,"cca1f2cfd1feecec929a19b1b475a581","nordic",
2545,"21ff431e79ed302cc55a8d1baafdc41c","nordic",
2546,"097aaa0523c6caa22fa75a0f0e6f9364","nordic",
2547,"323ed2c794f6a02ced418b50f1861373","nordic",
2548,"759410f6b3a6b8032b2528041575edf9","nordic",
2549,"1f797485bf5d788e62eba4dbdf19bcb3",,
2550,"410444e7a3031c8ca65fa257b30b5ee5",,
2551,"fd815182a7415a81e9d47cba7068b3c5",,
2552,"a1cdaa7f41a3b77e8414c1d757587e6f",,
2553,"5f5a764e4b11a29a571c6bd8aba87cd3",,
2554,"127e2b2af45ffd16c92f4226583351ae",,
2555,"bf0631c25ee494e6004e7a4ed183cba5",,
2556,"75dce31ac6921f75145b9ddac7b06e19",,
2557,"596948de8dbba77132813b0ed2f99fb7",,
2558,"3bfb03cbe72f2cc6ee6eea2beede3c3a",,
2559,"01fe01c007e4aa4ae3ad790ea75640b1",,
2560,"c2886e81f2e87d093f0283a21f76b628",,
2561,"6ac2f169a2d2556818f6246183c08718",,
2562,"3c82a7a3da3d3b203d83242373f18d34",,
2563,"cdb55c4b968986f224dc7cfb3812e90a",,
2564,"b2f06e5acf87cf2d57eaaa1bd9f39150",,
2565,"cc8bc20e74fb053662883a164081d95d",,
2566,"1f051ce37ac5e196fc97aa7366645a98",,
2567,"d8541a3674f1a0bd33efe19e8c075212",,
2568,"29583b02f46011c29cae58d24c2462b3",,
2569,"16f89426ba6b5eab24f0c3c3d226fc30",,
2571,"c4cc8c9b6f762d3fdab4093b0a46bd46",,
2572,"bf2258772514621ed75650e9bd79c0ae",,
2573,"6539aa0cad80f677877a033de64b7ba9",,
2574,"e3859edbdcac69452e531da70f60ffaa",,
2575,"f4e33c12168493a8e2160085b1d4457a","nordic",
2576,"c890ce3e6f522048544204a8781ca644",,
2577,"91594fb1010d12ab00d1397b0cfd3728",,
2578,"7b059e3c5895838ed84e24507bffd102",,
2579,"b4ad8347b70e5fbb455fee03480fb761",,
2580,"19a620e02f4d3b47c9a72768e54c5f47",,
2581,"80e410f996738354c4379d6b76de552b",,
2582,"f8bf43decb00cb35b4433dd0be32703d",,
2584,"e9aa55447f032f6a5f10f928edaf6839",,
2585,"b2c6c3612171e9ca0df37e73c2ca3f80",,
2586,"fdd7aa7e33275c282bc53804878dc113",,
2587,"0bec4a857849c1b4bd6a1cffe6021ad1",,
2588,"d4872b20b08e67e09a740ef2be104215",,
2589,"cd50917feedf4963d9cecc19092b93a1",,
2590,"0b29d540f8aa19e9789f2401fb9b0b8c",,
2591,"d9e707da09a0067a637d4501395f99ed",,
2592,"b0aadd80f6c695fbaefc4eb65dbefaeb","nordic",
2593,"2ab7eb7a95a405a537e1d13859e0ef88","nordic",
2594,"b5305e50fd25cb740cb918a0564f723b",,
2595,"9e8de5ab9c0a5d32c9218744a2ae825a","nordic",
2596,"c4b4861943b9f47fbc62726fafb40549",,
2597,"39a06b5da558c6cfdd8b68c71e5ac4ba",,
2598,"d970051c85d0d6e399b992607c9748c0","nordic",
2599,"ea6ea00eb0a2b969f6cdee0554738c70","nordic",
2600,"ece762b14028658e588c7765dd3f9e02","nordic",
2601,"d1e4fba1cad0cea229aa76e4c5c1acaa","nordic",
2602,"c7c21b342291614666cc1dfe53eb1c60","nordic",
2603,"74a451a2bbdb1753b52ae49fd52c5f42","nordic",
2604,"2f0718aafc3658df581b57a9aa531bf9","nordic",
2605,"c5e91092e64f16f2fe117ffd68a3bed5","nordic",
2606,"dc89cee935ae06446b4aee3d1984b593",,
2607,"7e89ee326df788cc9aac5c11e2e1b017",,
2608,"5bee5a33aebff656bbf1d1f46865b382",,
2609,"b12876d04a569eee143339d2574c302e",,
2610,"a6373dd35bcd59a24608b4125d7571c6",,
2611,"741a1079174777e5ebfe1ae9648edad8",,
2612,"90a5168390086b00bfc2f4921ffcf0a1",,
2613,"acd43522f2fed84ca5f68ddfda10d85d","nordic",
2614,"d678af3c8d52bd977a2767b66627c076",,
2615,"861ab150f74c300f6a2a6995c5111f79",,
2616,"5fb6aa7cdf065495ecdf8540e02afb4d","nordic",
2617,"523800b96458437203cade9d6c6ffb03","nordic",
2618,"8e9eccf38bfeac6a1028ef395fc6dac2","nordic",
2619,"b98c03d018d7d1781af99bfdb7674a23","nordic",
2620,"0de4e8cd5888d27fa68337097d6616ae","nordic",
2621,"cd01029d61c802984f8e7a78dcd3e371",,
2622,"34cb7039a319bebe1156c8703c3e2dd8",,
2623,"984b026cb4bbd0cb954f0630fcd881f3",,
2624,"cc7f320db8455845587a274da8d819e2",,
2625,"6b06b81fbccbe0de226675b54c25535f",,
2626,"c79cd989345b317562fd8bce898bf712",,
2627,"686f1c94c4a7fb57a4aa9b114aeea0a4","nordic",
2628,"68ede6b36032d272256a7dcde05d520c",,
2629,"ad3bd07b4fe70f0d6318523660297084",,
2630,"3acc78152b7a80093a1d51039f78c9b2",,
2631,"a56eb9015ca5210fa00c414161ddda67","nordic",
2632,"bb5e0b7f4cbb0e5f7e446b310d3e9e2b","nordic",
2633,"79477e1f2903577f6dd7b37494c1ed2c",,
2634,"f667a999dc5684b1aea92b140bd8ad28",,
2635,"ee63f6dab298180399533ebfab27fca1","nordic",
2636,"6903cffd7aa51c6b5ad9643d0df3b591","nordic",
2637,"5d0959f07a29501e21dd3a9239cbb6c5","nordic",
2638,"e2335ec7f966fbde81f34904d3b83f3e","nordic",
2639,"6a1ff9c313e28f1aae041e4ae5089639","nordic",
2640,"48b2b8ac8c0d62326cf202bb3b56211e","nordic",
2641,"b1246c59a5fae4196a2ba8e75d9052e3","nordic",
2642,"7614eddf67ac98e5f98ca79b0dc836cd","nordic",
2643,"4a41b0a3749bbfceaace3e9fa8ec154f","nordic",
2644,"16681f8ccd06420d6a0152738c6eb3af",,
2645,"8a38b79fae2b0870a3056c0db2756d98",,
2646,"33ac83cc5a5399d3a0688b0ed4abe6a5","nordic",
2647,"59681c77616ff8e84151b9247a01496d",,
2648,"3fce0fc868b7d66ccf5fbf1aae9dff73","nordic",
2649,"58db7b006060c083ff49c43f2546a664",,
2650,"fc4d3efe7300172e654372b99484514a","nordic",
2651,"829e28ca2f9f56f43292605fe38b237f","nordic",
2652,"f7a3090892a3e256af3fbea07d28608c",,
2653,"eb0c4615740980bfde72951c29f9ddb3",,
2654,"505661de50aca205b9693fbfbb68d685","nordic",
2655,"7a7c03f60d978660b261c8befee12f2b",,
2656,"bf33f4963d016dc2d0375e53993271f5","nordic",
2657,"8083aa83cdd393b43aa5959f45e894cb","nordic",
2658,"42692c9d9c7a6d31a839ecedd9f06e18","nordic",
2659,"631fa037cba4bd580b5ce26056011ff0",,
2660,"1fefbbd6afd4dd35750cb5ca6c1ad6c9","nordic",
2661,"7da3e79d36043c4a6a4008f22dcefcfd","nordic",
2662,"abc99e3f53e33c9b06987251248f17cb",,
2663,"c540930440acbf5f0ef09713c90e89b0","nordic",
2664,"e01a3fa1ce7bbfa5fcca2bcd6f48d510",,
2665,"c6803b60add75774acd9af8c76d292f2",,
2666,"aac690d0ca7d91b68e4995c9003da4c8","nordic",
2667,"5b5c6c6f37ba429df46f5e4026ca6bb2","nordic",
2668,"23f07069df2530befb83627b6e8a5a31","nordic",
2669,"5d0e64602a2073258c61a21deac0afb7","nordic",
2670,"3814393fc38617753e090b90472a6ab4","nordic",
2671,"fb155c1b709fe0ae8eeb757db1ac0282","nordic",
2672,"49ce56a5022c3a995aa547f8f99e9c51","nordic",
2673,"3d868f8b27d3964c43d7e32fe130600c","nordic",
2674,"a9abc53330a9baefa07227bf349f63a6","nordic",
2675,"337f4ca88d6f4752619801cabdd5afa6","nordic",
2676,"7ba5b5109d4a8181b1bc97e779be3d2c",,
2677,"8eea3b97e7c6a805584b264593d46d3f","nordic",
2678,"a8667267e4d4d83d2c44b4ca97d0789a",,
2679,"d89dda8e00046452063b2531efd4cf7d",,
2680,"0d0be0ea43db86514ec73189ccd51003","nordic",
2681,"dad8849f82afd511f1641bf379b34047",,
2682,"b13ad98d6ea9682e6623b7187e24f3c8","nordic",
2683,"60ed9da08a0ab00946dc391135ebc19e","nordic",
2684,"391a946078b20f1ca4a463d0abd98a9e","nordic",
2685,"8faac1419c0f509f6bea26a96c1f0980",,
2686,"6abcc8c2f150aa176f37e059f5c085e6",,
2687,"7a27244487115014e15fe27f6a1c9775","nordic",
2688,"8339065674b7ed52feb2bbbd75a3edd3",,
2689,"3cb4923461d54ae5d1104c6f4434e8e4","nordic",
2690,"4a5dc4319229fbc64a0e9816da84ac27","nordic",
2691,"6a2c995e4ff7de99b1666a57141edb59",,
2692,"32bb3e28ae98421dfb47ede831683a2e",,
2693,"38da74c6d7a8252dc118e9fea6d02b1c",,
2694,"0a86caf8c764485575fda2021f0a04fd",,
2695,"7dae1a888e24e5f1d5eeabe50322d0be","nordic",
2696,"6186d0ee9fc7dd4aa504800ce23f6ecd",,
2697,"5c0c715df156c7c76106adbe6a097cf3",,
2698,"9816494ae0351224fe9c8c7b5d4513bd",,
2699,"e3488f240bb3283abb3be12243aa1604",,
2700,"2192404ae31f17dab09742d20e4203cf",,
2701,"2f59223a1af16a95e55f9fa052a5d0aa",,
2702,"cb965d83092d6a44d6af7ba05d78d37c","nordic",
2703,"904949410fa95e964ad4dd8dbee8eef5","nordic",
2704,"8389142c1ca8aef5bcf898d912766036",,
2705,"ff9afd964864397630e954c11d8e715c",,
2706,"14a69ef589ee77a5164c42c86420f1f4",,
2707,"962e1423532c1bda00a1498608871a3a","nordic",
2708,"110a52f5d41844ea5963ca811a5bdea9",,
2709,"c683f368ee7b8b0509b9fcded8622b4e",,
2710,"8d8ee7db4083aef83c12abed8e42cf70",,
2711,"e3d90ee96d819faa71c7715d67fcc0f1","nordic",
2712,"1cc459bfa3f710f2a80b774bac98feec",,
2713,"ed5b992e0aa502c688d2856491aedd56","nordic",
2714,"ef3d2672a31bd0e596502721f84e72e9","nordic",
2715,"39f97e664aa557a79742d3cc396cf356",,
2716,"7f651e2be1331c001d32b9a47a98d051",,
2717,"e56531dbf36d3de2e872b40b053d1dea",,
2718,"d0b15b1fd890999b5648365cc057a645","nordic",
2719,"f5cacf3f6437b37ae8d22323c77f25a9",,
2720,"2b36dff77953d96f9b36e9dde68f59c8",,
2721,"d5dc379cfe4ffffe0068a275365bff55",,
2722,"80de88a16c363f33f72be176dd4c3e51",,
2723,"79c705933aaeb1cf782c8a94f8340f0e",,
2724,"6371dda7225af725d779cf6c99149549","nordic",
2725,"4973a05eb8a370b1afabf5b9d7295ebc",,
2726,"0f0bac0299e43c5c79fbc04e02a7a9e1","nordic",
2727,"e2af416890cfb34ccd24483d0fae4e75","nordic",
2728,"7e353bb86f031443cdf3c6a4b579c8aa","nordic",
2729,"9df1ab1d5e76fbd9cebb1e33d7d94552","nordic",
2730,"53a1a8aadd0f523d1ce4c51c3f5fd4f7","nordic",
2731,"e214a9bb8d6c4c5483b784bfa98dbd39","nordic",
2732,"4182644f7be524ebd6c933f9f65a94ed","nordic",
2733,"fe5d5e9bfd856bcdb05e8c4cd66233ee",,
2734,"bdd94d2eb414aacefb23d82e8a0ad562",,
2735,"86163dd02048588363ff8015d52fd3df",,
2736,"d1c0cb6b430efcf6c82a23c1ca3921aa",,
2737,"8486cf42e681d3a7e027129c6ec0627c","nordic",
2738,"a62c3f0ee0981f95e188ab1d493ae174","nordic",
2739,"38c3f8135258e91ec370d38e75bd1ba2",,
2740,"1f9903c77661eb10e568744c65807534",,
2741,"20cdb441af4ca0afc11b83366cedf13f",,
2742,"7ce489b7ee747206ee1b36f6738b2a98",,
2743,"17206487db4fcc4bc1ba16795b7e23d1",,
2744,"886ee7bed17d8e1fac24f7307e28530e",,
2745,"eba1a8d2da5394707fbfbd4c6623b4d6",,
2746,"8177bc810ae20ea659d8038324f06fee",,
2747,"88430317ca1c0d5abe91a4895970a1d6",,
2748,"e037795b744df9627fe9127c8ce6176c",,
2749,"0aa58a631a5c83c499c6309826e86535","nordic",
2750,"9f17995a1555cf52f02d08d2ee551ab2","nordic",
2751,"c02983fd24e1b95ddf00b0747edb6991",,
2752,"19213ee36e391adb577c75b334a4f2c2","stm32",
2753,"a007dff5dfc76e128bda5d49885e5ad3","stm32",
2754,"c8ad2814038e76439edebfdc95a06b39","stm32",
2755,"9f70c834ceb7808276cd6d92c8180d6f",,
2756,"a8e2b0337491e5df5f7f77c9410a964d","nordic",
2757,"24746f005ef4d863f56532ce0519dbbb",,
2758,"b8442954d0dfecb85acf828328cbd72d","nordic",
2759,"15f20a34ba22556a02ceecda769e61fc","nordic",
2760,"c0e57689c06a3d78e15b918fbde594b6","nordic",
2761,"7a5fcb3c534f31023021c8d661aa6f97",,
2762,"cd8453479f662ebcbb565374f12b89a7",,
2763,"0b823e4a11515515bb18f0d626150f6f",,
2764,"12f39c5a9bff0421bf21fbea9ece20ef","nordic",
2765,"c089012f4f306720f89c87b94b9d6a6b","nordic",
2766,"1148823b5af375bccb3a0e6ce7191ac7","nordic",
2767,"dc28c0a8317da5d7dc11da299d6cc73c","nordic",
2768,"84ff38fce744da7e1122505f41723091",,
2769,"056ea97558c7fb91dbfb98692e5a7f67",,
2770,"30b79a8bbc78bfc90f3ef167299b06ed","nordic",
2771,"ba4626f1c79055f6ac6ee94836a9878e","nordic",
2772,"fe082079e9b7a55d634d6de10d1d2113",,
2773,"936af41aa42ce7dcd33ea10217a2a6bf",,
2774,"c48c05813c5d96c7067ead0edc1a572c",,
2776,"65bffd03b3bed52fa4cdeadbeb08c09e",,
2778,"fad151716492e1ae4ddb9d5341114908",,
2780,"fe2c16939538ce98e2ee017ae08594a2",,
2782,"c88a22d39b2f11204e63c16277593138",,
2784,"0b0bef41bc9bdb903ea345915bbca385","nordic",
2786,"1be1ddfbb7ca8a4bacb9f39c56f17eeb","nordic",
2787,"ad0673f5e88b277d9ead7c3df290c822","nordic",
2788,"4ccef55826fc6f73fec1a49801edf36a","nordic",
2789,"a93dfb175ecae595f8c163db60b22cd3","nordic",
2790,"53da792b1481e9016c49ec5fc1d52d32","nordic",
2791,"cf75a11e3e9b5055397ff4dd70d546ad","nordic",
2792,"4607c35dcbab4e1cd3904468097c796f","nordic",
2793,"7876e1da88046033e5cf6e72b4557d4a","nordic",
2794,"a52a22c9bcd41ff140d0e387bda02b98","nordic",
2795,"a36bd74ce6a7410c12485b1515211981",,
2796,"c94b8e58ef399bd2e7d6a2d4837fe750",,
2797,"9c69319bd19d6e70c52dbf52706c306c","nordic",
2798,"12546bf801d8f28458e4b78665dec513","nordic",
2799,"6439ed1da3a3feaccc8d8d15f6933c64",,
2800,"3d3b6b8d1c843b13d6b1f08479e736c6",,
2801,"4bfc29ead1f49b88f8e8a3be13ba5964",,
2802,"2daa105fd9f45ed1a0a37e4c240b42fc",,
2803,"7ef5b6c92678eda656647bbbec6c6014",,
2804,"1505d98d9ad1f265b4e9f935caa7a881","nordic",
2805,"d5baf2c7b615673a162c9ec6428e5c31",,
2806,"e3d181facc44831088983bb74c0eb0df",,
2807,"0f07605f88c59790db7ead7e27f11038",,
2808,"339259e03e562b352621b61915b012f2",,
2809,"b22e171266b414b79962cf283835dce0",,
3659,"543cc3ea2e4f28845242063a961a58f3",,
2810,"def5ad0a0b8c786f7e91a422d0df5762",,
2811,"f3fc91b293e08a99ccfae4081fa0f030",,
2812,"3c223d71e90facdc87c9dbfcd97defb0",,
2813,"d9180d9aa683883405b1b44a78ba243d",,
2814,"9dcdf231334795cc347d7fdde4081204",,
2815,"1253426a6f23b9ba0332fe53f7709fd6",,
2816,"533f52e03b9323937d6dd2a46ecc81d5",,
2817,"b20018e1fe58b871a829ea5564434805",,
2818,"b028e696bf649e2753ced4adbbf6a615",,
2819,"14f1649411a79af8709d1fc7cf567b95",,
2820,"5703d847b1ebeb891c3a61641d2635ff",,
2821,"5b242244a90eba5d3167c8b014f615ff",,
2822,"f0b60bd5e48dbd7979129e07dbccf692",,
2823,"97b7d72e0c1cab8081b40a481c5ad684",,
2824,"c9ccdf591f7178fc0c7a46c4b51355bf",,
2825,"a0784b2a27395e037ac634bcf74327d0",,
2826,"e024c2a9c1d61e3f3999cf102846dc70",,
2827,"f74239d085d94c658fd1ec13c438a24c",,
2828,"367cb57bd3342c1dc14d3673f0860700",,
2829,"48c447d731acf7c1606cc584d6dfdd6f",,
2830,"faea264c7ac7c5ddcc42131f2cfb4af8",,
2831,"5c3ffbb1788a262e402a7fa5d008121d",,
2832,"7abf27e547c5fd3f346f0cfd8ae2caed","nordic",
2833,"1c942aefd4a7c7a7815b7bfad650fb34",,
2834,"89971be93816e08c57113e41a06b9e42","nordic",
2835,"5b8b0f091dce70513e71d008c425c988",,
2836,"8417c2c8b635e72be4abc3833df31ee5","nordic",
2837,"4299386e72df46aac8e0c3ac88f43f4e","nordic",
2838,"2ea5bbb281f6d438bb9256f2466bfd7d","nordic",
2839,"a1d1bc77bc5dab0582bb1ad824be400d",,
2840,"a5fc695af4b4f4c70d17524423f84263",,
2841,"b671b31328712d11efb26d72f4906ccf",,
2842,"8ced59f584b56e327d4b1eff1b1443ed","nordic",
2843,"02ae474ba04e9f6714971e48a859cc20",,
2844,"de04e648c8c23d5626c72de8beeff255","nordic",
2845,"157804e4dfff892746285ad80b81d8e9",,
2846,"b9e87149280ef9ff328407c870e897d3","nordic",
2847,"9ef3469512f4d43a3bc8b56e641b27fb","nordic",
2848,"de11f9add31cf244a4d5f9b6d2d16cd8","nordic",
2849,"17dfa66a8d47762aa3a880e9661e1311","nordic",
2850,"e416fbd22ea7a0f59034f2292662fc14","nordic",
2851,"cb5ddac1643b2d615eb8eb4c698498bf",,
2852,"9a4ba4032b4bd68dc475386b075b70d0",,
2853,"741923d9837e9002e5b48a03b08d91b4",,
2854,"b8b34f16063b0da27d4a0634e154d991",,
2855,"be0e61ec6fc16d250d84097d85c10e74",,
2856,"2180d1a56083f7fd04730ba5cf7f2d63",,
2857,"63b553c258409424c349294102016fd8","nordic",
2858,"a5f519892053dae431832122b98987b0","nordic",
2859,"a4fabdef2a6b01e2589643672e2fe63c",,
2860,"fe7328c0371c86c1724027f9c3640a26",,
2861,"4e127211f23121bfb2bbe23455157f5f",,
2862,"1fc515aba7900af3b6bec8392285e0cd","nordic",
2863,"92ffd239f9a9c30d1a6d88278c0acba7","nordic",
2864,"b4612c49a75072a10ebd4dbf40e7641e",,
2865,"976a8ee2bc9c42e5937ccdca0887e2ab",,
2866,"a366d581f6bd95bbe394752d1d3ba395","nordic",
2867,"853c5f2d7674ce485714053dbff1d90e","nordic",
2868,"d92950466605906a14158acec385abac","nordic",
2869,"f3dbeb2fcbc822d8ce99ac7995e6fceb","nordic",
2870,"8a16cce415818cc361b9fe6aa628916d","nordic",
2871,"6c90551fd01babeb52306c9c94a93483","nordic",
2872,"922ab4a8c9e17260b82ca7571b7ac70c","nordic",
2873,"c7d049d3d5a1ab00fcd99ccb45f2863b","nordic",
2874,"2eeee50b36d9922c660199804e75384e","nordic",
2875,"c08db9468676871c834e8c71d30210eb","nordic",
2876,"876b76b1c9dd3197a216db532246794c","nordic",
2877,"865a69a68f4e9db87ddf730c9418b8f0","nordic",
2878,"3031d2b72037577eded726d16ab9ea9d","nordic",
2879,"9a72722336f79e654cb95b12ff6e2067","nordic",
2880,"bf79204d4149eece725f1794769fdda3","nordic",
2881,"3035fab8141d66f6e767a4c76df08453","nordic",
2882,"5ba7675a441470e1fba32845b3ee7708","nordic",
2883,"90b444cf2743d97e98179cc42f3b8a8c",,
2884,"ebf5c8f0ffb7013cd377749ccbdfc6f7",,
2885,"4e6543b3eeee1376b05138274c2b13f2",,
2886,"6c49e7a29ed2746a3474811a1ae5297e",,
2887,"dd0d4ab1d2dd3cc1c823b1a29c6a6a4a",,
2888,"66352a22163ec977aab2827b95a9ee64",,
2889,"8e47abe9777c628841dd047b5060cc07",,
2890,"3d0639c558cc62fa95b690bb7b56b704",,
2891,"9f03e8a9a88b73799bb0a6d7dbe423c9",,
2892,"8ba82f992c2863e6ab0b0a67c872414c",,
2893,"adbeb4f64b334b0cccfd6409276df61e",,
2894,"7df651a84d9e40ad42368b6f9bab5b22",,
2895,"bed6fe0c1774371c8c0cad15245f9232",,
2896,"729c3e7457aab1fd416185d1d897b87e",,
2897,"be4e6bc3c397d4f55d1dd43b6bec1606",,
2898,"f9b4db53f4c7ab5474c53fa60f5ebeab",,
2899,"d7e209ce2213557fe94c3541069183fc",,
2900,"d8ae2cab422fce56804ffa26d59ec30b",,
2901,"946d7677071dd73de9b48ff479c2459a",,
2902,"5439cae8686a82e0faf9f49ebe69f43d",,
2903,"8d7032807a2e9005c658e02a2b3070c5","nordic",
2904,"b8aec7ac1370988baa5fe92795b77902","nordic",
2905,"b8312dd71f647fcd6ffd16001d988e72","nordic",
2906,"d81930fbfa19979100ba35f2c87eb6e1","nordic",
2907,"53d425acd215f2d58f7846d8eab115d8",,
2908,"8f2c5c76fd26f67f63eb8c06be8165f4",,
2909,"58b5120a1b69f30092119d8484da2c88",,
2910,"3dd4d4906fb7ec7595a5b1b7d7412612",,
2911,"29e977cad8c94fbc7131705527c1c0d2",,
2912,"c81bf9fce01a35fdd1da2e4c01c07dba",,
2913,"ceeee4e556c21d3995346ae253b19574","nordic",
2914,"98c9fa62cc7fd338ca4b77f2349a4c8f","nordic",
2915,"7d798d66e6f6b7a83339cdc7229e25d3","nordic",
2916,"4de47fe89369987f08f06aeeaaa6db60","nordic",
2917,"86a52f0fa682eb46e8b9d27ddc55f53d",,
2918,"ac9b414b9430dacba0f36ce7198db5d2",,
2919,"d8be18bd6c3cad81b2da5e82e6fa4b74","nordic",
2920,"a4f1300083e819a324502e0d98b9cc5a","nordic",
2921,"1d7acf506fb5a60488f74ad91795e4e2","nordic",
2922,"9ad32d92139d026f879925e0739433c9","nordic",
2923,"f4a482b5dd0a64aac6904dd119c637a0",,
2924,"a1006f2db5f8ec9d6b27715a67059254",,
2925,"6e73ce5b725e7f99f885b4a194935852",,
2926,"3f654ee411e4af07d5254bbbd9a44cac",,
2927,"b302715ef577d8d4694767bf930b7437",,
2928,"0f9070febead190229fa6343f1129f37","nordic",
2929,"01fb69f85da68ce7d802d5a2d0d5f85e","nordic",
2930,"f4ca48ea000161ba755db0c52c6054a5",,
2931,"ee08fe958a15c2af6eec7542eda1fbf9",,
2932,"b6c45a39066ae6f6aa5efabb34886cf0",,
2933,"a0786b0c3d0bd93c9827196c61eaf5c7",,
2934,"5cf2aa4cf45a1b05d56dd852be4a09ec",,
2935,"94ee078b55bd3063b6e387f26b7a1c98",,
2936,"37cece947e45286780d6c99c1b0d5345","nordic",
2937,"bcb9913df60faf25b65f371f032866eb",,
2938,"d23dcc6078f806bcf861c3774882a810",,
2939,"f538795d568a64cc2d8bd198f5fd6e88",,
2940,"859447fe8820a7ce1a779bd8779c4d92",,
2941,"3a7f06647fcf59a63f5820ed54d4ec47",,
2942,"c2587808d452308a32c2f759453674c7",,
2943,"f0bd9f54e493e490d30453ca7e36e9d6",,
2944,"4a9688371f105c7b030a0de6f959a6df","nordic",
2945,"bf1a88947d1dad056fcbd6e38e085ecf","nordic",
2946,"6a15f9591a7e333a398d1c3f7f1e33b5",,
2947,"65e3745a5edcc15e6a96727286bd90d7",,
2948,"b8ee8bc73b51f9df9af70576542029b8",,
2949,"8e9412ae2717dd0cb3d8a354a55e840d","nordic",
2950,"f5f8673e6bb827ab6b1d4a9e9b715458","nordic",
2951,"4e84107c04eaf072ea37bcc207155101","nordic",
2952,"07b74f8630f16c4c13469404ffd2f57f","nordic",
2953,"f6f5c0d72ce35c369cf42e9dfb6e09d6",,
2954,"b1ae5e605880b07db7d7300ee984d03b",,
2955,"822b1e5de9c9a5270cb0d5c7cd20b3f7",,
2956,"5600c6ffe9e04ad72db15a9efee24145",,
2957,"91d324ef9ce71e63dc90201f8519d595",,
2958,"e42417293d594bcc0ce0d7a04a559d1d","nordic",
4167,"f16c9954f43e7fa749ca6f17713e44ba",,
2959,"46ddc50a441ba4b9dda7c1325fbe25a9",,
2960,"8c395b90aaa8ee1e20a2ff15eeb0e329","nordic",
2961,"5308a4fb33f3902066ef40e26df1872f","nordic",
2962,"9ab327f94ee103be6071b675ae88733f","nordic",
2963,"c529974bd6076f1fcbff29578652282e","nordic",
2964,"000d8d55c139962a8673c03a943b9b3d","nordic",
2965,"f75fedce373dc2d86ab868d13e394250","nordic",
2966,"ab8eaa9bc0991ebeca0968ccc9003e63",,
2967,"844454425151f5d28a8d5b6943d1c073",,
2968,"bb191b303c1ef0bfa741f4bf27b166aa",,
2969,"0e0b812913b7448335bf06a1d7f96239",,
2970,"b2329f235925e306ed9c5d95aeb5e299",,
2971,"8b860c39ad83639a48e86bfed0c2809c",,
2972,"2c7c03c707ae7f258d0ab3c3871d3baf",,
2973,"e0a9e9490b6bdc4f304a37c2ddb1bf66",,
2974,"981a162b7a4e0417ba988d58aa5054ee",,
2975,"09a2505d0a95349fc39f9494fb153a6b",,
2976,"f09c4eb408ad9af6daf917e414affd66",,
2977,"80f07ecb2b06eca6bfe14e60fb3f438d",,
2978,"f1386716415250a726ec8fb3815b4b61",,
2979,"2a5570176b7f886587b2162e27e6d635",,
2980,"f623516e1a4e0e2117c80e4c7b49eff4",,
2981,"547507cc613f56bcebcfe4091d12f325","nordic",
2982,"159665f2e2b51a7cc9340c96fa735534",,
2983,"e82c5ba6b92906c0f9062ea72b194c7b",,
2984,"0d4b954b3b053be9d9982789ffb28c5d","nordic",
2985,"c9ee53f50ff2fab9d5f87435cd1ebd56","nordic",
2986,"20c7dbeca7b1d7c8ea5f15cf937747ed",,
2987,"739ef00cd2a6a808b920ee686eec7730","nordic",
2988,"4ef94a325368b06c06ddfdd58bfc3678","nordic",
2989,"c8a496f805782c340e55e36a58d3ac9d",,
2990,"47a2c0efe58d25be9f1dbe82447ab275",,
2991,"ecb69839a03eff37722a26c4608ace97","nordic",
2992,"2328a1b03d23ca5a2a46952a9fa90ef4",,
2993,"6d56f9c6c7c3b1e5522c91d44806ec4b",,
2994,"7a9b68fcb229897601f4cf1634b03b90","nordic",
2995,"9e1b7e0e4a5ce066d25cd608b8579dc4","nordic",
2996,"aa4ba2f0cde56bfcf7e45bac91c02d76","nordic",
2997,"a640dcabba88f38089383ed22abe6265",,
2998,"c43cf244d7779012977dafc39849c43f",,
2999,"b5af153584ddb9d6593a24a55b8b0e2a","nordic",
3000,"ddc4f9f35299131f42c2ef1dfe78aad0",,
3001,"9a936f0cf3e34cc56481a3cd383bfed3",,
3002,"adbc6ab5bfb4607cd38d64a715e3fb83",,
3003,"16a121b6e780201e423e87a76b1efdd8",,
3004,"3cb77f0df49eb4ef876af7e109df8224",,
3005,"d19ce80dbf6d8f9a65b7d493c9115fd6",,
3006,"9e141d7574245c2c140e8c02bd5e4388",,
3007,"d48a695c5276e178e4534cb15ba1d4db","nordic",
3008,"7c0e2a5e22c52e69a50699a3765b6afb","nordic",
3009,"8fc11ad36b98e27b68ab575acdd9c962",,
3010,"8fdfd43c8813536746c1862ca0da0af5",,
3011,"be551af47606e6203fbe7cddd61e3ab7",,
3012,"562edc39c3ecbefefd49f6340cabcbbd",,
3013,"685354dd2a4314476f59866f95f8cf6e",,
3014,"e86a67c70ef292952fd315e2cdcd376c",,
3015,"9404758fb60cb95c3defebc99f26a887",,
3016,"d40aaefbcc5f97b699f3da99e81face4",,
3017,"a02a5569192c3832f0261a820ae90249","nordic",
3018,"df12acb99a81cb468b06a63f840ca54a",,
3019,"2e2a49866a2fa840447a3156eb33914c","nordic",
3020,"3b18d8bc012d08dea564f703f23cb9c4","nordic",
3021,"fe2fc84d3e43ced418ae438249722565","nordic",
3022,"75c8a2812f6e28c95ed69f0ad0f8b40c",,
3023,"833bc466eb29d69e7f16e9c9bfd514e1",,
3024,"2b2601ac6be87f643cb50d4065c046b7",,
3025,"7e073dd20a229f120c140d3b78dff525","nordic",
3026,"5b6cf5d94e8bf5e1528cc16bdcb7bc7c","nordic",
3027,"e7074b8ba9b3de665d45cc87f1172bfe","nordic",
3028,"870d3b80dae80710bbca70cd55524cc1","nordic",
3029,"f308e6ccf2015e80db4b8fb8c6e7e2b0","nordic",
3030,"72b2059e555cca1962e7a917f47fa6e9","nordic",
3031,"b5b3fb96fc371bb58acd5e5bc9069e60","nordic",
3032,"9bc3d5d941b18256a78ededbd33e8cf8",,
3033,"6b7cb12a8603e63113063f9690b5d228","nordic",
3034,"93cafb977ab4b3d9a884e6d7db33a938","nordic",
3035,"274736ab64b7e5ba99e3e8e8f6daf4ca","nordic",
3036,"a8456a1c8bb274e503d9ca2d458cc426","nordic",
3037,"f7d2cfc0492783f7735a2aacebf1e5b8","nordic",
3038,"0921bf84ccceeff7febe495cec13211e","nordic",
3039,"4825f64870cc2171ad3d4efe7c9b129e","nordic",
3040,"e63f04a4251f8915440171ad5b217766","nordic",
3041,"a0a432ca4284238e790530ed8b3eeb1f","nordic",
3042,"55427fce4623ea5119992632a81156a3","nordic",
3043,"06edac41e208a90465f44ade9ad2e3d7","nordic",
3044,"ad3d3c071eebb0a34f52fd648df8d8ed","nordic",
3045,"10f6019e4cedd10f7d55ab0067a0b4f9","nordic",
3046,"96ee99e9b54d44f97c0ea48570f2230b","nordic",
3047,"a7efe85868efb6745aaf6e113af9f2ca","nordic",
3048,"87d7c9f66c2a32b08ca3f942a24a7cba","nordic",
3049,"88357d7e26c63a9516ea222adb4564b4","nordic",
3050,"13983cfb180e040f6bdcaa814d079fec","nordic",
3051,"9d5ee543edca0e5a786ecef5005c9767","nordic",
3052,"2728cfcddf9a1e321632640567b6ad4f","nordic",
3053,"408819dc8dff75378e00190e8e6d9301","nordic",
3054,"25e220f4ae635cff5e8c6ea51a90d9b3","nordic",
3055,"d058c14afe120a21a2c5c8cbbfc58ce9","nordic",
3056,"1e3c068937f6ab5023fe9f10af3044a1","nordic",
3057,"3eb69fc683166f44da05337e9449004a","nordic",
3058,"17daed73487ed0ace6a5f5c563ffabb2","nordic",
3059,"b39503c230b4332054c6a404d54633f4","nordic",
3060,"4ddf1df918ee33658f164a2974fefd48","nordic",
3061,"ff8414840953007e54423260adfc26c6","nordic",
3062,"246a3a870183b4a6ae788d075f89df30","nordic",
3063,"2e9103c30697af825fd8eebb4504ecae",,
3064,"3fd09379e8f79231a8aea5f1c8a71741",,
3065,"c4e35429491b69b141b471db933308de",,
3066,"24cbd4b216c417f7a3577e789984a20f",,
3067,"33484a825ab7aaae24adc5e6f945bbeb",,
3068,"d4f1f7e8bd05d69730e840b3de1a208a","nordic",
3069,"eeac31f3045c6298a7c47a94e9669dbe","nordic",
3070,"c67e777b7b6d0e1377c5fe057ce99c8d","nordic",
3071,"e7e82b97c60435734806132aeb7bce65",,
3072,"e94a696962358999b54d17ab6ea56ecb","nordic",
3073,"9f9847be9e69410b7ef8663714d6f899","nordic",
3074,"326c0e1695f8ef547c90cd229d4b2c55","nordic",
3075,"1713844b47f26560ee7958acc94712df","nordic",
3076,"159a2cad67c143ff07c2739c60252f0a","nordic",
3077,"59ccecb02b10519686c7960f1e6b78fb","nordic",
3078,"45d7ab05135544b7f71e0aa92c65049a","nordic",
3079,"9cbe3f59c4db05d184d7a58cb4f414e0","nordic",
3080,"dcef73917a68ddcb2867a6e3c85f85fa","nordic",
3081,"244f17114dcd92d5d287d240d7184102","nordic",
3082,"e05668f9f2f50b89de662a48ea7f2bbc",,
3083,"7079b7de41d5a0503b1015ea1071b74b",,
3084,"0e638861d413ce5ae287d3d1ef8cb779","nordic",
3085,"edaa616d3887501b08c86ffdf7a01ffd","nordic",
3086,"5a46fc0fd997a0f257a4ea74801b78c8","nordic",
3087,"5c9a2daa61848c3e07060e28958e58c3",,
3088,"7e7068a0f919bcfa5cd9ac80d0737f8f",,
3089,"0d0bb5162bc8371b72daa9a0a30bd777",,
3090,"6d887a183424c92faa4a68075848f0b1",,
3091,"c91c132ab01932376dbe7d78c58d705e",,
3092,"645c46843e23e834615633caa743e59b","nordic",
3093,"a0da406383a0ea4d12aa8d7e680b4581","nordic",
3094,"65ce30b8f1579ba41847614405a07879",,
3095,"25a1826310422314ededc0781037b7d3","nordic",
3096,"7aac370071d4fbc7a657ae39d786c76d","nordic",
3097,"c5ac7e8dfe7b05b4a3328ee84d296912","nordic",
3098,"f43a91e1618e90ceee080e9e6f71fbc0","nordic",
3099,"909ebff80c0448c131a529b64476b70f",,
3100,"5d28e96554a05637e6efedc420684174",,
3101,"c3de8bb5ff32c6dbbd82850068427116",,
3102,"82db652cbf5e4a45757757625290caa1","nordic",
3103,"831f5943db34200d43cb8e942a669038","nordic",
3104,"14da35772b37150f3ebd555ebb77589b",,
3105,"08e679bceafc4d21d7f02b27702e10b8",,
3106,"e029dc29f0bd9966de1fdc171b96776c","nordic",
3107,"14618c30c98e5e4b0af74dda5b94e72a","nordic",
3108,"77ccdb60f0305866ab15bac7997cc1a1","nordic",
3109,"b4c857a151c8ad4ef646045e4a7285d5",,
3110,"aaca8a678b83e7456cb8363cd6e7386e","nordic",
3111,"9c88da7965404c4f69a55008bce714ee","nordic",
3112,"ca6f6583dcd3f78745d618b717f5c3a0","nordic",
3113,"ae12d45566c641fbc8baa4d1be01cbbd",,
3114,"6f68e9063d07a6ab051f8bd87b2d4cd8","nordic",
3115,"5ca140757b1eabd819395db5a2c95152",,
3116,"3ef45d42b39151208438e7c80be6205d",,
3117,"24df97ee3ea43c8109c88be64cf08215",,
3118,"4d8b726ddf9285dbc5b4e0cd21349393","nordic",
3119,"5af7971a862ba90d64ba3f31b6a4ba43",,
3120,"b77c461758987095072b25f386cfd85a",,
3121,"97bd8be4bf721cb4313c60204860f82f",,
3122,"95d7fcfc5311ffe5aebd5c44e0f67178",,
3123,"18e5eba6eed96acafa2434707ef5d4f0","nordic",
3124,"2e52f6db43a00895855cc29901933297","nordic",
3125,"832afa56af772eec022be7b8d41cc8f3","nordic",
3126,"8a7e58e3ab0884e4ee1f5ef9a8bef929","nordic",
3127,"ace5fac31021985af5e302adcc9e04aa",,
3128,"f8bfa16ecba346bd4ed3f671578da1f3","nordic",
3129,"2d089f451aae8397fc12da382947b3be","nordic",
3130,"9223b5f99717591d3f4efaf3e6083a8e","nordic",
3131,"09f9f4d2087e47f2f1874bc91a73ed2a",,
3132,"4e2dc2c857d696080dd820da98ae59db",,
3133,"dbf06b6b9b4b414027ffb496c6aa7828",,
3134,"007de0fdfe9e1b85cac8043612272f7d","nordic",
3135,"139bf349847ab76c4cfd1451af2f12b3","nordic",
3136,"98351864a78c183e233904ed0be4d08a",,
3660,"9c47fa7ff83ff659157d58ac58d90ac9",,
3137,"2551d4bde184c06a3f3476b57edfe283","nordic",
3138,"bd5e824b00024a298a1682444c01d687","nordic",
3139,"a600f4060ec03c92bff2a33fa777679c","nordic",
3140,"0b086f9a24c50bf945ade387033b51ab","nordic",
3141,"e3a042c32679c49d67ff19532d7edf81",,
3142,"d30ae74694420b215b8f1a8e1f444e49",,
3143,"25ce2782ce7834756e21a8151463d9ad",,
3144,"65c2c97c97a8b3b4902d9c35e3b4266a",,
3145,"9dea75e5d8730f24bc450ab770ba4ac3",,
3146,"5ecb918654800f3c3caa2b31fc3e3e0c",,
3147,"d325246c45e5278bc6544dc6a9860b63",,
3148,"c5639c8752da08ed04c0136715dcfd2e",,
3149,"98cb6fbdc616341e9b9b747a0b4e91ed",,
3150,"0ad456fe540a8b49cd5278f205e2e6d6",,
3151,"b0d76ac67ab0274bfbc726979401a72d","nordic",
3152,"93be16a2b90044497078dc3415e2d234",,
3153,"deddbd48ad73057fe3609358f30c4940",,
3154,"ffca395c1b0652147bcfa30f3f3587dd",,
3155,"081d3f4ec8e0987bb99092a321aa107e",,
3156,"a9a63d3008368fbfce0c05b51b9d3076",,
3157,"fbed195708171b5a1ad2d33e957ef3e6",,
3158,"c0b33a08cdb4302d411f013433bc2c60",,
3159,"9aa8638522ddb995ad36c4a401c9677d",,
3160,"5082e5cc432ff504be92a2439bd805a7","nordic",
3161,"088e4b4ac16c74cdd27e61bf00f5dcc2","nordic",
3162,"f86ed8d78a3ec01aee62edc7543488cb",,
3163,"4f27a38dc29d5000d48f5e9a406960bd",,
3164,"144ebe2a03dcdb66c72d7f3259b85283",,
3165,"46f924aa7d53a26ec0580dc929fa8ecd",,
3166,"b852b7a2d8f9ee841d634256d1458b1c","nordic",
3167,"f68ce814ef9d04d62d8f1fc3cf1852b3",,
3168,"c389ad055db566b44e8d4271ba95003d","nordic",
3169,"3e6002b68d57b0665229a5115942edfb","nordic",
3170,"e13f71052722a465dca222160f76a3c6",,
3171,"d4c5525bd2e64c64afbbda5e5deb31fd","nordic",
3172,"593c2910836b4c235727e844c927a09d",,
3173,"0703fc89f78cb8ff257d991014ae4aef",,
3174,"b4c971c7ebdc25665220bcb520a8a90b",,
3175,"4b6b8a44c05624d7ff3e0828f0fda9f4","nordic",
3176,"dfd6b6fea31029c36544ae05f2650151",,
3177,"e58b483f88307c780c65cbef06d042e8",,
3178,"6de56a6b2abe7bdd0ad93c0358f6f83f","nordic",
3179,"43782bca6fd72471a68ceb6d98fce79e","nordic",
3180,"b631910a4fa503399e490fa6e50c3937",,
3181,"ff4812c502b6f8cdb0b05f50450ddb46","nordic",
3182,"a4351efefd63a2b22a9ca83bc32f491d","nordic",
3183,"dde6a065c49eb9141c53e4e279c45ec7",,
3184,"a1f8e468d243b503c1bd80ca623d9ea6","nordic",
3185,"221ce118eab8498007c9e12a2871615e","nordic",
3186,"60f108dd865d2ef05336af6bb7234540",,
3187,"583a222449c3af07913566342a3cac04",,
3188,"0157e360424c628f550e8bf222a7c64a",,
3189,"7aa153de8679f7238b06673e4e7ff0a0","nordic",
3190,"990751500d3a07a31b504c123456121d",,
3191,"a0cf8e3cd5427ebad69983a45e84feeb",,
3192,"5928231c10d5d258bb66bbcaaf417a52",,
3193,"e993bd41e62c7abeb51f9aed1b164858",,
3194,"6d1d6dce3d1455e6d3aa7ad29881c2ef","nordic",
3195,"e7ca7cca9024b0ee0211af9aca95106f","nordic",
3196,"9c0cc6d62679b808826ef537ba970bb1","nordic",
3197,"1824afe4ea9a791f9a518f33a89b6e2a",,
3198,"35fcc143615ebf6a4888c6eb3eee4b62","nordic",
3199,"3486fb5290ff44b71c0ed77a930451c5",,
3200,"340b1fd61c1bea3db16e71f008c8c3cb",,
3201,"ead53e0f9873c19c6840460293794320","nordic",
3202,"bffc135f7ecc85a401370939b97b9d73","nordic",
3203,"699172233515e19a8f3e32a93ee5e441",,
3204,"114075ad18f258cfd916190f52439f14",,
3205,"e020ad9000d6c0f7b28b2f0ed45b1df2","nordic",
3206,"061bb20bb6af414767c7a4f02f97f694","nordic",
3207,"309e5f36c9dba0bc563c872f35d024c8",,
3208,"b415fe29ef8e40311d923d647f270b28","nordic",
3209,"0649a868ccdeed15b1d5bbbf13ef3892","nordic",
3210,"1625406a733a25d60466f13674861cff","nordic",
3211,"7247893e87f1050b71ea3fba468e3b28",,
3212,"783864366b8ccaa0ea1ac08754cd443b","nordic",
3213,"c756842df5a3ff5717536f503e6e9240","nordic",
3214,"426ab392e2ef9e40d9aaca6cccc7f550","nordic",
3215,"9ae7615d57c62cf58b898a397a9bfc43",,
3216,"49a7e8447bb6885f9081246dc7abb552",,
3217,"1b56e82acf9ecfd5aaa9782a7942806a",,
3218,"83a96bda3afa31b95effc71cf2c2705c",,
3219,"8addcf3a4c96060725d95be2951f67e3",,
3220,"427ae930c6ac4f87ccfd4d721df8ff1b",,
3221,"bbf1a6924f7061f2ee851452aed0ea26",,
3222,"6fb0d39e7f5f65ae9fd058b1e904dfb9","stm32",
3223,"9a6d64a9a0457ffd1750942a53e8c43e",,
3224,"89cc4f1cd4312a0ac1b56c790f7c1622",,
4169,"2b6aa9f6f6a77e8bb6c92f79cc3e0a46",,
3225,"3f6e374b15384dd5d6fd8212ee211017",,
3226,"28b1e0094a2742f5bdeff02c5f27b587",,
3227,"ebfada7fcad24a2167df067f6977a05e","nordic",
3228,"95be7a700a59b7aeb0240643dc58ca47","nordic",
3229,"a04fd281acbcbc8e7112f29a02d67f55",,
3230,"55622624f91fd41f4ea5e8122351b278",,
3231,"7258bc386149004588dba73b80927adf","nordic",
3232,"9c2df9430166b815bf330c5ea8e8e6a4","nordic",
3233,"8b7c40699cf6bf1bc7d94810b1451beb","nordic",
3234,"36af4dc7abb57a1456aff803184e648f",,
3235,"29face3b4929415208524ff8c9edb6a9",,
3236,"81a7dc575adfe31f75ed404443345f1b",,
3237,"d6d60c57802760bbfb94372dc6832aa9",,
3238,"c6740a1f84e095d535c917b2af03ddb1","nordic",
3239,"e044972ebb39816e44c0279dc92583f3","nordic",
3240,"53a53a382e05dbc27689138d3fe01e73",,
3241,"b92efd2c26d60b70213d7335dc4d5670",,
3242,"235aab8abdde939a0953c99b24ee02e0","nordic",
3243,"d9424f573524873b53cfa750b4bc021f",,
3244,"b141d21ff21e34b7c68130a44e9420e5",,
3245,"49d7699a6262b0d5fd8db4e8568c5d6d","esp",
3246,"1cf4f08d45a1deec74f29a66e5c6b689","esp",
3247,"68ce90141926c530c5ae47f50e35902d",,
3248,"e13942f2d9f229a5b8c5fb695906b0f6","esp",
3249,"3ae01a9721ac61e7d85be4faf1d3ec18",,
3250,"84dad3840df6fe524750181cb7a79179","nordic",
3251,"9263ef458c46afcec798cfe5e50909f6",,
3252,"5733655db532d7b6f1e8e72b43aaab61",,
3253,"48efd97ce272e9d483b1533038a0425e",,
3254,"c3ac11d16b0c095f8753c4238911022d",,
3255,"bedba9fe9382b8bb255087a73391ea49",,
3256,"4442ba7f767c52f20f015f5e0356ccfb",,
3257,"ccf2d77089365859221889d45c16df05",,
3258,"92f92a684762e97f843880ed71daa5ee",,
3259,"6832c291c82128fdb01be0254543eeaa",,
3260,"6cf12cbf389014dea9bb11f009f8dc40",,
3263,"0cbe2b15984363dee6b3d4a72c70edba",,
3264,"4b950539ded3d5b7a0f0981b2fee80f2",,
3265,"0aa299b10e46f9581d9c300aa6c85ccc",,
3266,"3f8935b2086996f1bbeb5b9f32918c9b",,
3267,"893360c4290cafa90b6441eecc24c1a8",,
3268,"8d51207c15a812a8f150448d0baf5510",,
3269,"13896f108748e7daaafc2356c2990edb",,
3271,"0c466f2811ac4ec40ac78d4c0dc6b402",,
3272,"7bf751d0c8d97138a8e24464082b38ca",,
3273,"123da902cb1bcfae046d76bb4d6c8dfc",,
3274,"cd688b51415a364ff54d66f937cbe112",,
3275,"993bcf235618eda25f03625e0ead8db5",,
3276,"9b0c0d4d407a1d823e5e1e616eff17f2",,
3277,"cd5d8d7f9daa75da17c34d328d05a5fd","nordic",
3279,"b018dce875460e65111c8ae0e848089a","nordic",
3280,"496b26267850e30b4c54a90c07ab17be","nordic",
3281,"cb46f0a716a74eddd41f16c850e91a40",,
3283,"748ca02cf1881c0a561bef31919aba8f",,
3284,"2347b2c9c30b3928d68e6a1651989235",,
3285,"5132d5e2d8f8ae66219d1838192b48fd",,
4625,"48d043626e4863428a4468a02adec45b",,
4628,"ad0c549120b656bdb7737ce9049ec068",,
4631,"ac7895cba4123d88b4e4f4183927b5d2",,
4634,"69eb3129551c8d5ec3a682dc8210bb08",,
4637,"6937fdd65fc7e5fdc6f918551f1a34c2",,
4640,"0916c9415347c27f57b3ec5b12ca3f8b",,
4643,"bbbd62c3505408e0add73e3463b70f29",,
4646,"3e2c5c91bfdd6f854c348193e5d7499d",,
4649,"0713743fe58f2242d51f50c438a26aca",,
4652,"5bee7c9a03f5f44e72779637ff7a815a",,
4655,"79d92e12a58a4c889812ac657754b6bb",,
4658,"27a99629e6251d035d8fcc473f7c5320",,
4661,"483ea2389564c736167453a04692e606",,
4664,"7d57219712380fd6ada9df63d6498c38",,
4667,"44e1b8c9e58fadbc11098a65b308c26a",,
4669,"624a3166f8583fc2834fc51fe8e08fc8",,
4671,"9afc47b4827ee3b86376e4ea02bd1107",,
4673,"c55d666ec09ef6a1077e894526a94b12",,
4675,"56accf1a716cbd2b6295771e6f333ef5",,
4677,"a45f204670988b9182611141ba12c28d",,
4679,"75172c1744d46c3e45afb2ec7539067d",,
4681,"2672491450456a841d61757c98da2f73",,
4683,"418ac14f0cd3aefcd52e3182b25688a0",,
4685,"bf35e7ab2c9962651b9d7bb700e77b70",,
4687,"23d935f8e6c9bacb9d66b092b9de4bf5",,
4689,"4a6eff119f4c3207f29e3eff846d2cab","nordic",
4691,"34f420c8d2eb8639161ae4ff1ceb8b03",,
4693,"d946737c017268f7f63826baa6eeff62",,
4695,"4eda380ccae1819edecac59336a66534",,
4697,"fdf380a0ca606a51852e8984c7b4e6a6",,
4699,"49f117b1fc2428caaea48db496c6015b",,
4701,"d46a7e48f37213a8d800f3cb9381154d",,
4703,"9ccea4cf4f2b55dc7dcb2f5f888940af",,
4705,"6f087862d54779c1842e147a9aad3158",,
4706,"0384ec5899032ac68fcb5747d4c76c83",,
4707,"0be20f1bed935e4810a98d7c40ef150c",,
4708,"aeb83918c9fb268b0a4cbb03f2dfab3f",,
4709,"f9eafb933a445e86e197e7edea3577f6",,
4710,"8ce0fbcfa1403b0d195d63cc1c327e40",,
4711,"b4487ca64d070f9e0e61942ca59bc521",,
4712,"3472a24e4e3efd6565c362220e987269",,
4713,"6826154c1df906b070ac9a9af9069499",,
4714,"7a59942917564dd5a2c97ed81561f40d",,
4715,"5f7c159627f2ecd6a8411960f0758c07",,
4716,"81658739ad7cfb890c9f75282c4e09f1",,
3286,"b20a237f96e8ff1f04bf3a4ee9ae3fae","stm32",
3287,"59b2178f2cf531ab3f81858a55bc37d7","cypress",
3288,"11d339ec1f5a7e458b3475b8438e93f8",,
3289,"c30128e01b1ea5cd9b4f46192c7e3c28","cypress",
3290,"d37de5e992bdf85d304f5b3ceb5426b3","cypress",
3291,"a196340de390eff31d6b1def4857fcd2","cypress",
3292,"ae4660b9004038ded70851a890bf2149",,
3293,"65d424f3cea93784e2a39e971f81eee4",,
3294,"a1e5c7cd5f3decc7b0f7b29773b9b984",,
3295,"a4f267a28660f35159070e1f79689ad4",,
3296,"b2473012226f16ce2928f28c1c85c80e",,
3297,"e32a90cd44384aded0dfbd7da8e4a91f",,
3298,"2db530242961db4c0567f98ba73062cb",,
3299,"7b23c32579c022cf450860d9acd9cbc6",,
3300,"34d9b05c1e682f5c3e441f3c385b453d",,
3301,"0afbb1ed56dc131d4d12394712dcb401",,
3302,"22dbc9384aada6b00890235ecad86e5a",,
3303,"31584975e303ac3d3123b42cb0bcad4b",,
3304,"865813a98e5c9a81865719aae7b516fe",,
3305,"99a0182e1ea814606fbaba6ad4591688",,
3306,"f075070e2a5fcfab0061aa5b487583ef",,
3307,"1541c64c081f2de6f14eba54c220d4a6",,
3308,"8e804a8b524538cc4b23e4b22119568e",,
3309,"d6c625d976fa1f5b65dd0b90c6e890da",,
3310,"e0f73a1618d9aca831bcd9bb0a69e068",,
3311,"46e104e5f0819fd1b2e478b7be945142",,
3312,"534811d4b0ff4dbcacf7b1add75e6d2d",,
3313,"d598c209a93301b03923a30c424c5c21",,
3314,"d385499acbfae1327b5440d0cfb14d1e",,
3315,"0f2c5f04da1b4c2d49f5af08e8946fa0",,
3316,"56ebf95a0dce079cda0334958f7de371",,
3317,"70f31bfa11b14ed975dd6ef1f19c8afc",,
3318,"34f9435bfb3f156a86380c924877823d",,
3319,"4724dc1e745351d0d1910691b5a9f777",,
3320,"9087a0a1c50de9fb491820f50da9c663",,
3321,"6e478b6ebef53d55715dcc5f023d87bc",,
3322,"8bbd76aa2df4da97c73de015a82503fb",,
3323,"6895975ce643ce6d38c76edd5fc6bee9",,
3324,"420d4b8b00da49de6dd293633b9a182d",,
3325,"963607c65cd3b53b55de1bc3be5402fb",,
3326,"0880391b553cc221e1d8a922bb7a084b",,
3327,"586f4f35517a6b8b49265a9d120056fb",,
3328,"60476bf3d72405b45c7e192365afb7e3",,
3329,"e7f778d8265b1d886d82f272279526f7",,
3330,"749dbcad62906c8fc0ff2200a4b1a7a8",,
3331,"c11fb3230599dd1a8f475770ce3e1009",,
3332,"47934e4e99bf3559a7c1a54473b878c3",,
3333,"fa8f46037d4052b15c6c5af78f400967",,
3334,"56d007632f3bf592f05988da2af8a6b8",,
3335,"ffa9964a6ae03c79af9100b92aeac6b3",,
3336,"e343eef08f56d97dc48523876af2a044",,
3337,"10f892ec32830c9ef2b66af07df8bb09",,
3338,"c5eaf65b6213946f783b2e82bcbb14bb",,
3339,"f1e88d73cf615452b01d49dc2c1aa9f7",,
3340,"44bb7a6690364d6b613915fa8b6c1ebc",,
3341,"28c83ff5d0d8a6db283d92977ce63ce9",,
3342,"80480fc1688b7fce79424620c34dae0a",,
3343,"cc93983d77de0554586560297b4d60a1",,
3344,"8e290363c179a73584f9015c26b7d550",,
3345,"8fba41beaa8ece717cd1861a09d04aea",,
3346,"614cf87c3463894a61f005a81621506c",,
3347,"f33175eb5e9178464577e91e7a5797ae",,
3348,"b46c19f9655bc6055ac77b3cd4cec817",,
3349,"8ac0e15548f08aa0bade6d1e39def173",,
3350,"284c6e9f0ba521de95573730b020eadf",,
3351,"142b244492b9555f68e3a43eb1b755d1",,
3352,"ed3119ecbe6517163b20cfa417ff1713",,
3353,"289c8b9e8fe6338635a2ef333e7df5e1",,
3354,"082e6fa93db0f9adb54b2d3c20efee20",,
3355,"682af52d5dd0273b75cb8f42f38c75ba",,
3356,"079e621553f4588c95576da26c5eb7af",,
3357,"cbde9f78d6bd58b40c4fc39abae8e672",,
3358,"a54e86faa3b85b53d9a2afecc4be7e32",,
3359,"5e897158554f0a73b8579b7f21460c9c",,
3360,"50d024cf75536c00633896543acdcf10",,
3361,"2993ce7f84871fd4a3cb8956f8833320",,
3362,"11108dc430b151e84ff31b98c5bfe57a",,
3363,"364f0e816dd33b76fdd553d8fe975c2b",,
3364,"5a34f892afaddc222e7a916bf2c4470d",,
3365,"f0f3d63f2a709f4a828914d34aa914e3",,
3366,"3a4dd9cb18928ca3c776ee278e48eea0",,
3367,"c9cf9098240cc240897482d87ba56803",,
3368,"823e1d394ecca51aa9d4ff9f59de6440",,
3369,"a16c57c12349094adadbb79c85615d40",,
3370,"4a98c73636dcc9d700fc2f9979169890",,
3371,"78d650102d623d43298be756e443820c",,
3372,"dd7cdb327c36a0753e8f746d1b492fe8",,
3373,"1ad47ebbe62693963e0822da7eb906aa",,
3374,"ae08ba637f436f6f023d4aece67d12f9",,
3375,"84d49944552bc5991cf34c529284eb89",,
3376,"5364b97b5a6b560b1b2a0867be61340a",,
3377,"a963d674c306995c21733d70be6b04c1",,
3378,"aa92209eddad5e077f52d006c83d4274",,
3379,"d8894f574789f6d598db3620994e1e03",,
3380,"e332253aaca7a24c2c91c583175df0ff",,
3381,"a6c31a908dcdc4b745006916fb154f87",,
3382,"f00c769f3bf176807f365a54a70e0886",,
3383,"11a19e3bc29b6623d2d756c324a949a3",,
3384,"1250e6874b2c26f50842e3fcd9e8283f",,
3385,"3f733075807bb3a1481fbdfcef2d4ab6",,
3386,"ac6230bf89ac8162a7c3fba372edff10",,
3387,"380fcf0285ea7e6316d3da1cf082653d",,
3388,"344b0e226a505ac6525f0b4f91b4aecc",,
3389,"9f8bdd9bae2e3a48be224d5ae5a1e72c",,
3390,"59e68357defbd8a1f2df606788bbe33e",,
3391,"d74c8eb7caee549a51bbb6a4c8513ccd",,
3392,"1a2cf3568be185a34dffca02c653e76f",,
3393,"266c33cfedce1b7c902e47f75b104ecd",,
3394,"ae753b8b7d03e117b5f7c00e8f2778a7",,
3395,"68e2dfa142ecf04955245d4d4570656b",,
3396,"a68cf6b5d8cc1e28f2ff2dc751f8b3db",,
3397,"e79295d50fbc843f51cae02a67e268e6",,
3398,"2269ced5c62c777b8c38e2b536562912",,
3399,"da67a477748520b9010541a3d277efe2",,
3400,"d54083efd0672e2678870b66dbbf02dd",,
3401,"00997578042b7589393bdf446dbc69d6",,
3402,"c8373e5fc108463386588496578e71b4",,
3403,"ebc5b5a79bf283cdf2911e917d7cb07e",,
3404,"66e36b1a35895d4a460751feb751fba6",,
3405,"e83d11da47a68f9c5b348953b3c0dc84",,
3406,"81a51861bc29a2a068efdf300545e3ab",,
3407,"456fb5f2521170c6c09a8f0729653025",,
3408,"879e4ba3296c13c54c2f5100d7ea2ff5",,
3409,"110f82833266b7bf1b95f71febf00e43",,
3410,"16235f3874ac4714677da0fa4d2ac73a",,
3411,"e0011df0ffb9d2245293cd158de24483",,
3412,"46f9847f9f4f6510c159ea7a15dedac6",,
3413,"ae4c50adeb14fcf6f329c947e7a02e85",,
3414,"495f6cfe563e32ac1ceb6d3bffdb9c01",,
3415,"15176cc0cf58c788ee8b3665af2136fe",,
3416,"23a1a22ee958fe041ff7e0cab643eca8",,
3417,"a208a3b8bd40e01f0b39cc57815302f5",,
3418,"80c05bcacd09109399bea884d7fd80b6",,
3419,"5cfec1648b7ccda3825386186bc0c288",,
3420,"734a369ff1504af76e759f69e016c90b",,
3421,"54e6721fb7d1515c7ae2310b504333cd",,
3422,"2b75cc8d7b3c20ae9732324270f1cffc",,
3423,"df9622317ab1838a6c177015223f115b",,
3424,"0adfe2343e2c304cf742d8db62af2e2f",,
3425,"ca061e7192b9bb02754ca650cc8e418d",,
3426,"1806b6f5bab18d194580124c9423bc36",,
3427,"50975d2cc35aa77a4a23e1363512964c",,
3428,"c8efe7072810e3954969898887bb88c4",,
3429,"09fe1b2872fc2583b4dca147d269e7a6",,
3430,"d15e28ce9edaffa7da22b9df8edc1d9c",,
3431,"846ee9ade0fad47c20e4eb7dcb022bfc",,
3432,"239bfd9c9eb44f6b0d598130e630cf74",,
3433,"ec8b0703bbed797febb6d66ece08e6cd",,
3434,"6134e9dda87be496d8d9eb59c3a798f7",,
3435,"f5721b88267164d92829d2d1193e2055",,
3436,"2df9b5662d40b0c3aba20779d790757f",,
3437,"88365752184a8ebae3e38f67b3ebd80c",,
3438,"dfb0ca41e52a9d10cb764e48031ddb9b",,
3439,"de5d5d5cfa28d5eafb97c3820c777e59",,
3440,"9015713cb07e1d96c7231dfebdd87106",,
3441,"41e2a258100363e1d99152942c31ce4f",,
3442,"6c9f6d39f4df7531c92311658fa0bc2a",,
3443,"b5f43197706d4e6ceec0bccaa743f8a1",,
3444,"f7020ee79c4cfb0308ce35b6a62f840a",,
3445,"079df45c8c1df7134892dac150344bc2",,
3446,"3171e76e108e12fc7c2072a83a641f9f",,
3447,"d7790c3cd7c73d386fe101d25692c1e7",,
3448,"78d9f991b0016cfa0adec2a1b40ea4a2",,
3449,"479628e3f5c377cfa68d4811e29a46d5",,
3450,"e419bfffb3c81bc895f24e010c288a12",,
3451,"48b66544d3e34b88915167a921904a7e",,
3452,"b5995a199e250d2b0f767f191ddbb0ec",,
3453,"ed8c444a9d7e6f49f2866725637a7a88",,
3454,"c6cd7a2e5fa3eeb257c0850ae4d7af82",,
3455,"72c380ef33ef0ec2c3b91b77e0faf216",,
3456,"8d6fb73058f7d5c684b83799aa20defc",,
3457,"a250bbff54156cbbc26b6e9993499b12",,
3458,"96d418a577b8e60b2838975aecd09c01",,
3459,"f640bb91bbdc382429a778ef39f2a8a9",,
3460,"1195c5f7bf87b01c1e3341cd62b3f961",,
3461,"322a79d526b240fa62c00af282685a33",,
3462,"d956f93a42137633bc8856c7ebd6700d",,
3463,"70f52924f652896b999e2c1eb0c0ad22",,
3464,"58d7cf50e03be7c7f7ec397c0ca8c411",,
3465,"c901fd348c6c94201ec62d4296a48def",,
3466,"baaf775f16507f883bc7b5fa65e29992",,
3467,"f96988616cc2db11456c682a6f6071b2",,
3468,"439e28ae856646a4b55a8fd84470f0cf",,
3469,"05635d918e7181a6de5129a934c8c008",,
3470,"2adb3936542f131371f0fc9626080ddf",,
3471,"ec097ee520051d30d8ba877b477d48d9",,
3472,"cb6883e7c6ed53be2c0a17c6712bc093",,
3473,"0405bc73a3676250603fd111484a20c9",,
3474,"fbb44b088532170c73d392a319535f87",,
3475,"a0f4d47514b8ddf8b658fdec149007bd",,
3476,"06c62d17879b3ba2fd0a675555caf2e7",,
3477,"f0279094328a93b5411018b8b0ffc201",,
3478,"77a50049e1b3e2b91be3a1e2819e1e6f",,
3479,"dbb88cd9a61cd07364e042614d4fc8a3",,
3480,"dc0d8a919373e548e6673221af3c89bc",,
3481,"fce5012f9d73f21b51b59bdfc994d7a7",,
3482,"316cd64614b957df48b9ac83438a8e94",,
3483,"ee732f53db882d14d43da7a8d8de6357",,
3484,"70cfe16675d5e7e5c7318fd91efc2240",,
3485,"ddfb7f75053bbe767b30010e6420278a",,
3486,"85e4bacad2dbe59800bcb798e67450b2",,
3487,"34f68a5fae013b22e3656c01aa62a7f5",,
3488,"6096435efd550b3d8ae86de1795ea588",,
3489,"4f00eba4514f2c1e53ff7d553869aeb8",,
3490,"fdbb193d474677aa1060ee9bc9e0bc2a",,
3491,"7d8d30ce897200e53507125cd3cbb656",,
3492,"2f724a654bc19f0c597ff6b551ea27f9",,
3493,"3df6980b1b78b87ce63aa9e9a79c52b3",,
3494,"4a9195882ae456d3ef125f2a0724ab69",,
3495,"01b6729bd43ac78cb0b7d37f7f4aa783",,
3496,"5dfb45d41e08f61f5143efdb1ec10168",,
3497,"8dfaa7373d0e2c5ba3e10a90eb287ce1",,
3498,"0cfa3fb04660d06630dc6a6a50bd8402",,
3499,"f167caf8e1ef6e19d9336034e0ae41eb",,
3500,"2ff5a592fcd8907b514768543c52ce08",,
3501,"fe135894bdf420fc357693e124541e6a",,
3502,"ff1bd5a90886880444d1c069d4f23d34",,
3503,"3bf47f4f83db83c4aed26af38a3d3d62",,
3504,"540ef960f3a016249034f9c9ded52512",,
3505,"b46471d1df5579d15cea9aa50575f1bb",,
3506,"c71b86fe8fd689b9751b56ee24e8857e",,
3507,"54fa5a208b0557c8cf15f33a82871b25",,
3508,"1fe72abcbe6a452e34ce1765bc22a0fd",,
3509,"178aaa8fea3745418d2842ec9148d8b0",,
3510,"5811a5db044e335c687f4b7ffa963752",,
3511,"ecea376a0c794f99ee169232d796b2a0",,
3512,"de09b0c049cdd77e6a4a7ab4efa3f9f0",,
3513,"c88fffe07e82dc135d7e6c0add6cbbcf",,
3514,"b138429a7ab905363f4b7baeb396c347",,
3515,"a45b31a19cf40ccc284cfd4390c920e9",,
3516,"f5f243abcb4c2251551bdb6aaf301079",,
3517,"bb6587f5b6d3c415c55316d0d8942d2f",,
3518,"447146af0f8372717a42489151a86da6",,
3519,"761c7650abcb516c1222115c3e60a673",,
3520,"f819b0e0c3888bf52033b010dac461a9",,
3521,"3b7b850f5a183e35103c3b6ede1749d5",,
3522,"3e572ddd92b2c6c25405b39f98dbe2bc",,
3523,"ad52c0b851b56e5bd3f50e2d4447c8af",,
3524,"bd7203ae3f30a5a98a8491d9090e09b1",,
3525,"75da2dc21513ab6730429deedb80f34d",,
3526,"92ee66c357106622a46fb6a5fdc6269a",,
3527,"6504cde3339e6d070d8578693f5fa980",,
3528,"c7c7b4f974249870fb021e9c614fddd1",,
3529,"1a133417a9dc7c27b20df8f88fa4dd0d",,
3530,"0e96329727ceb64f0d3340aba8f8bcdb",,
3531,"fd815bed5e1a5305d9f0cb22869839d7",,
3532,"889249d7c1a5aff13d00e19d8cbf7f54",,
3533,"24a38ef4d053fcd1983dc4dfb34bdf5c",,
3534,"bd2d25980ee23849a7b32ac42454b5b6",,
3535,"64a14c950f6f92a035e73872cb770bee",,
3536,"3426d0e617985a8232d233fb1d0d65f9",,
3537,"03e7c9e5097341784276ca2e7c126992",,
3538,"39231ef67df9458cd003fae2c3c7f67f",,
3539,"e88b36e47833d4265545c9d7f8ed80d7",,
3540,"bbfa39ce8c4c89c9014fbcb09e4e282a",,
3541,"5bb0a20e681ac97efe9fb078a03fe4cf",,
3542,"50fd3f3a93d0bcd8212d8124939ed511",,
3543,"4caa237d4a6afe3977ce54de70eaaada",,
3544,"a2e9ccf073e22604ce7610b1996a060b",,
3545,"57fcf6a4ef1b0c04ec36cf77bec474e2",,
3546,"377e7eb5b657dd243e752b7fcd4fad79",,
3547,"0e335ee69a28a1263e6bb2d39f00ccae",,
3548,"9df8bbcbbed8109eb309a5d7c8274b39",,
3549,"b0a7f492d76966c0cd8bcf74e25b9ac9",,
3550,"05031cc5cf146aaecb8f457fc3f5601d",,
3551,"566d507bb43c875f0bffad5ee575e322",,
3552,"45c98cd3b39189ff5e77b8c2fd96c5de",,
3553,"9fb27c5b2f7a0d422f6d2c151e948a24",,
3554,"962e39fdd6fbf832a05aecb701ad4540",,
3555,"d9a9c73f409e6c16856624ff2f79f2b4",,
3556,"b3f2e3d2aa78c66b1abec8ef8c7663a7",,
3557,"db63a5f583d3045c0b0a55ac96105946",,
3558,"53c254f38c287cde2440bb368ce21e23",,
3559,"0dd4438788719d9430c44bd6f68188dd",,
3560,"c47f6f5fc7e0814c8b80257302a959df",,
3561,"572d8cc3d8c0861d88b4171860c5f0a2",,
3562,"d3006f66c7709be9ceba1a8395a1eac1",,
3563,"17b177481d0800d6ec2b00c1234eeed8",,
3564,"25d93e826c5ec684f9da8e4aa608a44b",,
3565,"81b2b226316e0c7fbbbdb5045c0ca622",,
3566,"89810d246fa36e2f947a0466d8934010",,
3567,"dda672e4569787831a85e2a4fece7309",,
3568,"c6ddc305f35afec21afdfdcf6843b085",,
3569,"58c6cffca858f2eabcd2251779c2650b",,
3570,"a378b3bfaea00ceaaa811889215f3ab0",,
3571,"d5e077949d9df21c1b5b25f85d2493fc",,
3572,"6a038fade33d39501075134d1ae98694",,
3573,"3f0c1b0e682b70a375f37114e8bd86e5",,
3574,"6a45e42e2bedb66c4d52a3fb2e1b399d",,
3575,"5ef09041e1d6aebd6b44e7e7dae03299",,
3576,"457990506b2f520381e99a7ea150f858",,
3577,"fe98706f4db8fe5906ea115962d442f8",,
3578,"f7d5b45796e8719e68105c5a9facc06c",,
3579,"d1338c923a2f4e3e34948b89f423d7f0",,
3580,"e8f3221df8bacaaebd7cada83bf54852",,
3581,"1cf155933960a739b4cee653cc5483e1",,
3582,"1642bfe9fdb764b0aef94506c18697da",,
3583,"7f3b035f639d96cfd8e7eb010628ad61",,
3584,"dc2a5c27582588d23fa83d4c970c5e3d",,
3585,"6f63193ad509797b0e77f994a8468b15",,
3586,"c262eb786ff15bb0eef0725daccf0cd2",,
3587,"6e3a75e90a33e9e6b3df12a7ae201537",,
3588,"64c0e4ef4ac1f7587076961e19eea28d",,
3589,"d1bc1405fd48182d68efc439a6fbd448",,
3590,"636bd8d1d5329ccc5994cea4253dd4d5",,
3591,"1632181b0523ca4b40d626eb33c25fc0",,
3592,"7259ec784260cf6dac1381cd7fcbef00",,
3593,"078e5827cb08b000348a11386de3e996",,
3594,"2f0f9fa07f441aceb667117a4b3b6f3c",,
3595,"fa7b4f6c0d12f9a7f2c2bc75fb562ab3",,
3596,"bb5bef2a09aa6c97f19a2f5c238c4628",,
3597,"960f49bf71c18ec771740a69ecc2b6c1",,
3598,"ca5c4e48fc0491ef20f4af0f233ec925",,
3599,"cd164dcad61577a285c4369f59aaa7a5",,
3600,"85def79160dd051fbbcf6772c397e012",,
3601,"55117428b0b301be228e0819ca036c28",,
3602,"db6d14c60d587a0125dec6e1c52537d1",,
3603,"49c6a7d6f2fd0653a58116c3736a5d28",,
3604,"d25d469fc11da12a39cf895cdc40838e",,
3605,"7fc668412ea569a6088d0f1199e4b6e9",,
3606,"3ef2c709836731ced6c1aade2b486d97",,
3607,"abc539c63dd71d3df93474dbcf3b03ff",,
3608,"e50644e91d7f0ce642f1464291b255ac",,
3609,"68b9f2438a65ec17e0bb40e8c362cc76",,
3610,"4c00db480c2c8ec5d32de2bd8832b6ab",,
3611,"67d351cf4705b4b5ba831d9a608d3d35",,
3612,"081b8b6a20eea327c1a522ce8844d063",,
3613,"9501e24271add33ec088ef5083bbde40",,
3614,"6ba8eea1dc84b89d2b9744197b7e393a",,
3615,"8b49fd4a1ce770c0af437c091c96ad88",,
3616,"7d971f221c2d1c55de782568fb909600",,
3617,"4e46107f63d5171a3a591a733411d998",,
3618,"77a7e105aad88bca1fe59d5d7dbe90bf",,
3619,"286f0a1da238dd42f01f5f8db7635ddb",,
3620,"9ddac066d0f337a9bffc1e4403d57f19","stm32",
3621,"22ad86977a5f6e60bd634169c74eaec4",,
3622,"a6d2bb6f9d1ae7b08a702247101d31a7","stm32",
3623,"e2a73eebe5fd33cf84579828be3b9913",,
3624,"762ff12966e203c5ae71bd44207aa5bb",,
3625,"384a9918d78c28d016be5d90c4bddd78",,
3626,"3b73cc3f24db3b715f3d73b2cb46dfae",,
3627,"a9846bcb8c616b956edd31a16e59121e",,
3628,"4e087fd354a4bcb2c596e5d3897248a7",,
3629,"da2c5daebfbd238a06f608b9523f9de5",,
3630,"28b44e0ef420eb41063e6f97d96c492e",,
3631,"0561b6cd22d0412405290ab420f3ce3d",,
3632,"65d5bd8ab6e9048d01cd7ea5b21eadd0",,
3633,"fb57ed6f42fb44a66775a0811469c3ad",,
3634,"fde2571378ec71e1eedaed7afdefb4f1",,
3635,"4819c660156071ceadc8f1de9917773a",,
3636,"9a4b289c860a2750c0231e905246d096",,
3637,"deeab44e6720f6a8a8b5dc6996d82a92",,
3638,"0b2a1ffb530b6316e619ac4e125aa7bc",,
3639,"13d26902f662e93b483032db145afd27",,
3640,"1bb22dbd7aee5849459e7396b888472e",,
3641,"703a18366d3c131b475103d2bb3ea2c7",,
3642,"1a06358724c50306e2cb88983db580a0",,
3643,"791546453cae5ec574908f5082385e5b",,
3644,"20170f5893a955319df758be5cd546a1",,
3645,"66ee9091fcc6168374b9c97659482609",,
3646,"1296f3db3063588254d0b67536302658",,
3647,"8d5417d666e88e483d80eea5319690e1",,
3648,"37ae0ddc62bcd6736545b63e7aa4dc66","stm32",
3649,"4a66eccf03fa94e5d624f44af75826ff",,
3650,"cb5e66c96757a0a5e65d9f9cdc3ce88d",,
3651,"d0e33b32b5c6915501bd0ea66e7b3c3d",,
3652,"c109d8b405ed58f0e136b864b6064348",,
3653,"a024f25e30a60169e666d73d80d7c926",,
3654,"fff06e43cb2dfdab8e9083dc803ff828",,
3655,"846e9e92a4866007c30ee81d9776c354",,
3656,"78b79d4b6b7155d811285a31941136f6",,
3657,"08137e46946310215f19e0c412881861",,
3658,"2a24644a200c8234bf907cf0008f9f68",,
3661,"9db048a88b76c366930dcddc558c123f",,
3666,"9c440ff59b14039817f54f1c1f599b6c",,
4626,"eb844b3634def1b2d59fe63b18767aec",,
4629,"95fd079b842dd76ed0b8eea5a1bee92d",,
4632,"5252370be7b57e44002b068e57dde15a",,
4635,"a3804a8cdac11be448518c8979669209",,
4638,"cc270ce5093ed103e72222125a6cf94c",,
4641,"d5041068e436c9244057c6608d8e9d87",,
4644,"2966c0ebcadabc07c67f0554a06061ba",,
4647,"73cc46603aada803f8a09160e08fa307",,
4650,"8f69e6d8ad6c637d5522bf89875253c3",,
4653,"279530078149fc93d698492b54a2053a",,
4656,"7c2b448feb09f0ad39ad07f589d67257",,
4659,"363fb13d09a7670aa497c0610d78e0ea",,
4662,"ebcc9b80082087d63f2721cf08317e7b","nordic",
4665,"a0e81d086397126c91ec3690bc8c05bf",,
3670,"09eabb9786b5ce969472b45495e8edef",,
3671,"610c926d1e5b44b12c1052d46969bf1e",,
3672,"5aea7af25f89adb176a8969835d3d0f3",,
3673,"159485194892bde49069fb442db977cb",,
3674,"d2a2e7fb92a9ac296298405d114066ef",,
3675,"6871b7395e25662f1ba1d061105c371c",,
3676,"c92b8c2fc0c270a6977d9aff6af2aca0",,
3677,"833b26ab8e1c9234077820873fb7d145",,
3678,"e8d297e23595aa6357ac9d4d41267c6d",,
3679,"56ba01ce985c9dc8e0e3f3b8aefa94f4",,
3680,"8d5e3f256fe20ec9c0cc81b189783923",,
3681,"9038906b4c67869dc7631ae18993413e",,
3682,"7eadead5cdd0317e2e20146f13a3b5f2",,
3683,"b0e4f0da0d47be6ca7b594020fcba019",,
3684,"bc6c8876ebf0cf8d1032b53cebd4e9c9",,
3685,"092d306e96b211e286ef24b54a55436e",,
3686,"9fdbc067eb6f4aa3e42be053d5dcfbd6",,
3687,"05716dd55887fcaf86c69bdf32be7cfb",,
3688,"8ba0e6f7132d104798e98eedb1e932e3",,
3689,"3e6edd3d11847a575240a0661496e9c4",,
3690,"8fae9a5c2e498617286ab65c77624c08",,
3691,"7f73a52077a27ae8f0fb5728cb5ab84d",,
3692,"5ded222eeecf72a71741b9f7d147b2ca",,
3693,"cd84d107a13f8df881a44adfe586a49e",,
3694,"5ea7dd0b20af141b1aa3a2a592c32d14",,
3695,"546b560388ed4246ed997ac55edb5e3c",,
3696,"0603dcd9498d9c41bcff08508df130fc",,
3697,"df4b018c503165f0d30fc581a247a9b3",,
3698,"2c5503fe741f6b5c7fd5f458cf0bf088",,
3699,"be1b375ba4940938fb9e955ef1a314d6",,
3700,"5f49dcb7635ef93e1d4af45403ebf928","esp",
3701,"784f7aa93b9848bc921b358225992b7c","esp",
3702,"1361f9639a794e411d140f9e5b27b62b","esp",
3703,"36f104624473627985fff40ae9b341fa","esp",
3704,"53b5aa0d369b63b213282b986166b56c","esp",
3705,"27107cba6683b54c8cbd27a119a2ef7b","esp",
3706,"7f1ce2fcb2e949712285b7e81fdd07d4","esp",
3707,"fd1d767b08eafb700ad8b963395c01db","nordic",
3708,"67e85ef91794707b1d524e1dccb49dbe",,
3709,"3abf3fd1c6598779ac66e9c149c40738",,
3710,"cc401993806fd806c780bf24228d072f","esp",
3711,"3c5625fea48d94ae871ab553775a40cd","esp",
3712,"eaedff4692322421725b50d3c9d73090","esp",
3713,"181a56d32333afb362ebe42d7c4efd00","esp",
3714,"fb2bbaecee36088f93293d924be85411","esp",
3715,"bb50869776941bb819b3579d4d7407a2","esp",
3716,"72d03740288e6cd0dfb0ce7517246782","nordic",
3717,"0c24e5ca160ea00c4d1dc266fcb79be9","nordic",
3718,"506b4e321b86551591fd63b378580b26","nordic",
3719,"cbec5db5cca38dacaf3725042c9c5c1c",,
3720,"dbeaf1ce8969bde8825b667edc6ce7d9","esp",
3721,"a70d0925133b2f7700cc8f62fa967625",,
3722,"925e9a088009f5eb8736d154ef938927",,
3723,"ce8123ab40e47d8c78b0c9dde95d2282","esp",
3724,"4d2aec7a27482e28ac6c8353079c333d","esp",
3725,"52bdda7148818a89a8f4b8c218b12e29","esp",
3726,"8080ff653e5125c08f746fd5309a7137","esp",
3727,"f9ffd86306059990a63a7bd579fde934","esp",
3728,"df8e84c47d7bfb0c3c7fe2322a7a3735","esp",
3729,"8fb63062caab845438f159365bc77201","nordic",
3730,"17f7ce61fc32b050875264fe2f7c9449","nordic",
3731,"ee892873dcad9d705deba60cbceef27a","nordic",
3732,"c651280ba75eff7d8f25756bed896557","esp",
3733,"a566198ca69a2432c11c51a467c7c1cf","esp",
3734,"09d202101144f61985ad4f0ee659faf9","nordic",
3735,"cd5560133484782ee6f23123726743a2",,
3736,"e6f37ddac655d684cbf2430306050fde",,
3737,"b78a8c77a0d0c77b356c17725b7a2707",,
3738,"d40370f470eed87353ef462697a628b1","esp",
3739,"5dfdc0d5bcc0d6f15a8d0a496e12d29f",,
3740,"72048d638373229426ee8568dff7d64e",,
3741,"2aff89ee5b54eb5e0dc01a3afa2489f8",,
3742,"2118c99963a0f5a038aa70b1e077ad20",,
3743,"4316878e257146009b8f798ca0b52e92",,
3744,"a0bab3c1883b098f9e33b436ccdedcc7",,
3745,"2ad5841218b0b9b0ffb4b2b51a16278a",,
3746,"71a24dacbc9bfa1f7aa9678743ec8432","nordic",
3747,"691e1ebd6104b736c62c446e837bedc8",,
3748,"fdede84b677001ffe2629b3037b129c2","nordic",
3749,"eb722d73719facc78ef52db40779f2dd",,
3750,"0f7da4e0f86fc8ffc0731f1a952c03b2",,
3751,"9c9c4e075bb65a1000e08235d9a8c06d",,
3752,"de3012000504a6807d7b17915e1ec2d6","nordic",
3753,"786794b52395be77c55a727b899b824c",,
3754,"978483f02aa2089a5e94685b9c0c1801","nordic",
3755,"2355290bf1fdcc85e3fbef36edf4cb96",,
3756,"10b03d8d4cfaa4e8390ab2494e540483","nordic",
3757,"26bf2e1f055398b2ee329410e1b9bbeb",,
3758,"31f7c23038fa559a4d0035806e505594","nordic",
3759,"70c88f54e9bda7c6cc063e0e333be1b0",,
3760,"9ca3401931eec6852d9566f9b0f92750",,
3761,"f878afa9afeca75015c2cb23377cbc52","nordic",
3762,"c737e62cfee0e3cab0076687efe387e6",,
3763,"6ba69388bee4621774905af46fc11dec",,
3764,"bb5464060d549d5a23b92f640b5d886d","nordic",
3765,"a117a90b05f0e38f3d57392851d355ef","nordic",
3766,"5e6957ca46cdcfb1e259d84aeeec66dd",,
3767,"fc6fccb96895f74864e5406c0438d06f",,
3768,"4ff8f79d9df912d8d0149344b0e93788",,
4171,"700dfc7288614fd248b1e2267a98697c",,
3769,"56d2ab5cb3718e56a595026f40d41d09",,
3770,"6622041ca7b7577317e1c3698d760192",,
3771,"43b6431713efcd2d4506d3bcd1f0a47e",,
3772,"3637475fb873ee740f6c5f5ff7e40a92","nordic",
3773,"51aac6d9df3b90e1597e8952bbdebee4",,
3774,"0f43af55cf2e17d828bce6fbb840d122","nordic",
3775,"79b92876426f57ac94ec4028d9bd6043",,
3776,"2f279ce46a5a860e29eaddd436a3679c","nordic",
3777,"400a3c242248bb9f6aac47c4b9be3e2b",,
3778,"09677282be63588d0352b03d51b07657","nordic",
3779,"51a225bd84d75e53fac8a00aa781cc3b",,
3780,"5d086c01b978de0c08edbbde646f74ca","nordic",
3781,"449544bc9d4e0ff55202a8e1e7dd3781",,
3782,"386e434a794d148aad3c0f70d54a3eff",,
3783,"a26d908e438fb834f6409baec7ec4069",,
3784,"7daa6eb406805ea5a3e9cbe7adadffd7",,
3785,"f926d50f790235169cb40d14a75965b0","nordic",
3786,"7fcbd1687ef355b476acd53c370b4d68",,
3787,"2beb416163a512893bb73c8313a7ab0c",,
3788,"fc975e6bea8299a2da4aa6575a290443","nordic",
3789,"0225f9461572f3a32041047e91cd5b2e",,
3790,"fcf18e05dd6ba4ea351f16b3d635dc56",,
3791,"7675c86f616434432f473c27bdb06db2",,
3792,"237b3cac4d911e0640c056bd516809b8",,
3793,"a6c8559c4a6914839f002b6101eaff42",,
3794,"067a1c77b857796951bbbaa70f129655",,
3795,"dd17b67fc290299e3a24ddc7e5c1026f",,
3796,"d4fdf2532ffd51619dfd1234da205b03",,
3797,"8e5f9494474e584c6f6edb345e6ea198",,
3798,"9243af1e7a11351d3374f43f85bfcccd",,
3799,"2af1d27ed3c1926f3013730791da6a3a",,
3800,"c6f3eaf98014cfe2529ed95b1c129ab2",,
3801,"b42dca803607c44b26cf1b327a624f55",,
3802,"e1cae3f5767bb647812015ae188f45c0",,
3803,"0e399174306396a8862283596f6df085",,
3804,"f2381292440b5a6141bd6c302a61ded1",,
3805,"e5474e8fde051b93f923d0d93c06b964",,
3806,"b0f243d03af5a476b0220df9855f678f",,
3807,"c42e8eedf6b385db9412a367c7bc851e",,
3808,"ac538b940f6ae81a1d3acf3ad156c24f",,
3809,"33ab4adc4c7b52b28402f1eae7af1f62",,
3810,"1e06a38af5a82935cee636fd125031c5",,
3811,"2da26fefc2261326ffb49607dc5d7aab",,
3812,"1076772deb5bd213c49257fd11054b4b","nordic",
3813,"d71dcb5321ad04cb5f6835eb9be048f3",,
3814,"686d3627556b1f75ea9c73e434be1b20",,
3815,"9f80361aa0bc306460cc5dbfa833659d",,
3816,"9e6da34cc5eda881ff85bcc98c987ce4",,
3817,"88c1fcf3345459ff3dd1bfde352426a6",,
3818,"143ba481bbe334562538a5876c31ec1c",,
3819,"9d42fd28e4570baea59f147fdaaea4a9",,
3820,"76dd759826c1785cf725afa44d54e956",,
3821,"25e678d50896cbee50cdbeb632f7c9dd",,
3822,"a67a7a35cd93e1ccd7a502b0c30b5f20",,
3823,"f856a99dd23c5e6962795a77b8c0a312",,
3824,"dba26cd9b2f1e6d78f22f33ad7b9cea5",,
3825,"a33c169c3190c1fb8d23defeddd35cfa",,
3826,"d29a9efcf6d86dea794117c86021a7f4",,
3827,"da37073ace69237c1f97ec7ff3c50120","cypress",
3828,"7c05f4959514fddc19d64bcff47f1d00","nordic",
3829,"86d6f8c6539cf534126f900a45c6dd94",,
3830,"51bc30fa143f0f422d514a92acf3db76",,
3831,"cba40d013601a31c17c62f780c3d518c",,
3832,"2a347624ea86f0d88e5b828fded3f4cf",,
3833,"31850f5c75cef3d8dd9ab4a7bc0577d8",,
3834,"e629d54381ecdf1a8443e41509a1bc31","stm32",
3835,"ec2a8169c8b19412e60d9f5dfde3c227",,
3836,"16007ce7effbe9eb2e9386b1c2638c85","dialog",
3837,"1c38f576c56c8c7b0f1d8fed01fa53fb",,
3838,"7515472f425e61589043c9435c901458",,
3839,"53d9654670aada6ae9b0549ad9b1b6f8",,
3840,"36a3c1b51599bb01be98b4630ff99675","dialog",
3841,"517538709d31ef8a0acd121121dbe2d7",,
3842,"819cdcb3b6902b0d4ec3a228b23340a7",,
3843,"d41c5fbea62ce5a1c8451f42d3cd0f2b",,
3844,"0c01526023f72dd4134d9a5d313d1224",,
3845,"c8d018cd1f55490807a8449b117d7eb9",,
3846,"0140d075209d3991b97afc814b6d5bcc",,
3847,"d7b73d78aa8c7000c07e82596f593ad7",,
3848,"a5aef33eda563616f469fd878ae443e4",,
3849,"c1c93585742cea1df7e30621ae836ac6",,
3850,"c63da158dd2674b954a9fbfe771a9f58","dialog",
3851,"44c3624f3fcf2031b6a6671870db7d00","dialog",
3852,"f3396fdf1d61cc83cffa31d783f2b378","dialog",
3853,"b5bf9999825070efc5a0b38bbc235d3a","dialog",
3854,"9e444ce6029138d466d94d740b3fde70","dialog",
3855,"5640361de850c32b9dc1cd7645a6e500","dialog",
3856,"3a72d260c9c741544645a9db03802f37","dialog",
3857,"2dd1fe8734d42968afff2df82d48599c","dialog",
3858,"1d95bb6b75253b037c0c863f7b399ec5","dialog",
3859,"dcd76ef59a71f5d721162a3adfce6316","dialog",
3860,"4a87c2a86f72d9db1051cc822c639a6a","dialog",
3861,"876e31e5d8d2d382255b120d038c0ae2","dialog",
3862,"b0259feb639b8c52039f012291f73e73","ti",
3863,"322fb807d15e164180b27221d94e12f5","ti",
3864,"8864f511d0656cd2b7ad647197257af8",,
3865,"7062f8ddabe9e060f29c9a16eea56e9e",,
3866,"ef360a6a247716f13979143df609f445",,
3867,"30714dcc1e7d639a164fac4ce48a4a1e",,
3868,"1a788215ad91f9667c499c731315b1ba",,
3869,"44369bff65024b2019ee15d647e79aaf","ti",
3870,"a1d64d6390e4d7f953c5bfad1011ea85","ti",
3871,"ca8ae22ca61b64249cbbf0809cdc4ac5",,
3872,"a9a6efd5f43c80f92ed30095004d8cd4",,
3873,"4b59ddc057523e2fe86d47ba587a41df","ti",
3874,"28297a4424f257a276137c45dbd07910","ti",
3875,"00d4306ff8b9f9ab2b1177f83c0f360d","ti",
3876,"c3ad2773c26b076555c5e84ae1b1ce8a","ti",
3877,"a1a49d3b38803b5d0a8662e7059f49fc","ti",
3878,"561d1d74ce7599f59a67c8174f2c65fe","ti",
3879,"edf525253ba59b8095ee1fc3a357f84f",,
3880,"44ca9f338ee79d37340eb7e9de4330c3",,
3881,"db94bab2b20c036ccd756e0349fd91a9",,
3882,"14594d7f40d35273130c0b04a50c1590",,
3883,"32cb652cb46ea07b12e0e9a2ff4be63f",,
3884,"e55da710afb4e029762cecea105a6f0d",,
3885,"c8c6c9421683831289b36b436547bdd6","ti",
3886,"2fdfee4f8d933e0c5264206c83de3939","ti",
3887,"56dc6174c33ed3493c1be2510f97fa6f","ti",
3888,"57f3f521e168d9b507d897d6d8dc8902","dialog",
3889,"4430c850118dab82476117da63a2555e","dialog",
3890,"5f71317aca8928020ef69d7a9b43de0c","dialog",
3891,"d0b4b687ce7edd77d7ece6c1fe632d4b","dialog",
4173,"8940334fc71bb8d550e56c51614ed080",,
3892,"cc51ec5a9b0d972e3928bee0195c74ad","dialog",
3893,"33fa2ade436fd83fc0479cbd4e24a83a","ti",
3894,"0cd6d9f03ae65863a5d3ee64a91c68b1","ti",
3895,"fce9102dcd09c6266f3f60b09bb2505b",,
3896,"cea46644e6f609eeba6bf1f2ee18e24d",,
3897,"ed8eb837b67526ebb5cb4a6e0cd661e0","ti",
3898,"cc18889b20dcfa9e3006b312235081fd","ti",
3899,"7f952a4b275ae8ad4a18350ed001eaf0",,
3900,"ef1868da24ec095c7689e487d5cb15d2",,
3901,"e68c58fdc2e2c4ae711d77cebc6af862",,
3902,"91d8be708942d2d18052bcee57802b3b",,
3903,"b20435c304dd61fc9dee9642db51c608",,
3904,"b7cdcc18c31830b21bba9afc1d456aeb",,
3905,"b9dee6a2c4e277e34d9bb853a6296b9f",,
3906,"2c7d1bd115d70b829bdfc46bcea6f4a6",,
3907,"1fa14bafe40e1c42a38be7d5400c7c95",,
3908,"6b0462a928ab28d2c0dc0d4b3fb81e3c",,
3909,"a4ce56f5dac19aa22006829e0f915c3d",,
3910,"f4e8a061fa70b6aa9c83c3e02d6e8fe7",,
3911,"e4e516deb7ad619e76d3b61b5f7b899c",,
3912,"b26a7fc489cfdebbe7cc47a5035fed06",,
3913,"29962d97d22475ef5604a457a7bf05ce",,
3914,"b570993842701f7ccefacb6936ed115c","dialog",
3915,"8531f60715a1d3dd6e3d78ed6d62bbaa",,
3916,"5bebaed2e3c2492b40c711d52bb4d0a0",,
3917,"3e20f8180b115794cbb89a67b3747c5f",,
4174,"c01dbdf49123d6f1e1c432921bc9d5dc",,
3918,"b0d5a3fa90eec9dea661d0f444b60ea8",,
3919,"9b9c720f1f84030ba68adf78ab43ee31",,
3920,"85641fc995ca8d303b2214c7b8ce0f2c",,
3921,"625e8e2d9c52ceb6a313d77d8eabb614",,
3922,"43f889cd2cb454ae62df42a6ec63be94",,
3923,"c1faa5e4702d9ae821ca3d07950b01ae",,
3924,"e261e074f88c859fcd2a6aa64910ca06","ti",
3925,"4d5eded04e4ef6650cf09ac01a2bed57","ti",
3926,"6ce1570bfabac4cc9c4c2baea31f7b35","ti",
3927,"e63a5f06cc2fab9b14697e163b02da57","ti",
3928,"69724a8891cf57da495f38a622e82a8c","ti",
3929,"2b66548852f13b69cfb877513b4243d9","ti",
3930,"55279ae801918e47e603d1d04b10d529","ti",
3931,"97af51f49d40a553b42d1e0ad3395498",,
3932,"1d14743c859b08c4c60deebebdd757ea",,
3933,"808c4cbff933940f729a68ec3c8085ae","ti",
3934,"c555ed05de00b175efd53bfc788e75cc","ti",
3935,"c0367c065273a1c03e3d018e85e3e7aa","ti",
3936,"20c3585de3a7778486092106fe19f9d3",,
3937,"ba7b60450f7840d0f0e1b0bbdc01a4b0",,
3938,"d83cb7a49439beda5a1269830770b72d",,
3939,"cd1ae76fcd71a069df053247bfa2439a",,
3940,"6bcd4ba581a350c3e6bb50e9371d8191",,
3941,"b90973b9d786aa45168d42aaa9fd9cb0",,
4175,"91cb9402431e2ef4743bca7f8f0fbf49",,
3942,"d838defec8d2cb9c82f481b2412c9f21",,
3943,"1298a813952f6d16642571f8a2301258",,
3944,"ef8a1414d4c42a5fd869e36f5e475d93",,
3945,"6b96ad9c5818b41e6fd09a7ac56ffd08",,
3946,"715abd727593296eef940d3872c5e172",,
3947,"d4e3a737f05a101aa068f8ccade04773",,
3948,"4a0f6fde54d59b6d9fd2ace1b3cafb05",,
3949,"e535d6f6198a045cdef16d4bba106233",,
3950,"e0329d45e288b02b3f8dec54bbd745a2","ti",
3951,"b1324b7d82ce3b25f23c1d7d33492ceb","ti",
3952,"244a6f283e5668173b2f716364659cde","ti",
3953,"db33751021e8cc69bcf226347c9eaffa","ti",
3954,"d5120ae781b1cda70be40312e9e32c32","ti",
3955,"5bd166febf614b52441898543723300a","ti",
3956,"b518d205006a77886ad8842fac34e875","ti",
3957,"286b3a1bfeb867e68a19b630119c642a","ti",
3958,"63da7e34cb7616d2f8f9be7bb96194b8","ti",
3959,"d1c7bfaafd5dffef183f869074526491","ti",
3960,"9a510f5a9581a6e0171f62c177a4b55f","ti",
3961,"f7561dee5197a707b322e05ff6a2508e","ti",
3962,"3c1031852ae5095417a6efdcc1dca0cf",,
3963,"eb5610217a600e286cfb9c0b388d666a",,
3964,"262a2ed3520fe238dfd8c5d022d8a161","ti",
3965,"83637779201d9b3bb57f82ad82e8ffb5",,
3966,"a081b45206136e6c1a964a7d03db17b0","ti",
3967,"684e1ea8b7ee334d36e2d167571579aa","ti",
3968,"b22c6a1fd3d128094f0f3464c9b1836a","ti",
3969,"8f76384435b34d17172cadf8c3187e15","ti",
3970,"a449218ede6f635e25668e854024e72d","ti",
3971,"20d31c0c852949f402cf2581c0e08a98","ti",
3972,"d2f31f51f0db23d07eee6c51b7c89028","ti",
3973,"c0035fa8f79e945a252df8409515bf34","ti",
3974,"9ef606c3598437af888365794e17b45f","ti",
3975,"7c0fd6a1ff6737ce7c182f247953af8a","ti",
3976,"cc6df84e46dd22ba3b40b84b91f7458c","ti",
3977,"bb3aa0438094cd91126ab74091ed25bb","ti",
3978,"3712fcc086682e9e73714361124360a2","ti",
3979,"605b80639a47ee897b6bcc6ac603afe7","ti",
3980,"634a4cf67166f814386898f81103e491","ti",
3981,"0b08cf6695a513734d6aa4925ad4c287","ti",
3982,"d3baa636db82ce7d4664e48f79993e31","ti",
3983,"ee233726ad6e5d09fbd5e46475b9f076","ti",
3984,"e0b3352b698fd8f1558e1bf9f14e7c13","ti",
3985,"0e31bca9ccf331ab86d310fe46dda3c7","ti",
4176,"76527cb575f658def91d529ab70e5717",,
3986,"563203c1f51818f47718ac0abf8cc449","ti",
3987,"cd38d1f83de7d78fca4b0b675928e7fe","ti",
3988,"c6e6d4ba03fae0ede0890f9d54568165","ti",
3989,"f38af5fe540b8c10b7c410dffdcd03ab","ti",
3990,"c5607e5927740cde516958f1c3122ee7","ti",
3991,"d7954e1c59ca3b9f01ebf73b3d0c3f35","ti",
3992,"4f940e00876468119a65ba987e892d52","ti",
3993,"ac07a18574520350f4a90bc875f3ed5a","ti",
3994,"1a3e3559a56db0badb9fd1a533618eb2","ti",
3995,"3b1762d686ea71946290253e7721c34d","ti",
3996,"9d991f8fa7d1c52a6ee4b3515fe9da0c","ti",
3997,"e22f8045475444a9d742e3005a041ef5","ti",
3998,"5f030d11de11f6ec71c8a54037ac1385","ti",
3999,"3fab7d8968b5141daa74d8f83815b262","ti",
4000,"67d4dae190e4d6ffaf3c6f8ac615fe15","ti",
4001,"3377ecb78493be7c870602a353eeeda6","ti",
4002,"f4bbd9eabc0bd1625f790bb6530e6481","ti",
4003,"df376b2464104adf9f82c3a364daeae1","ti",
4004,"aa497c82020476a92c26f7c83c2f370b","ti",
4005,"8ee91d4e582a1b29cb0254dc1bddd95d","ti",
4006,"0da6ce1a4294a961b8d1a9f360dc2763","ti",
4007,"5c41197772addd7697e3a28d4072c242","ti",
4008,"b90eb30d5e7d7b1689c04b09754b3092","ti",
4009,"85cf9d0060330fd512c65819ee064449","ti",
4010,"603a3da2bb3923292993c7f29e85ee0c","ti",
4011,"2d89821f346c2acf013cfb4729fd05ad","ti",
4012,"facddf0c970cc59773cb88a1058b5f6a","ti",
4013,"20361e47cc21a97737b587523670399c","ti",
4014,"3fa988bf4141df79dcc14f8ad4ecb14c","ti",
4015,"f2bdeac6392c8813e9b2895652021703","ti",
4016,"eb73d380539c6311519d4f389448c2c6","ti",
4017,"ab58ff7d37c9a9927d6924cb7258fff0","ti",
4018,"ff59c6c5e71073e018ec709ed8841893","ti",
4019,"c76f8c92eabc2113d7901394ca7c9747","ti",
4020,"196ad685dbe5cf482c99e90269bc996f","ti",
4021,"5b5f3628747da7d6549ce752a03840e1","ti",
4022,"65d4a508285fa5b21062a05970e30fb4","ti",
4023,"bbd1c7c53cd6833660a95995b3541967","ti",
4024,"5f2798dba601eeff21566f351f78bcba","ti",
4025,"1eadda72392ce50b917d9aa0da9db4c6","ti",
4049,"6fe6efb1cbae1cb51a21da2221e036d4",,
4026,"cb3372859bae768a75e7639b69dfd714","ti",
4027,"8c4b1a5ddda63e90a87bedff17663de6","ti",
4028,"fbfb0668bb7abcea8859c161a552afe1","ti",
4029,"c0202c3198aab7599b1bb0e4102bdc87","ti",
4030,"307ec06862132bf7b64ebb92f6f97af3","ti",
4031,"cfe7252e246c2b0d8b112bc0a4f0f54d","ti",
4032,"3ed734862eb57d3ef88a6a085e9a84a0","ti",
4033,"26165e2106a88bc0999417076d01ec6c",,
4034,"a68a054748260c3b42a97bae3fefc30d",,
4035,"ab9e71edd8be7980a405ab522dd67b3c",,
4036,"eda74bafd58049e760e4778dc2583c51",,
4037,"e20fab45a8f222209681c4d4d550c254",,
4038,"ae3b0d65a4c2cd76ba6932e4009e7ac0",,
4039,"57ef59b7b67449bda76b1ec476584f8f",,
4040,"cd072286fb9c381b7e10f7c742a7c0fe",,
4041,"ea042245f1759ad883339cc9c78ea9c7","ti",
4042,"bb0d8f7c6d477f51c493689afb023278","ti",
4043,"f6923048a3fbadd1017eb4288eef22a5","ti",
4044,"3a3eca1eebc8b8b00781077d1264cbec","ti",
4045,"5f4305f8294315f898e4e30192ec4d86","ti",
4046,"1e0370cb2a424e2c65275aef63a5085f",,
4047,"0bf9f3f0dc77adfb15b64771f957f52c",,
4048,"c3866b71a563bc7e6f3b471813a67d66",,
4139,"c0865f637825399f91bd15afc583c37f",,
4050,"765cacd0cc40a06df30ac87eb2acab3b",,
4051,"599d19394ad69b3c835b2d26a5b1eaa0",,
4052,"1d424edc6fca7802786e98569e9fb673",,
4053,"d42928063b7c7db9020724c035b5f93a",,
4054,"0f0dccb80409226acad6ddfcca3cb543","ti",
4055,"a069402482505e640298e4caf8585c20",,
4056,"59fe5bfadfb9a99f052a5ecc6e0bed63",,
4057,"30da8257c29a09c798cce701a428c559",,
4058,"540e8ac6f174fb1e7554d4db0657d5fe",,
4059,"3b674ddfe67a1127c5e795e3f6f7e6e5",,
4060,"2d107b82a0a0756315b21226c4aee409",,
4061,"3d8e493b7a358826b21458da315451d2",,
4062,"22dd8cb24e937fa2da402991ef5f03d6","ti",
4063,"cb68e7439716f0adbef598b592fe288d","ti",
4064,"687638c0b207ff4972e168cc9d5859c2","ti",
4065,"9b0abd17e95d18a27601e9c826e82e53","ti",
4066,"33e9e89deaf23e413d0ca658d372b64c","ti",
4067,"e2e6ed1a7457a2563552888a433be587","ti",
4068,"d7ff3a7688869b2721c0459c75e7e16e","ti",
4069,"2680b6c293a08932e27f6a87f91957b7","ti",
4070,"9ca63bfbf53dc72247ac6a93c91ac1c5","ti",
4071,"615e191799059c6c9bf385a1be664b21","ti",
4072,"6dde5c685b850473d3b230cd3640831f","ti",
4073,"a25cd3f1a1ac8bbac7db45fbc2024484","ti",
4140,"973aa8ee84131d91a0475d8ce7fc680c",,
4074,"03972164053c7d307f13e279c205ca9e","ti",
4075,"48e1c81489dc9bcc98a5564d9cad2404","ti",
4076,"32379cdfb7df9ddd990b2b371d166157","ti",
4077,"be69b90b7e377a45ac9b1daf2f25c173","ti",
4078,"8d3e033b753297be617acecdbf4e0b21","ti",
4079,"e0e45bf7cd448b7046a3c2a55c925f63","ti",
4080,"855163a74abf3de717120d4f6201bda0","ti",
4081,"91bea65aeff5b3eb9a3917785fe50f3f","ti",
4082,"801321a2fd28e2af024f5ca7f88db8ca","ti",
4083,"b451a85e3a9bb39103d69f7434539250","ti",
4084,"98bdb48deedb72fd5502888040d9389a",,
4085,"678ac273ad2ad76b8f4940f9a89b17ea",,
4086,"e221dec6c9f313cd928329c9be85de51","ti",
4087,"fb6c49210deac10faa43b67e9f4baa4b","ti",
4088,"89bfea3e46e0045b088d7374d34711d2","ti",
4089,"5bd9cf9db9f2b4c1fa9e9bdc3124d8e2","ti",
4090,"3858a9ad19b8bed377bce54646ce6b73","ti",
4091,"6d3aacce4fbd8cfd979e0101b7fd4e46",,
4092,"66149a72d99569e280351578ff7a04e0","ti",
4093,"19892d843d604ac4c8a8061cabc9e9d0","ti",
4094,"fdffa579c82f81ec1ad025b680a1a86e","ti",
4095,"52353cede734c5e10185010fa9021286",,
4096,"0399b8dc76e6f6ad87f7b8561ad31e08",,
4097,"fce4c9fd8108436e3a7160f2419bbb30",,
4141,"b6389e314dc787e8b033239c51ab80b8",,
4098,"fd8527845aa238cc35963d4a09855488",,
4099,"f0138c488e20da01fd04263b3c316f7e",,
4100,"82b57c2adcf33212addfc84f6d81a50d",,
4101,"8709d383fe110c4c06c6b9a4fcb954b8",,
4102,"0c8d63ac55a7a150419281862b1017b4",,
4103,"254ea6ea3131d9814984d713189894b8",,
4104,"bb7b25429c27934dcf961665f8cb527b",,
4105,"a778385ad1b056e7f86df79cb35af53c","ti",
4106,"6fdcb5b40eda53674b50037d1f49cadd","ti",
4107,"067a13bda086f8043f766cbd0401716b","ti",
4108,"b65f24ddf92efba70d174ee5953801c9","ti",
4109,"ba4f23eb54c6212676c7b5b45e9848c9","ti",
4110,"c068aee9708f68cc72da810ac72af308","ti",
4111,"ac8cc600bc196b5120864d47099465a7","ti",
4112,"0c6aea98d70be8531050fc633432f1ef","ti",
4113,"8b097d9fd0e722b11c300bb11bf74c4b","ti",
4114,"9d2c496a8b87b6c1a5f9d7fb9ef6b49c","ti",
4115,"0288403d5ea17a52a6c4eaef5dd021d5","ti",
4116,"60f13caf8c6bb7f6cc33a884ea76d821","ti",
4117,"a5b231f09bfb2303e42de57d8710eae1","ti",
4118,"2be7722f4825250c9c6247629cb6ec79","ti",
4119,"7f7d9d0ffd6a02427c90eb51b6916c8a","ti",
4120,"b015cedbb23259ebf6eabc6f7e758713",,
4121,"2a3398c416cd5959de581f6e51e4c794","ti",
4122,"19779b8de090adbb0c59c0588990d6a5","ti",
4123,"07cc9c611f291cb3443932b7654b78b3","ti",
4124,"71c53eb0950ccf43cf2dbfef2ef09c0c",,
4125,"d5cfe6d22ccbddb7730adfc2ae7c2d05",,
4126,"07c720a3e3b6abe13257d3f5f87b7d4b",,
4127,"0c65ac5e13be960845257587009183a7",,
4128,"46d4bb91d6e2ae82b0c1e57427c0aaab",,
4129,"6e82661e552df624a6ab8e99c596b2ee",,
4130,"e8394d35f64288cd833b85c0e6625311",,
4131,"9e97ba63166d640abf7697b5c36f4687",,
4132,"1d64e6f49322271e7600c65a75182a8f",,
4133,"085f79e5f69546e57d89904f4479177b","ti",
4134,"c4446a78140a5888c827b435f07511bb",,
4135,"07c1201e748de8885d67ae4d9f5353b8",,
4136,"231cf470d30a8623760ecd843c1855fa",,
4137,"53478bc66ccdd489a103e6d1b397c7c3",,
4138,"8e0218cfbf987032c10f063c321d01c1",,
4142,"b2b4694a4a6c8f20b2ba8107a9c600f4",,
4145,"e2e47ccf7118d402fe8d8f6dc9002a14",,
4146,"3f446da87937796e4b717c5c6dfeed67",,
4147,"f29fdd88a74d761df3e0ea22596f6576",,
4150,"5213202b69e4be5ea679388a463061c6",,
4151,"e97f8cd9df484c8c639d27558a2adcd3",,
4152,"53da3dd7930dd127488525fc250fa6b8",,
4154,"b714b8f715292f2d85548e9cc22842d8",,
4158,"6f135c3a6efb25dd6c1203fd770b84a9",,
4159,"36fd5b4bcb5bce35ae0939af2039d62b",,
4164,"3384bbbbd52d0cef11e4b61ccc6b4e1f",,
4166,"842a4a5bd94b9a1d27d4f53e09d61610",,
4168,"5991381c94786d4ae7c58acf20354f07",,
4170,"83afb0856067b6d6d7fc2fae3a106d28",,
4172,"db82459cafd9a2eff2f46dba54f40f23",,
4177,"c045d84d0c9d47d69cc9cf135ea28bf1",,
4178,"5f511b76349703555c0e4f2eecb54c3f",,
4179,"77879592c266b86ac8060aa931ce22be",,
4180,"69261b81e5b3aaf70137da2fe5f9c39a",,
4181,"b0736e3590b05d27284fbb8a3efd50e1",,
4182,"b757284d337d55408424f34b2a5df512",,
4183,"9ae7bcfc920c80624f65c92b9ec414db",,
4184,"25500313e97861e601b804d456b8b76c",,
4185,"b7d4ef45f708d66d1091ef1245d851d4",,
4186,"383582c4c2eb5bdf1abc72f566bab57d",,
4187,"afc925bb7ab4de3cf593b6b1aee8b550",,
4188,"799979226e699f536bd6a38cf629d8f4",,
4189,"ffbfe7c554d0ecc125418997ef3e7722",,
4190,"3f1e0a21d47038f0d7c55c446a68bee6",,
4191,"1dc63dc799f6c370b700b55ab0e2a676",,
4192,"14bcbc1601f6b1bc35808ec4d4ee3fda",,
4193,"3093741567c79598e5ac8fd826ff3c56",,
4194,"b2b9622dfd7f99dee21ce76fffc10ba4",,
4195,"ed8be26d1b01ea6985f71504abbb7861",,
4196,"7f99445387e2e4d06bd85676aae7b9c7",,
4197,"29517b0105de46484923e3336f4434bc",,
4198,"843f92b26d2086c5e53552476b3faa18",,
4199,"e12345a8fc0174474bda7a4b7f4802e8",,
4200,"d2c1c761da60b9127517936267bf5289",,
4201,"429fc0ccb30ea14dc8ba8ccc7bfd34a9",,
4202,"ce9b28f3d839d282fa807bd64663de98",,
4203,"aae88748d66ac9cc99dd8832c928ab60",,
4204,"502fa7c1ce13c4fe802c63d1c8f31eb5",,
4205,"8c09bcc83a2d1b9c08708814bc5f8787",,
4206,"3782201e3b07e90d4e0574fd8b4b3271",,
4207,"2a1af2054296c71aa5b9c9198df15909",,
4208,"43ebd269fb1645b6dfa82a32ee859832",,
4209,"2437995a76948700404d7c01b75885a3",,
4210,"280b7d913864851dec46920d7eabb023",,
4211,"74e13e5f899ecd44f69f70e9c873ef2d",,
4212,"338dd9ccaa37bba69d6ea570de618f0c",,
4213,"1ef0c86e7f091fe2bda145c97b7de9db",,
4214,"6f53ed622e9e805248f2938707b04913",,
4215,"f4057bf246e0871293abb5671e25eca1",,
4216,"8be22edf42b9aa3b312a2ffa3e4c1dfc",,
4217,"ea972cd8ccbd3aa0bd78d6d9a4b65eb4",,
4218,"947d907d509cc42c0d813accb34d56a6",,
4219,"9bfbb38e8665b07b32b032b9e3ead2d3",,
4220,"3a9644328201eb4d3c63b6c4c2ac56c1",,
4221,"8f197dade5aa0bab9e4341519f368318",,
4222,"b846ac52315cd5581baa1cb105012861",,
4223,"ad64c7cf95db1db73d055bf27995a0c6",,
4224,"5b0c1a950927f08122eb00137ab98947",,
4225,"4708f7efa9ef988e9011c4748eb0e7d6",,
4226,"ba7d4d9e0ae607bfa4a575ed46bf2b78",,
4227,"dc10697f83b17566fefb1ffe6b34781d","nordic",
4228,"08825ae6a38d1fcc0ea3568384f6de68",,
4229,"78df1d02600a40831ab66ad39a80ee5b",,
4230,"91cdc6746cb9af05a9177c50de64abc1",,
4231,"9d2669c5e29b83be97f7c6aa08a5b4f9",,
4232,"c08cd4f066e6e89c866ff314f421a0cb",,
4233,"6e3aab3b5b85647cdc047f77ed534362",,
4234,"ed1fd62b6566a0fed44d46ba1b825a5b",,
4235,"020e4323347a66d7574b52934667b757",,
4236,"627176aa63b8dd8c4ae57376190cf36a",,
4237,"c5a1c777515facb17c2ed1c59999ec4c",,
4238,"a89d35c3af4cd97e72b9cb520a452710",,
4239,"c82805a2c351396a522845e6490e24e0",,
4240,"6d9636616175d4f15d8486c7973c7004",,
4241,"f8ae658072640860568386f450984757",,
4242,"79e7bd6dc68bb32292adbba4b8d813aa",,
4243,"3e54e511c39b27f8c1f16e4467c1280d",,
4244,"78ff6233113a07f8237e8d226f43f879",,
4245,"e0654a6b4552b5e1fea9e08bb753d598",,
4246,"e25bc127d3825f02e70a0a228a975a43",,
4247,"fe5e5a2cb4f7366a23c5919d81ba9b63",,
4248,"3222600d9d333eca21913b1eda94194c",,
4249,"12b2811fa26a15d8c5639b1f0e06d294",,
4250,"b348ae5a420b04eeafede1c8797d2606",,
4251,"880f036ce99b7b7c8d9a0b3909a394bc",,
4252,"198a9711f2020d8784a11ec1836c305e",,
4253,"694f447164746410c08729d3070cf171",,
4254,"36ff4bd4e6b4b076474d2ff23b356510",,
4255,"96e8f331fb9bfa451bc226280daf1f00",,
4256,"18aeefe74a9da9a7e8786183108ed0a1",,
4257,"2c576e04ea3d3a9b89f6d973d15c2b04",,
4258,"50121b5bac14d03980a8a347f5be194d",,
4259,"151a0a8a508181f2bb75eedc5e7debbd",,
4260,"67786c9d9631118d90dba15daf827866",,
4261,"e41d647f2092145bbc3fd8e773f45aa1",,
4262,"d4c3e58359c63777723c2f4d8d6a10a9",,
4263,"be8df5af1c10610260f13b5227e8b987",,
4264,"50ff28c922b392fba96507a832e1611d",,
4265,"d044a7c05871140c0689245bd568f676",,
4266,"ba4f5422bbddd7fa077866a7017edc62",,
4267,"dd2e9ae60e0366ad1f4e1fa797f79136",,
4268,"93ccf99c9a64a6037514a1cdd1e52f66",,
4269,"a8231041aa7c9b83122dae835a453bcc",,
4270,"e5536feaab874b369ebcf9705bca331f",,
4271,"8fdb45eafea9f5523e10abb748c8b50f",,
4272,"37357301676be032f048b5a602ab03c6",,
4273,"8914b8e8e393d448ff321e686708d904",,
4274,"02c901d5fd346b0531da667a7fbe1979",,
4275,"4132a323dd8966c43371de622db8aacc",,
4276,"2f6ebde0916f188c8a3d1eb704aab1a3",,
4277,"e39078fa330e1f6ed37a2b9ebc5397b1",,
4278,"7c18eedbf245ae9ce330722ae77f6f32",,
4279,"0f2eacc3e696d68a937f7497983d589f",,
4280,"921066fb5705c93835465b324207c968",,
4281,"6a1f860df54aa4d462339322ba363092",,
4282,"1425602f42c257b09776c4c1a6f633ad",,
4283,"4477c28fffa3344764d67788095dcc1c",,
4284,"d8c0004dba65d877af5658a0af02ddde",,
4285,"aa58af6fc5c7357ea65979fbd0cbbfac",,
4286,"01ec8d73679dede449dbd560bcb87921",,
4287,"400dc505671592150091248e6a15a5ee",,
4288,"fdb21402ba14ae083be337b350ba052a",,
4289,"ce9aad9e66c8ed2337819674265d03a9",,
4290,"d75348e9c9dff06319295b3ebd89d851",,
4291,"7519a598b881165aebe7cb64cd03d104",,
4292,"d931c5283fe5c05da2fdd6c916589ebf",,
4293,"f3d0b59ab04199f5e481dfdcbb5d6a8c",,
4294,"9a5a0d543078b0459d286b2456b2421f",,
4295,"12f4d15dfbdfae65d94e0ca992bb7244",,
4296,"da69d3a877ba4307ec1d3c4494af27bb",,
4297,"1dbdcd375d548d4085105a978d353ad6",,
4298,"d6737ff1ba5d45e9bffccd5ca9b6fa96",,
4299,"ee45c34d36de32c5a23dcfce9dd5820e",,
4300,"120aa031379eadacedd5b4a70a65afbd",,
4301,"9386456c90a45eaa0a4bcd3e4cc6b137",,
4302,"1063f4c49c3b146d22c337078484a393",,
4303,"8a27a82ddc1294c72f01925540cfbb18",,
4304,"a7edec2da69455b9f7bdeef9d90ef36c",,
4305,"842c28c5b56e43ab3f43eec5e81d4577",,
4306,"bd098efd4122772e0dea13874d99f56a",,
4307,"a32ebf2273e119ac5dc58861b2fe2a52",,
4308,"3ad68e2f054ab7c8ad4ddb39c7cbeb99",,
4309,"83412d61dc6ef022ebcc7663027d94f0","nordic",
4310,"a7d672bd8f1614ebace4a7ed1e36d330",,
4311,"1d2dd8b65ced8818d16d7ebde0217ba1",,
4312,"aeea12cec4a82adba8531720965c27ea",,
4313,"d2c0a5a6fab694c33283eaeeb97fa396",,
4314,"b7ebff21ecafdb20c40e9b62beca4cc5",,
4315,"940f23b87f7a9a90f74aa84363e508c0",,
4316,"ddad08debf20101b6e07b1b38de8fa8e",,
4317,"496f9a872672364324724416531ec01a",,
4318,"9e90598a036429a4139490495efc5c8d",,
4319,"f2e0564445589158a12a5e54b36a0e3e",,
4320,"5973139a5bf202043364efeac404cbc6",,
4321,"9b4c3b08af82c54b1d0928b17e8d6a9d",,
4322,"17ae85b934aa10875428b11bf4544ef9",,
4323,"ca675b68cee3d5bdca31bae9f4866958",,
4324,"bc6be3e51a4710d347c39f51d5dadaa8",,
4325,"792e7ddce6296bc977a7c9ed4672c5a8",,
4326,"f66233cfdc626adfbb20bb19804794d2",,
4327,"8f12a7deed9fa50a8a91751c29af0789",,
4328,"8db6a74e623a0970cb5a73af88ef0db4",,
4329,"a2e07f2ba6165603cbf481e619b4e5f8",,
4330,"7f9d1019f817751e8a660b46fabc5aac",,
4331,"2e7d43e7d97da48fb47191cd84c11923",,
4332,"5e1aa0702e000a95418442e5febc6db4",,
4333,"0f9c746721029c8f38b7afeaab53ad1e",,
4334,"cc4193a902b65d3a76ecc9452bb0e837",,
4335,"9795b28e6fe0bf53d96b0d5e64be3b44",,
4336,"f203f9e9fdf5980cdf89c2cfb2f8f648",,
4337,"c18eb08cfcd7b67dd04da90a2e252e91",,
4338,"24c0f737db80a07d784a226036aac9da",,
4339,"2f30fa3786b82385a3903d4dc0985859",,
4340,"05c16fddb87295d23c0bd3091150f955",,
4341,"36bab48691941fe582f06f478a946b6d",,
4342,"012924d9603533af87c8780ee9c2f1b8",,
4343,"313c1028063f99e8aadf5f981dc4b36b",,
4344,"ac8914ca90eba329372161e4fa6ba82e",,
4345,"3d88394cecc85c3a4ff7f28d75ac23fe",,
4346,"2ffb2834e6280a4a3c005e9ab4380757",,
4347,"50f741de4c239ce18cb043fe0d88c92f",,
4348,"51a3f5e7f34970a7eacee2d7fc609e53",,
4349,"08cd0d3c3ccf5cf55de276a22e0d9210",,
4350,"405562f616e1eb44bfc9c8df5c84f5a1",,
4351,"8e09e3c9d08ad8b64173437e622cad55",,
4352,"7f760ca7fc3e30523a1250ddb664f751","nordic",
4353,"4e762e873bac5b74e56fc0d5088d4fc4",,
4354,"689ad4dea6bbfcce82cd930c8711f967",,
4355,"426b0ad698146d80f3c0514f4bee421b",,
4356,"d64b9fed0df39ca70f2a8ff948107ac6",,
4357,"4d94dc2399dd5a06b9d5b3b65168c50a",,
4358,"a23bad94baca69c4a12f12f03279206e",,
4359,"47aac1b49348a0e8f65697f9a99de495",,
4360,"70b84b37225e6b9e58510e423fb9a532",,
4361,"708befd7c282babedc0a64387c49f780",,
4362,"8665c73c42b1bb061dc6d8ab285e663f",,
4363,"a96b73bc18c50f53d92bd06e240c91fc",,
4364,"637e7e6ac1e8567e85aa2b0c7020807e",,
4365,"951ad255d9210d2104683c406ea76440",,
4366,"af4f6676f14146d63930889ecbe4f98c",,
4367,"57814ff2b64e306ee2968e124972e001",,
4368,"bbae15b8545fb41c12dcc886b758ad8a",,
4369,"64c56478837df05965e1cf5bbc896ee2",,
4370,"b5d0f5176100aa9606bbdf98bf6ccaf8",,
4371,"9783a34f1624f3e0ba223393a5b08a55",,
4372,"5d507c95bfffc7d5b18ce4b9cea3fc3c",,
4373,"ee5833739c0c521bdacb661bc4d77d28",,
4374,"e824bfdb2072038c055a19394d1ca8dc",,
4375,"feb8ee3250640bfa1f0f8c34feea11a5",,
4376,"8934ae28f77cfe11fb8ea1a54f5bdfe4",,
4377,"b23dd9622c65076befd156b4fa8ca4ca",,
4378,"2de44b50692c523b6d57b95bcac7b7a8",,
4379,"1c3fb9647556a0eb8fbdc302d80efa2d",,
4380,"0b02f5799f66bdffee72147d32c95f2c",,
4381,"a38cbb89b4024b2f6609880c1fa06f88",,
4382,"537b116f25de5dd69fa11fa119c27f78",,
4383,"ec37ad7824a735d8473a98c40861cd80",,
4384,"f61469c7d87cd000d69b329e3539edf5",,
4385,"07ca411987e10e1be7092141e76de591",,
4386,"11f5f4539ebe79213639d62a45db6c1d",,
4387,"964de1ad47473316d8f0f3fde8780750",,
4388,"7d84d2c3ff7e4ae8663731af760470b9",,
4389,"80e79120ff7108e813e5d02f7ce515ae",,
4390,"52e80b558c7b161c761d4badaa203c08",,
4391,"bf5c4c1dae65f7989869d9aa801617ad",,
4392,"646affe2ffc4c42d11ff5ef3d037cbc4",,
4393,"2443ed77790c7ba390db43903b8eebd5",,
4394,"01036666f26ae242f94c1e290b7588d8",,
4395,"9ac4d1bca0e1e97e07622a1c9ba7a9d8",,
4396,"25b87533cf66e8ed73b58eaeb052aa62",,
4397,"abedc5a415934fc2dff42ffcd33ce270",,
4398,"fa468d6969e9e75795bf92951ac6f6f0",,
4399,"f14122355df7171aa5a8401c8cf3f472",,
4400,"be32298d3f7def3b23d26967dd302fe6",,
4401,"4785db05075d7d79c670ff44f2a2e7a7",,
4402,"fd02b493a74b42370325823c27b6c331",,
4403,"0fba9b31dc8851e9d7a2a13ed55282df",,
4404,"7f6e03451df36679d8353c70914864b4",,
4405,"7a6829e8677291aa943e4393236585b8",,
4406,"f85e95e12fc96f09be1de03244a5fe9b",,
4407,"d8ff7637a96e2a369a6d5f936488df1b",,
4408,"a3081133be0759298d0136049605b3ee",,
4409,"0ecf39cafe11b83914c6f755f0feb1e7",,
4410,"df09d6e64b5630cb63e1ba871173ac42",,
4411,"aa9609cbc823d5004c705d134a4e6baa",,
4412,"d4d3fbaa175ff0847967ad57ebcc6efe",,
4413,"a6a0fe7e7c7ded4539f8681c946a095b",,
4414,"befd1eb9f60ce68b52b1f32ce0b0f7ac",,
4415,"918432ce8c8699b526f0fcd1f3705bd0",,
4416,"aae143b561341866be26aa02fb20310b",,
4417,"473cb99529bae92c8e4d363d9d828f0d",,
4418,"cb37c63d9ca28f53fea1ff09ad7c7a82",,
4419,"191b3a739ce1894b2f03bb8c4970e3ba",,
4420,"b9631142f0fe47c8b39ecc89aa5d5f10",,
4421,"08bf6e04a4d83464be3d92e657ca3b49",,
4422,"53d4bfbc8599c5d02637c6437f240a38",,
4423,"da82a907c1fc52e3a0436f418587eba2",,
4424,"450ada1caaffbb1c6fbe44bccfdff42a",,
4425,"9237bc5c3079d56f0aa89a269e1acd9a",,
4426,"0a28c511bf751ae99f506c86a7de0b80",,
4427,"f8aa2e27da27bfe026bc6dd627cbf916",,
4428,"f22113a7ee846c5457441b1590c93965",,
4429,"1c8833b972f7acc57355060231fd756a",,
4430,"b4253668a05811bf6f077d1767ff04f3",,
4431,"dd8aec21f48be225c7ca2134b88ab56a",,
4432,"e7184db55a7686604ebe866c9aa44571",,
4433,"a2d5b31c6804f003f39c78b902f58f48",,
4434,"f9a086137e826f30a3cbcd47251d218d",,
4435,"53db659552740eb804f06ba2a43be3cb",,
4436,"0397b23debee2e08f3f2a66171d73483",,
4437,"1310033c8839019795154f5c422b5ac6",,
4438,"7c5137d801f9a28b130afe9c5f6b1611",,
4439,"edb20f2b0e51107f7a792b191e8adf85",,
4440,"c2fec346748d40a7826c25114d369d77",,
4441,"645ebab3afc50e4de86d5cba1e6684fc",,
4442,"7c4c31940c17a4bcb2f7b4ce096a262b",,
4443,"db878afb88dea701166ea11e5c923ed9",,
4444,"f359fed67d2aaa33a3eea54dd5c26502",,
4445,"ae887f44dc3509dc37b818c79fea22c5",,
4446,"61d88a925f27a5fe63db6d94c42ec829",,
4447,"fbb6b5e9d861a38ec2595d5fa0d2c31e",,
4448,"51dd115b01e5394de5bce88495e61215",,
4449,"b09ef94029256e6b3b721483f4cc7e47",,
4450,"19fec7444622f2f6eef2394c89fa918d",,
4451,"a6d8d86ee2eb0fefcac8a3ba73ac244e",,
4452,"f930f5666b93a1d700afe813a7e58015",,
4453,"2aab89dceca704d0c3449a861b029789",,
4454,"7cb6a1150c8c95862639404b5c504054",,
4455,"9e865595393410660d66d2cce64239b1",,
4456,"d766c20adcd593a8fc60b26edc5a7d21",,
4457,"3ef4c9387a0cda54d612d67a50e793fb",,
4458,"1cfc0c909e6482f0abe1dd8b3c0c7172",,
4459,"3235c477486a46d75bba166b5b39c001",,
4460,"ee74972f185fe27a3f6c6d7cc1404df2",,
4461,"f854555e4f5addbf93aa5cab28552ebc",,
4462,"884ad6d0b23bef820c93597b40d14656",,
4463,"015a33586b6960a1a212dfcc339da4fb",,
4464,"c12039e35fcc7f86b37fb8e81d063ef1",,
4465,"a55087bf9759b8e4e912e7443c68646b",,
4466,"59f14a620ee8797ffe37183dba664c83",,
4467,"9afe5ced4f9047c66c70756d840d83db",,
4468,"9e9f155d95f21f9a04eb99bc2664d2d5",,
4469,"2bf993d5844146f2df201060739916f0",,
4470,"1d4f44e90101e661f2429e55c1030bf4",,
4471,"60564fa2deabd9baebe9d4cd28b30a43",,
4472,"9ef7b2bc172e43afcd0e256f02ee0189",,
4473,"6b4b9ac5b97740765dd0b66a07958341",,
4474,"18962a75921e12a9eba50679d2018dde",,
4475,"20f7f1fb37b08c26e5865bb52ce63b08",,
4476,"c9bd2642359eef41fe971d948d8b9ba1",,
4477,"5f1cef2dc3b833757cba1b1363091a61",,
4478,"0522f6d75f008c6c80bbf015d477d7f6",,
4479,"99cbb698a87254e085a3bca3c964c81f",,
4480,"b955d8240e032e142e1a7b89f4fe612a",,
4481,"c3412d52ddd5905a88856f9c2097b559",,
4482,"84db6b3ab69686d02fb0451984d39c12",,
4483,"aa198ed1c9580f162dbc1cc1971e08fc",,
4484,"4592206c980c02100ee3414a9e36fd62",,
4485,"42aaadda9866b596d89fbbaca0fe9c00",,
4486,"cb8578fb50cf9e3e6a9361b966dcf67e",,
4487,"fb7989727bf4a35ce426443dc37a66af",,
4488,"2303321022f9e19dcbe252e80d812be2",,
4489,"7c0acc01a97f8fe2da8b3c46f42c0062",,
4490,"12c35a92429131323f9ed2764fc457df",,
4491,"1a53e3550108cf74f4234293a868bc9d",,
4492,"9a7c5a83865a8103b05b843f75174219",,
4493,"b9a6117b9dc7b8697f0ba1d8f94d1e5e",,
4494,"bb7d5f0d7b669f9a082934cb3fb48efc",,
4495,"2cd41f4a12a7c86afb73b3434fc74a54",,
4496,"36c5bb9179be445893d836e011a020b2",,
4497,"f343700d235c520abc3f19b135717ae7",,
4498,"8b67c902a60c7a83216ab8e66d7e810e",,
4499,"ce8422a64c51a4257e4238dfa8a59939",,
4500,"d71dca1d0d614de0707583ca7fe54d7f",,
4501,"e8cfb3fb98e795466d2014eba4515749",,
4502,"27b68e1946ef9a021a6eb8b42de8e437",,
4503,"2ee94c9d9402d4a87f3b837d928db779",,
4504,"e2a005d31d6d87d13ef94488e477a3bf",,
4505,"3757454da1c15d7a30974b7cf9474024",,
4506,"e12c5b7c5519b75109706ed5482fb4b6",,
4507,"5bf0426c4d31b3d276e2089b49cbbf12",,
4508,"8de4b108be53ea436fb3b4b507c27761",,
4509,"3eea32fb1938e88405c8c32792a02d36",,
4510,"ad9751e3c5977fc234795754efb930eb",,
4511,"f7023d8af7e69b845b1125e2513f1fdd",,
4512,"d5311ce9629f64aa052aa24963ace51e",,
4513,"092132721325bc6f2a177b157ec18116",,
4514,"157acd738459d9eae7b677e8e044677b",,
4515,"a1e8d5e142093f869c97e81139d32534",,
4516,"04cb1c9a0ecfa4ba1b8530d256a4206f",,
4517,"78d9dfebff9f16498df5cf4803f64920",,
4518,"959d8f791508f72e98e485d1a22418ab",,
4519,"660e3b5878c5a1dcb0f6d575c4698869",,
4520,"56ad93ad7a9dfb11e85d3dc375c572e0",,
4521,"aa7a997d5282e41b99bbb1389bc02070",,
4522,"51e184177ee637b6723ed3bad9c21a65",,
4523,"ed7e40c183a3c43fdb6586c6b4e6f1ed",,
4524,"3f42562704debca79fdb274efd6615e3",,
4525,"9922debf0ee249efb486de731869ad90",,
4526,"cbcbfb05a0e63ad511e72c8928e3fab7",,
4527,"6291864518575b652e3e127d793171af",,
4528,"30f2adbdbd61b844e08666673225ff61",,
4529,"36a4a3d459ab7cd0fa65167054c0bfef",,
4530,"897fbfd8291eb5ff52e3a08fa50405cd",,
4531,"4560b6174f0bdf8cbe9d0c97793e9b20",,
4532,"3a2b40e29c969c7bf1a5aeb47aaac63b",,
4533,"2f4cd546ad0bd4e719a0ec03bd2e6f39",,
4534,"8ebe6279201fa669c017a51f8d897249",,
4535,"1bea2d62240543658f864ab20f3e177a",,
4536,"75c6604a3c39c846b8606309744fd53d",,
4537,"e9559a68e0f5e621bd22508440cb5c48",,
4538,"5b72c73acf0cbd0cbb639302f65bc7dc",,
4539,"9d6d0a7b5e1df4618795da96c3920045",,
4540,"3febefa5396a646fee8f1bd4f453062a",,
4541,"39f2e947b7328b46b042e06a7d6a7be7",,
4542,"4b3d4b07aa963b31bee528188f685211",,
4543,"1b0b153961771342f24100ddb2389021",,
4544,"b0a3ce6b72403aad95e8e931219def41",,
4545,"b3408df164884705f3874c7e57954917",,
4546,"fd61e0921a9513837f3687499b28f05e",,
4547,"dee5971b6848f000e39d83e46198b5cd",,
4548,"a2b9504e3d1cb8686ae7fcca21a11e1a",,
4549,"87da861d578f72f9911c24de7763f2a2",,
4550,"2d5d1dde9416147268d90e5a98762f1c",,
4551,"df9e949b61e95ba6180b5e893d77a929",,
4552,"2f2eb37211b403f485645e9e3b1d99ef",,
4553,"1b350fa315192b53fc99f271f3145b48",,
4554,"5c74842c193b13a0db628e8f6f9933ff",,
4555,"d5a7a5289976613c6c150def1e00ba1d",,
4556,"383f6c9a8e82d402b52b3bfdc2fba7dc",,
4557,"a98e7b65adbd7860dfe4418e557cac44",,
4558,"064e1a94ddf602ba8042b9b8e2d3424d",,
4559,"4be5e4845acd393d190205b0beb5f1b6",,
4560,"64aa13ee5d891d43d00576d138042815",,
4561,"994cab186b47d101835146eb128e5925",,
4562,"6d216e60c66801ce7b6fed41be1ca52c",,
4563,"0293a1eba2b25aee289cb4c64f2aefbb",,
4564,"7fe5a23cf2dd60259d800d9d3b039ce9",,
4565,"94fcdfc6d005183aaeca3fdfaa07bf47",,
4566,"c293004a13af6e2ae3da2183175795a5",,
4567,"baec9d42b9120e2bb429887a92d044f0",,
4568,"072f2049b79b53be582d866cdf637e60",,
4569,"aa7d72f648420dc1caf3d4a35b77acee",,
4570,"b3c13a0bc65b01904e86ee58758c993e",,
4571,"8bd1e5fcb5eb9e6ad966c9fcd506f7e1",,
4572,"152034d44aecf3e7d1923d494b1afe86",,
4573,"1829d5c95beec406555f4d54b69c0ba9",,
4574,"8ee99a9fdcdcd3f1573f8efff6929294",,
4575,"ba7756040af0bb10234cf9153fdab356",,
4576,"eba504f3c0a2f7373c52bce391dda41d",,
4577,"dd7dd123878bf8e71d3732b67ffd8a96",,
4578,"eb5d27070c1b237f7cb336e4b34cb0db",,
4579,"13104126cd574db71da6e9d5d2deb476",,
4580,"b4ae74fd5fe49ad0f47e3da5a0146e83",,
4581,"2d8d5aa83886abefefb9905366cb8e6e",,
4582,"490e33fd52e7318ed0332464f2f385be",,
4583,"1d56a081e99b4aa488baba0ccaad186c",,
4584,"f56ac04ada9c152de9de6797c507465c",,
4585,"535e263ad09b3c7273aed187267e2c7a",,
4586,"5f1ae79964576af14dca4d3974916c6e",,
4587,"07b3235bec2974a955d621ee721566e1",,
4588,"ca20370b69271ad88b374f4531037c5d",,
4589,"0710fe0252654a2c0ef9c64d1fc41f85",,
4590,"fd657ae18c924d78581ea913d3b5f93d",,
4591,"9ae56d0e758d08705bf71e69bfc5e843",,
4592,"5bd1b79eaa6a850c8133613c1e62090d",,
4593,"d19fe743a9fe2f41b77d666242db47bb",,
4594,"ec09a6cd9d455beee5a5c05940add874",,
4595,"b8bbe55c6c19c12549bbc817bbf2b0b3",,
4596,"3c68cbdd08f83a538ab3f3ced2bf0cd8",,
4597,"7027a318b7ab5af69aaf3ceb3f95ce05",,
4598,"5698ecf836717fe1c6113faa48fd694a",,
4599,"6eca67bc581289b44ef4cade34b125e3",,
4600,"e7fa627c0e969bd53552a93aba80f28e",,
4601,"8b822a4e00542797928a7aef6122d54c",,
4602,"7511af9faff4d08c7098332c12048c09",,
4603,"30a3b490b86700e2b28b1b101ed97811",,
4604,"3e419cc67456cc24510dcb376012fa7a",,
4605,"0efe0662505b476f70d3b013016932f7",,
4606,"99e7d4e79b5d898578d67ef289cac345",,
4607,"c9864639fb92967826857b1e79aea579","ti",
4608,"3706747d6b97f3008c8719846cd7666c",,
4609,"fec20d526b154ee0a2c866527013af51",,
4610,"23e08f2050d1fa6a0a81172b54fd05d3",,
4611,"61b7f6671754d86a98e341748996b821",,
4612,"28fd07fb77b8e2a7ef2853b7d2f8f69e",,
4613,"67fe33e78e450318fc39e117b61d90ce",,
4614,"1deddb98d961916ce31d22359424ef91",,
4615,"a9fc5eab4c773371b590cc6d625f99e3",,
4616,"a639741a5ca0ffa5660de925442af3e2",,
4617,"fa4379bd6efc58544401148e2740e1e0",,
4618,"3921e8e2ca55cb32fed28b5b993748ee",,
4619,"8f861cd2766861831adee96bca627e83",,
4620,"b344f79da43e8401edaaa21be7cdb529",,
4621,"42298037f8b7c9bb82647037f3472aaa",,
4622,"4278f14455c70802bc7a6fbbd6ca8171",,
4623,"9dd69d6eae51a20a90515c8a7cbe223d",,
4624,"1f876e14d6abab3e0c2f335d5e51beb9",,
4627,"018eb0ed586d8cbf9607697250fcd2c1",,
4630,"c3034c711a0fb9c958fd10a8186ad748",,
4633,"e338be244cc84c070ad8ed6003eb277b",,
4636,"0484c84e2367f48420688ccfdcda2e48",,
4639,"c6c45a3a6e5e99ad1aa50648f8b51edc",,
4642,"3832c704462162ac0c48844741a1442f",,
4645,"e24bf12dd514a58f0106f0d3c6825cf9",,
4648,"65a10e099ea473837df434d07ba21270",,
4651,"164af980e541ac83abd1c29dc09ce160",,
4654,"ccab4bea9884ad537a933bbc1953202f",,
4657,"946ce4d91d4255953cab339bbe83b9f2",,
4660,"d06bf16272d70541d2399163b4074824",,
4663,"acd5128d2b7f866e55ade2ff15decee4",,
4666,"23a4f0822c9d4fc9d414bd618884fb30",,
4668,"1fd58542bd1e3a87d32f1fa485f7c79e",,
4670,"783d8329d791623c83a25be9a36741fe",,
4672,"824ab2d42518ca9c324b24df97f1132e",,
4674,"0485654a15781254503343ade04f6074",,
4676,"88b6d7e15dd06227ec63649d8a573e84",,
4678,"d7f26d4e456d6a4ccca0e7619152882a",,
4680,"4559196daf9a1a91a56468047f4cb325",,
4682,"3facc219a86ffde3391a2c17eb2cf88f",,
4684,"52b47f05233c229c9976a8fc4edee285",,
4686,"09ea2f77d4a5de67f2d49f7ee80cd749",,
4688,"f56dc6ce701184328045e45b51141f3d",,
4690,"affc5b2132ed8913f6d516935b96d99a",,
4692,"894633e7091b701d4e31ab8018c85bbc",,
4694,"055d72a17b52dd6ebf2a3abecf571711",,
4696,"85f9891aa6c1dbe5eb418dd085b74225",,
4698,"f13da125f2ef05cbdd5f97032fe8fcf4",,
4700,"b17f95721cee9f0e49c09c3b2d2a514a",,
4702,"29538c4500f197a61925ee0d9b5275f8",,
4704,"f99c8098738bd866aa2a570df9aef2a7",,
4717,"5d1f1f3da044bcb1b7aa8b1bf4ad5ec4",,
4718,"66e6bd90f5961ceb266c7ec2cb9b76bf",,
4719,"6662e7c67f115a069c94191697d02dfc",,
4720,"5761268cd35c6c9b5ea0199ed5a80766",,
4721,"057f6423eee79ca2b8ac0096b98cdc80",,
4722,"591ee8a01903e0ef283204583fe4ca01",,
4723,"d451b7d7ee04b6e2fac11e5f1e09624f",,
4724,"7fcc7934fe3093ad86630895ca1ed53d",,
4725,"dd9d06fd928dfbabf035b5a1581cefc3",,
4726,"44e1088ab11944cebdf9a2480aeb6968","stm32",
4727,"0044602d1b8ae43e1e09854ebbe392bf",,
4728,"ba6e696ed6fcdb342bfa8044b7e939e3",,
4729,"5404c052a4bde9116656e12a92e0c841",,
4730,"6fed1d574e6f40fd69d5a30499ac7899",,
4731,"4a3a2e9eaa0793e3d44d01090f9171b7",,
4732,"90a23b61eccd40d1e7f3fa237761a82d",,
4733,"f1523b9b0199f24a0d482183078d552a",,
4734,"bacf0917c0bdcde8b13f27f07ec12820",,
4735,"defd4411d5f23a2683b1987fbb07090d",,
4736,"22557f3e2824c96f131bd9ff0c5d0ecd",,
4737,"d544c0ffe1ebbfaf606ceeb7f120bdc7",,
4738,"8784f6287e2462a829392ef0a2c295de",,
4739,"116345d7e534d981e1e69d725932e5eb",,
4740,"4b90140968dc396bf5a8c81176f9c1d2",,
4741,"4eae7880a4772537882a6e2569bba32a",,
4742,"7da67584db8ffbe1ee0350b1b55c6c6d",,
4743,"fa73ea799a4b9d8b4fa29e16148bdd77",,
4744,"0a8c7250ce7efa645c644a9a9c4e10ac",,
4745,"fc8dd6d922db824b50784ed1b724df33",,
4746,"b90c4dd094a0aa1d6c835b5932e06bd0",,
4747,"bfcb3a9d2ca4c12b3cc945b8d7bd6b35",,
4748,"d8058b38fc159595fa938a9397c9b3b0",,
4749,"e5a86cd527cd3951d8da6a716f0c82ee",,
4750,"02dbfe71059697873c3b89a917be6837",,
4751,"c8026403e778b7b8c24248519df0cdd5",,
4752,"22a0e182421303910fb03c2510ce7d67",,
4753,"91538234132a9033861c2a0e1d9e4852",,
4754,"43613cb48c47d8377278896a31881c9b",,
4755,"a969080628bd6250231ca4a0afadcb76",,
4756,"12255ad7291ecc217b70d43b40472173",,
4757,"90cb2aae7500bcac92b4e9d202c9552f",,
4758,"b4bcca9172c1e319eb87d951efe25c48",,
4759,"eb8a6221d6f88dc4ea3e7f65038beaa5",,
4760,"21eb86cd5ae5a5a798768eea58c07205",,
4761,"eaa27c5a80a6eb9490d6eb9e3951a437",,
4762,"7789975041780fe4c78e1735adf4355f",,
4763,"049e43dc3b8edc979f1d0c27a6a3b4a2",,
4764,"f8775c3ba5d09ceff2acaaf52d287e32",,
4765,"47a73fc6cb2bb27f36c6c278d29d51e4",,
4766,"2feaf4e47eff3e7484a5713afa4c5227",,
4767,"4a32dcc0d9cd85b0c1d9fd7e0f8513f0",,
4768,"388274ea33c1d2d3b4e2c09194290599",,
4769,"0c4103bf6a941c6c99e5600868459cee",,
4770,"4da75061213f0feebfffb08012a5c042",,
4771,"3c6569cc4be7aab8df828fcccf6499bd",,
4772,"9b762c1808fd8da81bbec3e24ddb04a3",,
4773,"fad48f8a2245133aa183fef218a0ee05",,
4774,"51d5442ae9f25a0123ee6bc3db761a15",,
4775,"3c4bc581fde453868586f79cfe8aebcb",,
4776,"23d02481a4af1818511cedf8337c10d2",,
4777,"7dab95589a0637a24d57ce217df64cbc",,
4778,"02b9a27cace271d5bb30c80d39980ec0",,
4779,"46e67df0c24f782fc1c8fcc498e61279",,
4780,"06b856940c197cb72c8618e599693dad",,
4781,"667cb02d8bbaa31fac545530a0f2a4a9",,
4782,"8bf1fec913cc43c77b964526c8c5877c",,
4783,"d1c852abebd1f87e7a02e7e9afb40fc1",,
4784,"bb45373e089babb14d8eaaac52659519",,
4785,"fdbd46c73a701a4a5c20eb506fe7c5a1",,
4786,"14c35432f441dea44b4acca8791ac31d",,
4787,"70d0faed7a44f78a4bf374b4620ebd80",,
4788,"364549967c40885a3c0b8878e72c9fba",,
4789,"f1e44e06cdafb594c832885d721a6e63",,
4790,"28d1665d2632ca432a0ca24b550e94ad",,
4791,"d5e57e95f909295698f0760b148418c5",,
4792,"3244e18e550e58ca3fea1a556833a01b","stm32",
4793,"1adb9769465437e725de782c4e56b253",,
4794,"c2bb23faef9217bbf0304f4e99d05fb3",,
4795,"ab45ac61829b7c1256e305982704c48e",,
4796,"ec1bff56e8417a72a851d8d4fd4090d5",,
4797,"d4d5ea23ec998dc5565e7e64de243ad5",,
4798,"cc4027b3c4767fef00f58da52a47549a",,
4799,"d8bbfd296076555480149bf55bdcd763",,
4800,"e1ca0d987f74545636cdd4cea113227a",,
4801,"b43351355430703eb3b4ec7e12d4ac1d",,
4802,"89b8dc80c69da92074244c6c38ebe9ef",,
4803,"12846c53145158b8a81aecd688ec81eb",,
4804,"bcc78472c38945c6b3793edfb6207c42",,
4805,"399659798f65804ad91b5eac5230e38a",,
4806,"45ed7096a88c5581ac38ada7f4f38d94",,
4807,"a3644f0bba4ae985c3886329633e8c38",,
4808,"145722d3945ebfcb69af2ad26933ac45",,
4809,"3bdedb4466186a79c469f62120f6d7bb",,
4810,"f083ea6508220e527380ca36ea36db67",,
4811,"822adfba2e5ffff938c425f9687b2d7a",,
4812,"289a5d98274c1a18d09906dc88c4ff38",,
4813,"7551004bac7c1301a55e11097a65c4eb",,
4814,"948c166c2cb010f753b6fd958582bae9",,
4815,"25ff9f3f6941b78b7845ed4ffd8411af",,
4816,"a38c5e9a44e8a69c654046b5d9b41393",,
4817,"f87bbd01430bf93217cc11783cf66f88",,
4818,"79165903e7d1055667d21da60db5c253",,
4819,"2e8064761b6127a2acbf6136187134f7",,
4820,"11f30eaf36464da07da395a4dec37b18",,
4821,"695a6103624fbce9a38cdfbd22e05711",,
4822,"a9b01a5240b2d36859d684460b410ddd",,
4823,"ba17d344d493c8249669d199b03cf482",,
4824,"b0e05d5133558a8b38218fde9822bacd",,
4825,"9b715dfd540c43785e448c7cb118d67c",,
4826,"7f09c7df0f28966f5077fa64d48709e0",,
4827,"25bf162b88ce1ad1e148a9a3712d1141",,
4828,"553f6a93ed881b23c5e78ddec27d4258",,
4829,"d6fee8a5ec2bdce7240cc9799d6d8049",,
4830,"9334c37ae709f8faa6120c3ad7a5adb7",,
4831,"c48d7ddd3a9e5f3d5d7045b2e6b970b2",,
4832,"c1f22646646d39e0655a19f8b3b539a5",,
4833,"50adcb722b3d0648cce22e6847493d9e",,
4834,"0cb01687d18112bebbf35eaae835f26a",,
4835,"ece756634d0c669386714f15c44a51ee",,
4836,"b217b70217744f5b049ce12b4cc25f30",,
4837,"46290b51a2db47b58ad2de2dcda5e73f",,
4838,"289be9b71e3dc85d127b46121a8d85b1",,
4839,"c7ac5b3fce6d92f09a921ef675f3d81b",,
4840,"7d8ce88de18d46b4cad8648e8cb67ff9",,
4841,"72df99718273c5d616e14dda722431aa",,
4842,"53c2e3658a37ff94c536275757cc164d",,
4843,"618e70714804f41cce80988bab5c5a3c",,
4844,"0854cad81a8395b82b6b703fd8c0bd7c",,
4845,"cc9de5460be608321d16cea9d0b63a5b",,
4846,"fa4e00b9e26f94b9adc8d45b7e0c5b03",,
4847,"aca356e1d1ffee3d08de0551f26172d1",,
4848,"b72663d8c0f16b873fdf0617b8be41cf",,
4849,"660a9672af7772fdc4884b963259de20",,
4850,"51a5744435d5d1e3bc2dddcc657c2922",,
4851,"8d137afa147bea2b957aa59b2662c379",,
4852,"13d50bda575d1f294ce7d13c7c489999",,
4853,"e28da109e836e1a1252553719e932be2",,
4854,"7469d87beb42c0eb3fcc4e24a5fc6f96",,
4855,"1aea9446f6c34f1c38ef59b2302fe1f8",,
4856,"8ce168566c008c05a90ecf6be1a5514f",,
4857,"242884fc7b2f24ceaefd661de6cfbcf9",,
4858,"158ed2e6d819a7b3a5efccee968ec268",,
4859,"25a8b4e3d539d65efbf7a3f07a1845ad",,
4860,"3811c1147c208026d5b874bb47c90eb1",,
4861,"478c0d8a684064266968908c926e143b",,
4862,"49576da936324f5a2e696caac7adf224",,
4863,"bbffd78a554cff242523248e313ab84f",,
4864,"d0ed67220ccd43065e6de7cc072ee6d8",,
4865,"4671c38172fec0a7aafeea68b63fa8ca",,
4866,"99b5073dd41b5b37f58db5f42e675084",,
4867,"c42eb0c7bc3b346dc49e307cbfaad5b7",,
4868,"260b335563235f5143efd0ef5ed204d7",,
4869,"4fe5b42f01765468fa836c64bba36e31",,
4870,"031c79622e63f570bb90771e6613a1bd",,
4871,"fdf89a70d79e911f6ed7facba89e5c83",,
4872,"108ee1bc3ae2b1f9b7e3a2e4a60841cd",,
4873,"4f852e52c5775fc89ace5b4cc0edbd9c",,
4874,"3b2d428f34b7ce4532346e3cea521884",,
4875,"7ce777b480c8b6b9f546516326ae5330",,
4876,"23273e422f0fcf3fb9fad2c572eff822",,
4877,"167d7fa05c86655445d088ea287af017",,
4878,"beb456f5b5089b531b311a27db76b2a8",,
4879,"ababbf9db1f2e948be4f529757284fad",,
4880,"27250f1add5a47439158c6b8de583378",,
4881,"b6d5eab89529dc4798e2d490a98028fc",,
4882,"275ce2c57a99306d81f03b3f1bc941df",,
4883,"24576d8ab750127c651e59d8a75843ad",,
4884,"76bdcec642a1d9c3cdc27457363705e0",,
4885,"b46258c9e08591716db32d973502ba34",,
4886,"0f2a521047a5e7590e9667e3ee690782",,
4887,"7233401e9687f8c880da547beed4324e",,
4888,"2ee0470c37c4366c60c1e1d86e178db0",,
4889,"136473ca612a8bf36e0152b0c0d10ef6",,
4890,"a62cef91c6f19026cfbe7ba5a5cfe1c4",,
4891,"0541aa08fdc4b1fab07eab25f1afef68",,
4892,"ac6615e1868c1df396ee6c77056e9752",,
4893,"6220e058c03300aa129a86066f500147",,
4894,"0a751f1f3a5fefd96b114aaef9588ffc",,
4895,"13b7fc52c06d1722a917d9703c698359",,
4896,"5c75be3c853359bb8888897e90a054ee",,
4897,"450a2348a18c84422ecece8d2dbda435",,
4898,"cf42c963ddfcf430e2c959545e8b5cf9",,
4899,"7869e4e9cc04ee99846e4018c9ce3bf3",,
4900,"f060305c721b76bdd0f4d9cd553d145e",,
4901,"18e05bf743d152da50397661db3e1d39",,
4902,"b5f2dd0d88a80570834a6ee2e990bb63",,
4903,"b76366107af734dc8218579c193b83ce",,
4904,"3f216d96903ec6df5901017500993188",,
4905,"38fcfdd6731346e63a3e1bc11bdcc823",,
4906,"211bab2f941c61437509aa3f8cca2c4a",,
4907,"030c8e5f7d7e4c990ae61372b5175845",,
4908,"b8fd8fd0196929d9d5db2a3c34c36754",,
5002,"631c579fe1dab5d467204365d0937783",,
4909,"af48a43574b41a54e255cef2807da8fe",,
4910,"6d0331d7c98e2fcd9cd6390acef06f86",,
4911,"91e98330dde7c02a12f03a3e1012f953",,
4912,"e7cbd195586bda6ad864e5b85e3b6fea",,
4913,"cb5347ba640a3f091816d21f19b7cae4",,
4914,"4365aa10b8e9995e9e13d20cd50ddba0",,
4915,"19602cf8950cd7c74438f05a4ccccfca",,
4916,"6565a16a72f7682c3383ddb52be36ecf",,
4917,"219878338df6112667d4e8a3658d7d8d",,
4918,"4757849d05f85edd2b64f47349a22f15","nordic",
4919,"4d77856d2ba6da6a4ef4c19575d350aa",,
4920,"fdb20247bc2477edc0ff2c72454dd699",,
4921,"8097097111062036c1b42ab5a7bb4cfb",,
4922,"b43f2119ab6c4ba57744bd18d2161c0e",,
4923,"334b74cdcaddeeafa03eed7c9b55d03c",,
4924,"c072877323fb78352639d67d53751f21",,
4925,"1c20e76b95d78826cabcf6d770e98012",,
4926,"8ebf4c924cd60d2d6c75aae28ed2364b",,
4927,"046d68a7cbd53b5ae6af6f5e3ea5cbd3",,
4928,"311848f8c8a82eb6bbefdb07125297c2",,
4929,"01cc00b21f8ae6eb8339725ab5015ae4",,
4930,"8176e956e8581e667e7d12e227f97f6e",,
4931,"c8701c98df71b024bfda3d13bcedb2da",,
4932,"9f2a8dfc274cb340038a4030ed4f9922",,
4933,"1d4d74f070f0cfa3311f7c2538365dd8",,
4934,"bf2ebaf1c9c5c2a688581719e42dd3e7",,
4935,"908cd1f77cb9357183dc3efa7c40d34a",,
4936,"6350fa1a75095bca85d1f03a84f526a1",,
4937,"4899cccb49b0503586b554f7cfd2a2e4",,
4938,"a5f9bd2685cc921c5720242bb184de2c",,
4939,"c3a4eef7dba40890fb7332959e259b29",,
4940,"81ef3763f58779130ba6957eb6427212",,
4941,"2f77d148cca2de58f441e41a72f04f1b",,
4942,"da5befbbb9b1543ba865e6f9cfc314fc",,
4943,"8e6fb67e90d18d55c312af14822c0870",,
4944,"218625095462cd72d5a88e9da33e3f3e",,
4945,"3c9cf30c102ac2e65c46659691411140",,
4946,"4a7984542d2994ba6f27b3f7efc9ec5e",,
4947,"ad8f531144caf210c20855d41e3dcc18",,
4948,"0666e636c68a1e05d3c0d35d1a5bf88a",,
4949,"f986649bf4156f22ccfba9832610b2a6",,
4950,"624e8fdd185371f8005f409a8d85d6ff",,
4951,"ea43ee53d14d9688a870f814e242bf70",,
4952,"c573d39bb29557732255e00de010995d",,
4953,"a4b28971d5b929a502692fe3f524e8f6",,
4954,"4050b67c289c101888f989fb4d716d0c",,
4955,"9b10f26a88f3de0eca636b34da25ef49",,
4956,"fcdbf4ab2f268b5073696024bc8cc7ab",,
4957,"d8fe6ddee1ea0de0e8c5d2ea3b68ca91",,
4958,"f062b38223fd0c2523b419f1e5997555",,
4959,"de97cf588e2ef25cb306557d393c3383",,
4960,"0034020e5a32571f486849aa90a389a7",,
4961,"13f3142599fac66d236340cb5cb3d3c3",,
4962,"0a1554613587e9965fb8528b7c331ec9",,
4963,"93b066f6f59435cf32433660517de127",,
4964,"cfe93a29266641bf21e861b78cd84a19",,
4965,"447c7b14fa850893481f2a78f344b557",,
4966,"b7ee3fbfc2f292fd9171bfe3f9021e64",,
4967,"fdc268ec6a716a0314f7ecba2c97de11",,
4968,"ae43c5f37026ea364e030e4a03a036ad",,
4969,"eaa7a61979ae717bce3439d5652012bc",,
4970,"37260f5c04d276a925f360bb15ce50f0",,
4971,"3afe1dc6e552a6b7c7985eb4bdcea172",,
4972,"91d6343bc475df6abeb05a8024c511b3",,
4973,"351e7d756a68919df93be140beaafa86",,
4974,"8d6013c42dc0bbd812ec07818206f962",,
4975,"2a53584cda5475f9ee67c31b649855f5","stm32",
4976,"e24695e2f7faa4c18e1e3a576085f4d4",,
4977,"4a9071421ea36805c8cb51e70d098c39",,
4978,"b360ca62fa477903ae963c35f83131a4",,
4979,"5209b33f1156c5d0b0fb0a5c0a18a682",,
4980,"02aa10ec905554ae2644a20d044fbfb3",,
4981,"e4cff5935b24c69e6d794f2a84d87af7",,
4982,"27ef56b622f2a85be2568de5abcacc5e",,
4983,"44c56bfccf3c2afd55f00a0ff13571ab",,
4984,"16bd4fc7b75ab4058a5f1638899b2eba",,
4985,"2e3e81a087eb1a16277182c9592472dc",,
4986,"8d310ad45f3934547e92d906a8e55cb9",,
4987,"ea7a03e0a1aa558ac7d1fa67531721dd",,
4988,"0dcb513193caf03867d932183ff8797e",,
4989,"5424be90e2beb05dd907644a0c3669b4",,
4990,"dfd460c522d9653d1322de0c52a99d90",,
4991,"ca8a347b9007ede747c3c7d11b56629a",,
4992,"39c69164abf5f6bf19392064a66c0131",,
4993,"00c14412bc13a75a425bd2dba1bd9c3c",,
4994,"700c4c09e15510d2d6fbafc815bcacae",,
4995,"f7ba858cbfa902dc81c127b26c1a9230",,
4996,"c093d1888daa5110cd8d75c04225aa68",,
4997,"5ff864b048356b1de47f2884b3e6141f",,
4998,"eaf386f2ae6d70779e9cb44da7bcad3f",,
4999,"fd23a8ff09e689cf775a29b155795e86",,
5000,"d3c8e1ca6a4881018db9b3f68242e727",,
5001,"7c6f7ff9d0ebe51541267c3cccc56d0e",,
5003,"c82418d078d689ace47a4847fa1246f4",,
5004,"c42a44163fda752fefb6b5b7a77de9d1",,
5005,"6dbc4e48f029095302ece6facdefe3a3",,
5006,"bff1591ff34eb79a67881b1a6397f9d9",,
5007,"ffce0de479fb48100bbcba34d53b764d",,
5008,"c81ce1e4175c48fc30e68b9c2cac6160",,
5009,"f88bac62ac52df179ce1298a0f479dc1",,
5010,"19f33d60311e741c17df6988b81f5b1c",,
5011,"20603b07ce32be52fa5de9644c8ec6b1",,
5012,"b60be699c0ea94e1bf60da962bc86805",,
5013,"3056c9ff93d1b824662d113d0143f2be",,
5014,"bedc0aeb2e2503c7939532944364534c",,
5015,"2740cddd809e04e8b6e682457c9d9d81",,
5016,"22c654c66dfbabf8125c44fd661b7fd0",,
5017,"952d9065d5c72c6ffde43dabdb67b8c8",,
5018,"f57f8bb50eada884b385c64371a7e575",,
5019,"3d98f23218eac65c75a08af6b1d840c6",,
5020,"6b4c2d0b996c04b20411a781a1a09b00",,
5021,"b8e8e1d77dd82f139c1dd81acf3160e9",,
5022,"366ddb5be0e2ab4c2dddff2c5efd617d",,
5023,"2b5d93ea6177dec5c6f3e9e5acf64c7c",,
5024,"adc8334e25b796521f9f4fa98878c14b",,
5025,"dcbabc87fb184a68c0df3143f53a7a16",,
5026,"76ac98b6ac1299d45cddd3f410bb02b3",,
5027,"c70a0d240a47537c48394a073d23a12a",,
5028,"0fc8da52f57bf63a3b5400713fffe066",,
5029,"615ed4aebeaa4c8adc4900ef9535050a","nordic",
5030,"5971cf2ee1a3ecd8e161fbfc1148d767",,
5031,"13070948a5d335e614ba8b490eea209d",,
5032,"92103b7db36256063086ddcbc2bf7b0b",,
5033,"2316e3b9a92f6ae0f32f9d01453e4f34",,
5034,"871552e0051382b3d6a4676515206237",,
5035,"2f98dca828a0a2c4d0f92c0675f88468",,
5036,"a2f8d36691927e51e66ff5e8f2d745f3",,
5037,"aaef52a47852e599cbff63a3e7f96a94",,
5038,"fc1075485cebfc2ee39ca12ac1fb9ca2",,
5039,"dfe6e4aa1ecd9c766fd78d6571ad3f15",,
5040,"3022cc78ab872eea1c80ade0705dcb27",,
5041,"91229ec0862738a700c7654437753f26",,
5042,"5cfeaf575857910d8b17a8f4136642cd",,
5043,"bce10fe448a83bd709d82d03adb8adba",,
5044,"acdceae3ea5d0526f219bd836ab519e7",,
5045,"d53e9e6de3d438109ee635955eeba58a",,
5046,"9c2899732b77089bb4f4b80e87609889",,
5047,"3f687b51f81028b6ce1c5224a1be256b",,
5048,"19e01943b88ab50ca0409f96cc6cbbfd",,
5049,"4ce0e79bbef63306f739b1b7697638e4",,
5050,"5e97d76e2994dff09487f328c9c140fc",,
5051,"284ba7670b2ad5a724a3ddc4c8df4742",,
5052,"15eb916d5e0eec38831da65f851d1b9d",,
5053,"9979ddf2e948aaef7efab9a7f3d1c861",,
5054,"03ef88db38b7946698c45ee8b1c0a892",,
5055,"130ecf9de2ff6917401370f80ce63fb6",,
5056,"3d503f4b74c86e9e17fadc52689f5a2f",,
5057,"1eb789cd930dbae851cefac53cad2a44",,
5058,"8c5143a1295bf84ce2030aa2c89c72c0",,
5059,"9e380995c3bfe7b06ed21bd0bd3ee64d",,
5060,"6560776a6f9a8af1aaae1832f320a18c",,
5061,"7c4d5ae2e7b4e5ec921ac1674b7ee3b7",,
5062,"4b6489610e16afe9d4a330e27d16611e",,
5063,"e22d63b1659ec396e712416bc7e6dc73",,
5064,"0fe16d4700d276d948efc9e3aa3653ad",,
5065,"b2b55302dcf828747e908fce23ea5a26",,
5066,"96c0ba9d8e00636a434dd1f5eeb5d574",,
5067,"24b86a191bdcfa96eaf97a3b6b381d3d",,
5068,"7f29c0e404792f701721fdc9254a8cb1",,
5069,"a024b22a5ae491318f4ba49dcc271826",,
5070,"b222d1bc0df7987b334042313ff2f0fc",,
5071,"a976bb9e272154398a8e555acb4fe79e",,
5072,"5520bd4c0cdba2173457a987139c9b82",,
5073,"da63967a20d92b9eb1c7cfa124d44005",,
5074,"7cfea5e88c44c02d5942d73bb2762455",,
5075,"89d4633f39a1ab8f3ae289f8239ec3e5",,
5076,"5a544715d93bb910f221db7695ebad89",,
5077,"a16911a2c59b978e3b26ef02463460f5",,
5078,"0d26dc6e535c8fb6cb28a27eac59e0fb",,
5079,"0a614e304874f06098c7dc997bdd36ed",,
5080,"b99a47cbd0aa8ac06fd3eb53b5587c0b",,
5081,"9906d3430114dc97ec85377b5bf9245f",,
5082,"f660f522ccf304814c168af393654b07",,
5083,"d7ac6edfb4776a1a997fa1648946f822",,
5084,"3ca428960397af9a5e07807c7f9ca723",,
5085,"bc07378ebb39780567dbdb33a2aaee27",,
5086,"1aef99cdb00aa1e813a39abe0fdff18f",,
5087,"a69a433722f6112a8b9be404d46f0a68",,
5088,"81c53c4a6d602f2e1177da66ed4bba03",,
5089,"7ee8bfe881e7b18e716d5aba1c3ace11",,
5090,"a7a279d385f4e00214e38f56b32a6efd",,
5091,"54ad949cf6d96e9d2a534b5628545d6b",,
5092,"d54b9846edcca58f9eb4eff619d2b6e7",,
5093,"8d3b9a89fbad2bf177df327e4db25fe3",,
5094,"d21a94b706745779e2a9343b6138bcec",,
5095,"f2c8ced212ef7aaa8abb347b6ac9ed61",,
5096,"569753723d4921fd84cb6b97845331fb",,
5097,"57428113a2d050eda4224ed85430f63b","nordic",
5098,"4aa4b446048d03806342552c434a8e24",,
5099,"1bb25cf18806b5315669585cb3824c37",,
5100,"748160c2743b8d6673dce5cc05656a82",,
5101,"7fd53e6933e2903dbadf5cab2f9f755c",,
5102,"68f1e1191a12e96036d255ad019c3a21",,
5103,"fcaad46ecd68b86afbd49f99f0719b50",,
5104,"093e53cbd83f785b8a59211001700d44",,
5105,"389933bd6fdc3cbfab1549c65b1f0e07",,
5106,"1e24d4f59fc688563ac7bfb3bff4e379",,
5107,"341619cad56801c7c1767943a897f052",,
5108,"794c0304b61f65c6aacb041141925369",,
5109,"243a9debf591f559d9d111bc8780be07",,
5110,"75fd1fce679f397ce1e8ff5c973f56a7",,
5111,"44912bdca8adc463a7ebf8c16d0d10ec",,
5112,"4a6996b191a988535ce92c367c0eeb60",,
5113,"b7082d2c4e357b17f1a379fb0477a6fd",,
5114,"a1bf5c02101517b05b245429384353a8",,
5115,"ef9a0417ba7072787f45d75a01a47d6a",,
5116,"3cfbf74ceb97ac056493711b4f722f95",,
5117,"5cd55ecf6247aa98ba559274329c33f4",,
5118,"731fb4a2fdc06668f5b50d0765a5c424",,
5119,"b8481d47b4108c53e995365a5f955999",,
5120,"5f68e24df1ff10230bddae2b626f7224",,
5121,"035cf1b5bf513c419df6dbe432ddcffc",,
5122,"d132a050c36a841642596926d63d815b",,
5123,"85ec68b1bd39c9e96b259e94d7222da6",,
5124,"b9fc24e0b3ed135fbbc14d744f142161",,
5125,"a1d14942ecd8bb7439961b0958f2feb9",,
5126,"c889d608632f7d441a7433630267e855",,
5127,"51da368fa6b4f13f2e20b71b87293bff",,
5128,"366368915f0aba5ed3490d7e599b8232","nordic",
5129,"0e5d2b9bfaaf3b6c43077405cfe92632",,
5130,"cad10fe0128fd764130194fb4edf8073",,
5131,"14a347493b63fe50c76b82f7c8a36f85",,
5132,"d25a01257bbcf7b1deffe9b8200be00a",,
5133,"fed53d2c8c1f1080de0e2601d15a34d8",,
5134,"be4cf512a181351867e507acba269ee2",,
5135,"d3ee172af2063b3627795b375daea093",,
5136,"562bb4eea752d86ad8e9c10a6d5b0ccc",,
5137,"3e239ba1f4f2c628ffa76c03070feeab",,
5138,"64d2396a7eec5af3a10ad76234fc3bde",,
5139,"40dc54c166b0120a950f5ad04054b60c",,
5140,"c6d594efede6f36d0b806a4cf6faacd5",,
5141,"d77888dd6d1425b56ec2c2177075a644",,
5142,"44858efa63b2322afb39347043bb74ad",,
5143,"0353c970eb4479d4e092f97124ac512b",,
5144,"c5e6e8f547f04fa8fc4f11e62194e16d",,
5145,"73f13d7430caef4228f1ad5e0c8d254d",,
5146,"8fd55275afc0431a4798e66234d39d43",,
5147,"f09fff8f524215ed6d0a1fb416883b3b",,
5148,"01960a85e793813998d6accc67cbc8b0",,
5149,"7a700fc3f2a22116f1ae8549ace4c978",,
5150,"e49c55ceb696f31d67c01fac38ebfbe2",,
5151,"1472b27ee39afa7e2fb95de75a15e399",,
5152,"c136922383cefa2e61a758aa6af7091d",,
5153,"eb43ff5b3703e17de98e61547a649413","nordic",
5154,"73fe64dd5449a808a9f1d26ec32b6c26","nordic",
5155,"4f98dfbd57ec005b709f09c5f6c14271",,
5156,"f9ef17c1ab4855f1a2ca2fac67861505",,
5157,"f9fb73a1eeab7434fe8a204060176e73",,
5158,"5f72bf15585a16809857a6fd07773bcc",,
5159,"d21ffad81d06f5832b5d0064377dc3d2",,
5160,"5099cdf416aac746d91ca871d40e2714",,
5161,"504bca8ff1f13e2173e375b23f144b62",,
5162,"cf37ae132b7aba205f7bf0bd49d67668",,
5163,"8740995c217b8eba9ceb23e8133dc663",,
5164,"60fdab49a4d26aa7a3f7e9995ab1456c",,
5165,"03532b061e7d6cd6030a836b36dadfa2",,
5166,"17a36d1951c3e1f5578e3482638e475e",,
5167,"86a7f9026372c0f8bc394181f8ad8795",,
5168,"5a9448ebe238a47d1e5b2c20e3456219",,
5169,"22a83d9a906bcf1f43675c4c92559903",,
5170,"56bf2d987f092ecde2cbf7832a93fd0f",,
5171,"974ef5874f2171aea743a12d983f270c",,
5172,"16157c8240cd8df5d4c7f45bf53fb6cf",,
5173,"d04c0f87eeb8ee40b14252f1249e6a03",,
5174,"08bdd91e831d8d42c9e6634739c4aff4",,
5175,"5be552e5828a044acb247906307c432f",,
5176,"47c9ba3d73ce34a5592e293d9b269ac7",,
5177,"e59d3082c55b670750cd74e242f8c4b3",,
5178,"a46f7013e744eb8176001a8417414538",,
5179,"dd0e06aff2b1a5836cd75a4c454691fc",,
5180,"ed72678207733d181f5398d2d34478e9",,
5181,"a44f3f26ed3513203d38d1adbe5668ee",,
5182,"05d5a8a4e2b214799fa937ab1d5e9972",,
5183,"048db066002009489c894df23106372b",,
5184,"08c66a8b9c42084bdf0352b84bebb92a",,
5185,"f9a31b5759f7eaaa7aee15aa8ad7c423",,
5186,"0c11bd435d913958bb65efe5baae9bb9",,
5187,"962ac9f1854f22afb3f4c051cb3b4493",,
5188,"16be00acde213a13c3e9608301e09534",,
5189,"5987093e3496567910c31610986db1e8",,
5190,"176b87de7c646f3c614f612c7c226aa1",,
5191,"2d7224c5b00bab35957b92676c942b59",,
5192,"3d4789ef3da3ac07af43b690e98e75a0",,
5193,"2915d7963a771949a29b32e2be1d0865",,
5194,"0bd68fb14806cd90749b9fffb20db252",,
5195,"92313a987482a4187122691711e9eee3",,
5196,"f9af27020eab1d3dce577529689be758",,
5197,"c1a2a4565c12486801e5458d0471748d",,
5198,"af42e764c36b921e5d95b19bd8f060e7",,
5199,"71ba197d4e013625020a004c4d3ec8f5",,
5200,"ee154feec4d64aa5a16cb884fe6e5f90",,
5201,"c17fc8d0b4e44662dfbade270863670f",,
5202,"4637a237cc9cc1b7deb4d622fdd5f034",,
5203,"5ada60d05853c9c9aff7969ae8a57fad",,
5204,"2237b168f84925b2559f5d0b0066d242",,
5205,"e479163b791d9dd6cc38ab3cad34c0df",,
5206,"5a211a0c61bd095e09f9239febe37280",,
5207,"0c738d895d56647467bb17702137749a",,
5208,"a5f9d35646d28d62fb3dcb2a31be37d3",,
5209,"d0e7d241793acb4723f67aa5422de06e",,
5210,"16b2d472d65e38689aa7c70ef09c1a6c",,
5211,"3134f54c2866955bfb1bf5e9e1a1dc42",,
5212,"bafe464038b123e55cf48662f6b61cdd",,
5213,"d094a677b41d056196b28dba8c8395a0",,
5214,"7c9c6ea9de3cf75a349241a3ec7fd3af",,
5215,"1cebfddd31fc30292d9e0e2e273b1b8c",,
5216,"b18455bfcbf5702f91a9cdb1afbcbb20",,
5217,"552372e3ae190c90b1046c6923583a80",,
5218,"e4e60c01b6d9264c56c77774c8aa4046",,
5219,"571f42c416b19d394b4853388917c3fa",,
5220,"c368f541781910292eda22d3040f76a5","ti",
5221,"72ffeba48cd299a79c9315d097b69761",,
5222,"f00d18bf06e4dddd20c083d0bd297d2d",,
5223,"44ec9d529b6fb44d4dd0a219e3218a1e",,
5224,"93531af59f5a17d18e23cf1a87018dee",,
5225,"9fa8ac56a8c3655e7c00f45893732396",,
5226,"de14f4b5e68e6479bd9a5d9f9159c1aa",,
5227,"766e78eece95b9bf33db0c052479deb4",,
5228,"cc0d4a1906ed9f7a04cc1c09ead04e02",,
5229,"ff8401d9239d071b8dc0685d4887e90c",,
5230,"a3317e9646c8e669c7c2d1fc19a6109d",,
5231,"dd18d27d7a28917914bca05147d2c328",,
5232,"c88c38564a4d9934ba59e24570efb8f9",,
5233,"426f507757d2ffe5803d0c1cb4daeeab",,
5234,"b2d87c67ad800fedf5ede620b093b456",,
5235,"a034a8d3fec32dda6610e474b8b3eec9",,
5236,"6b4a172cdaf957720d1cafe5e873734c",,
5237,"c3fcdaaa9737d833882c735cb66a79cb",,
5238,"069b4557a2ccdd0160c118f2961be82b",,
5239,"0e5f9c5a4e2e43df717405e8c0a835a5",,
5240,"c61ba5f513e13df36b7bfc348a1d7c0f",,
5241,"84c2bd415f8b5f2ca983dd9219f6b348",,
5242,"73eb10e18b38aa9c5ae5fef9613a129f",,
5243,"ea2bd19bf64fd593cbcf0ae46675410e",,
5244,"5ae729a3b44c657e3de05e74d0c54c18",,
5245,"cc0207d52e02b9d194b129f0a67b9e3a",,
5246,"cad52edaa98146cc83fa68ea0736a997",,
5247,"847d713707d34bc3b95a6a4bc7df8f8f",,
5248,"5f36cd9c2b182bc591987c929a3c2773",,
5249,"982795990e4d18ca3241ce7a196b98c3",,
5250,"f5bff3b64fdf8f5bac16328ef5ab6ee8",,
5251,"6b9fbdb20a36323ea3e65380922c878d",,
5252,"44f4fb1073f705798bd63014f797605f",,
5253,"03b690c6f86df9bbc156a3daf06ac02c",,
5254,"871e1da3c38882957a2c0a163d2fc6a4",,
5255,"d1b98d32e531950defb6426b15515857",,
5256,"fa57fb9fe64162e2ade374c3a5b1e2cb",,
5257,"7842f650520bc5777c18d8a9ec431637",,
5258,"8654e85682cecc05e3bba6d110c803c5",,
5259,"3ee2e29c89387333682c81d3eeabe479",,
5260,"c4baf69fa0bdde098b7af545c4318cca",,
5261,"ba2b3c6a61b1e29141e3584340aeedda",,
5262,"a52c590164953429de1e8890b77adc01",,
5263,"dcf24d8f970dbc0bea7fd81943b9f093",,
5264,"5649fbed9a59c45aeb3bd40ebf98437d",,
5265,"49cf3f182bda37b4c35919dcd8dc591f",,
5266,"f87fbfca9a31b97d100506e0ab1bbb4a",,
5267,"16eab39c5618c34692089359a0c49a5c",,
5268,"e3a21c56bc2596ecc5f17c1334fa09ed",,
5269,"17f470382b645423122a38eac9003678",,
5270,"f2dfff7d55c956a1911b428d87b4fab9",,
5271,"f84c86b9e0f5b2688c5fe4a97ad32ad3",,
5272,"609bd1995ddd7448c88d04158770a31b",,
5273,"f34392a4c237e80ca61a66b6e95c4c0f",,
5274,"8e0d06e3924b1dd639ba7df8cd69a522",,
5275,"90ee8c745dacb5f0c649e54ed9a97bfb",,
5276,"59940364db887c8c5bdfcae712ad067a",,
5277,"bd8e94e504cb4600ad64e7c2abe0cd27",,
5278,"39c7055923361a4f9a54950304f7ec5e",,
5279,"fa34b90468693e36485f7faa7bc45b16",,
5280,"49c6353eb0c2330dfb79fdba29bd6362",,
5281,"9735d57153edb9ff02a21d4a2998ae6b",,
5282,"8f8e8fbdb05c0bffaf7e3a9a42e70f51",,
5283,"31f44a0b51771b30cdaab580b04fac92",,
5284,"c84012a0a8abe7a049d2f31d0b0309a3",,
5285,"2f4defb17f0e66dcb6b211ac24af0d4d",,
5286,"0bb11eccd005243408943e92d9ca2da9",,
5287,"ce6eb369734e32ea2f83f1a4fbd7495c",,
5335,"06042cdb4a5ce3043eae7084e13ed178",,
5288,"e87e85b9814cf5723cdc649515e55412",,
5289,"f868ed84107025740c178cbae3ce8d0f",,
5290,"3c34b44f7fe9087cb823208daa74629c",,
5291,"7c4afaa4ee7a67be33afdee5b3e6f37b",,
5292,"0045e3d40376ab7f4b851c353168aa0b",,
5293,"3e7e5924609dc3f7204267f6093c03a6",,
5294,"def2a32414278377eb30fcb5cde4a3c2",,
5295,"b939797a680bee1dd1e5a5261340e166",,
5296,"72e2bede937c394d710515ed068173e7",,
5297,"9317240a945779c8ba5750f9cc298618",,
5298,"bfe90dc6a66229d3479d02f160b05cab",,
5299,"2bf8038b6b50769679c2760b1089bd74",,
5300,"7887ecff017e49eb4b94a2af0df73355",,
5301,"4ba67e284d875060e68efca3da737000",,
5302,"95829ba98a88914a30557be54959434f","nordic",
5303,"7f606d0f6e6768b03ecefe8fd26e2082",,
5304,"52edb7dd15af5c75d537e81318f6cb52",,
5305,"4c8c457ac86219f12d491b69281aefa5",,
5306,"8bbfbf8b1629b52885b70d0ecdc7d9e4",,
5307,"b236d3e6de8707b1ccf61610fa8fea8d",,
5308,"3b8a542682c13e951793ae35739c14a8",,
5309,"9641c5fc09d7e68b9406483e94afc243",,
5310,"8acbfeb4548dd26ca098741c5c47d2a2",,
5311,"31cb1ebce028a3ac5e725b5f732d2421",,
5312,"bef38ced4f95c65b0cf0f8b458af89c7",,
5313,"e369df08724fab45307693333c65a8c5",,
5314,"21b57bd21fba4515a04944714decf2b2",,
5315,"aa75e020e0480a17f6d5a448714cea31",,
5316,"4cdd2d4c07ac7bebbf9053c96dbb1ef6",,
5317,"36b0f58fd69bcce44626284447bc9893",,
5318,"fb1b413f0e676a28d96f17a09188cb1c",,
5319,"6622312666e1c36f5796f850a38cf686",,
5320,"81251848e9aa6d53a881e7ea50eedc75",,
5321,"ebba23694a84cfdf26d0b8ba9c2d6efe",,
5322,"13bdc717229a6e363c4aaf07b09c3c6b",,
5323,"9465b5dcc63d51d50cc9dd3a4d8483f1",,
5324,"2ad59992a42f0f9b9cafc8ee582ccd2b",,
5325,"ffd2aff6afc70c6f27e18e3aeb22e725",,
5326,"468030399c1278e64dc670744a169710",,
5327,"a0d7fd2f73d58939e17dfca50c6998c0",,
5328,"6348687e3fee52eeb26ccdedd55a2499",,
5329,"11b2b0ed103c9ae1f47d035ddac1a0dd",,
5330,"85a92308d44e481726945d6cbdb82645",,
5331,"e111844a6ee9793f5c0f779f51b3b64f",,
5332,"c678b080b95d803a538a215eb728f367",,
5333,"f6cae41902b6409243defdce28f980ee",,
5334,"6bdfcdc1b5564504f0a8ff2de21b172a",,
5336,"60a68c13eb617ac226cbcd8fe7370aa1",,
5337,"2ea1216a94b9a96fff65a650b0b5044f",,
5338,"378cbceab979358f92ca64612d2c7ee7",,
5339,"9a6d487db5ce3476994ee1fd942f5134",,
5340,"232333d8e44b15495f199e911dc4dbda",,
5341,"c1a17c856d5b14e7d1dc9f429f82e554",,
5342,"004cfbf15be9b9c71ad28d8fff22f2c4",,
5343,"4e28d22ac33b4c100d7e2162f4344377",,
5344,"7dbb7438c8f2a4a88b05a4e1a97ece70",,
5345,"191cf0f00129aca4c7f454ac072c4404",,
5346,"e6e1f317c6521017c832d771ae266e1b",,
5347,"17500b5a24a55f5b166958fe81451f73",,
5348,"9cb3eed97ecc1f9aaffbdf809ba84dfd",,
5349,"494bf8cebe34ce8c45b5de6d906f4b6f",,
5350,"81d5847ea36cdfa902ac8ee51428516e",,
5351,"a43ffd8c32adbc3de25c8f30fcb1fec6",,
5352,"a3aa67ffa0519f1ff31fa7bd92cd2198",,
5353,"a21c1052522fe4bf1d271bd0e9111796",,
5354,"8c7a8d9d7ffc748283aa7846701b28bc",,
5355,"a60df23da7e83dc7212ae850d24d2de2",,
5356,"d5b62d1d07d32721fd3492dd45fa7158",,
5357,"eee89700b4c69c9a98e18a4e768642a2",,
5358,"5e8dddb3bcbdce8d2095c473242e76ca",,
5359,"3e13753582b3c6938c329f65dda17ffe",,
5360,"07405c2d85d3f2c9dd0a4a38260fe258",,
5361,"2e7ab222e8b61b6036166870bdbaed82",,
5362,"145515918c463b2e8185ef8c1257141e",,
5363,"c21aae4d1e001087bc09c9aecadf7dd6",,
5364,"e6d82b36ee71f20c82744cc16f1812a0",,
5365,"0ca47bf9f6ca8b1ab7d01fccf1f463d8",,
5366,"1b0a0af1a941232d7e2b57bbb3d01854",,
5367,"c8946408d578572af7c76d85c668bd05",,
5368,"37c4f26d34b799fd3db283fa7f0fdd1a",,
5369,"9bda584736c948b165f60365ef4b62c0",,
5370,"304f92daa5504047c3a45c50ecd5c599",,
5371,"1927fea2b67f4cbaf5db7ccf9a5c7a89",,
5372,"9602fa702048abb4415d6d0c83ab8c08",,
5373,"fe60e0a5203aeadfafc62fad9c4f0626",,
5374,"61e583cc02578f74713e305af3f07776",,
5375,"0ea055a36a5d4176fac8a222d452f1ad",,
5376,"174e59aa9dab3544475867ddd501557b",,
5377,"c0a5f8ab744e68d022629b2775e5931c",,
5378,"7f6a84998f5cf9843af4793e54db0b25",,
5379,"2d96d4bd793bebce020625da9addbe30",,
5380,"c5ecc80c93d519c8c6c9bd160106a8a5",,
5381,"7b3481ebdcd897c93c2dbe79f8fb3bc3",,
5382,"6e7f0d1a5592e4f1dfd814d6b6185930",,
5383,"d59e47077c911ae1910b34a8ef836fd4",,
5384,"17811de5f0190d5a1d5343b7bf396589",,
5385,"3db18e698eedc8c359061035d27fe1e7","nordic",
5386,"f78bffe62324543478590af93e61759c","nordic",
5387,"573cab630f04e598fabf259d4eac2817",,
5388,"89ce57af885cb2942917abcf68208ac6",,
5389,"4d0b0206d1e822d7c4b67e84cd6c9eff",,
5390,"5565ebb118cb08e6f9402ddb57d31d65",,
5391,"4e6e4e05b4a7d2e89453f207824c8a00",,
5392,"92e7be131c9c1581761bdb3b692919e9",,
5393,"b02bfe8642d930ac59e9bdfb72c5fd12",,
5394,"4930f146b07fe08334e41dd2ec7ee181",,
5395,"8bb8e06f75fa6e016c465fd4c26e1839",,
5396,"f8f1be8725311238caf967a3e0948912",,
5397,"105d49d5cec4f65924a7729122a1fd46",,
5398,"35e2304d3421c18ec4d816fdfd926a9a",,
5399,"7b2b26c3286d99b5909097a1487419f0",,
5400,"26580ac310aefdfb3b7209c0d7a93b51",,
5401,"ef52e5039a097d8d4745597476436526",,
5402,"f1f864e463e9720c0a5374e4acd2f720",,
5403,"59375dccb37f974c045575cd9428009a",,
5404,"75afda5331b5a4b02b7a8ce19c1c2493",,
5405,"3eca9cddada3ddf25ca4ee9a9aa5b3fa",,
5406,"4135bbf0ae9caa28c58c03d85a5051b2",,
5407,"8780b00b6a2ef27a1617912ed777d92d",,
5408,"542536749e8da1cf62bbf11667c538d4",,
5409,"b870af3078ea1f1c49226ef7ae3c0435",,
5410,"8b6b30523380024ef8398d33b4fc3b33",,
5411,"19279d933ccf37f50890622824429556",,
5412,"e5b08e56d323ba30512d5363554c50c5",,
5413,"2c48ff06ad6fc9648c460d187b418a85",,
5414,"0f2e767d1d94283a2266ba43333d062e",,
5415,"20d28c173256dae251df77940a9e6e9b",,
5416,"ec00bdd79fa99d439f5b617ecb3f7099",,
5417,"2741761b2667c9d06f60a4827cd47a83",,
5418,"c8e70375ca540bd5f5a00c6bdda3204e",,
5419,"5eb2071b3dfd5313209b68ec7a3b1845",,
5420,"61a5a0cb7ef55a7321ae7f524bb1693e",,
5421,"8e2dbc0b1d432f624f30674409cea2cd",,
5422,"e53aba0f163b303f3390c30f116e6dad",,
5423,"203b2705b2f369a7ba3107a0bf7a186d",,
5424,"ccd4ef6812321c08a06c3d68b567b1ae",,
5425,"cf1f83d5fe40dc5b744d85123afce5c5",,
5426,"4465ca653d93001790f64fb74a3d2771",,
5427,"ba857a9ebff2ca29f59584c8decffe9e",,
5428,"a455033797073c5afc360547ed7d93b4",,
5429,"6af93191800819d66838e29c4bf2d04e",,
5430,"ea9f85ac31d24ff5c67d53bb68839de3",,
5431,"466c951f7262b11c19c91347f54ea6e3",,
5432,"e9de4530cad15e6ac71f5c50a851e85e",,
5433,"22783d8078f8e18e69771f827a37f353",,
5434,"df3735364819983eb66e153476ffee47",,
5435,"b89879c7e74b23b9c0d4d6673665e45c",,
5436,"a123da9740085913dc0c3623efbe0ed0",,
5437,"386d85b49f82bd091feb2242ce403117",,
5438,"affd933d34de81572655827b56ce8dd0",,
5439,"ee26e0e6454b8a9378e400c208826783",,
5440,"d44023b39a5c123cbaad338f21150940",,
5441,"7d674446cfbb3dbac1e6ee0f444fd306",,
5442,"03534bbe431e04285c56f1414e664bb1",,
5443,"73776c6e691a606d9e5147746aaa0c6d",,
5444,"e6174ae33b407e88c8986097b50eaf25",,
5445,"16d23944333d3204d9c6fa2dac9ebbd0",,
5446,"24fd7bf5360a988674ccb2bf1931f529",,
5447,"642913fa2571f3664633da70b761d791",,
5448,"9ad6127c1a45811a36c96ebb8d20d788",,
5449,"f80613f632843ce8436da27bf9e97ddc",,
5450,"2e3a6605032cc1756a290853c6e56950",,
5451,"82918c1dbe8c265049719b9b112f98de",,
5452,"56992c567f8867d108e21b97d6f14ad8",,
5453,"a15bef31a5feac4772b6c6195eb92747",,
5454,"363944ae31fe6b390141f23a221a42fd",,
5455,"0cafc24dcd1aba689d94bd432d75bf90",,
5456,"fa2763eaada4f1cbf44ce53e605c4c00",,
5457,"c42dfbca7dee819f014524c7db8de6b3",,
5458,"645db7e9056029efa15f158e51cc8a11",,
5459,"d16199d3fa17bb6d50f7dd937b2ce487",,
5460,"3b0a2c5ecaaf3983559eedaf890b3d4b",,
5461,"58c7d98c454424810da8bec0491e5e35",,
5462,"ddcd5b978e5d7db305e66362a947f6cd",,
5463,"4c2a49eaa6003b4fc02936eac5eb478f",,
5464,"0162479a905917d56415de2f60b0a02b",,
5465,"927daaab87f03f8298feb48f9eebb19a",,
5466,"9ec52a0f92907435798e377358fc906e",,
5467,"91bcdaee45c8267a04c1387193a6b172",,
5468,"6b9256f45fcfe9f14d3c07d643174462",,
5469,"38a6ac09d82fbe070be36e1d57c6016a",,
5470,"b9c0c3db567be1f9509edc9ebd82a0dd",,
5471,"35e6cd778dc0917faaab149369a39d5f",,
5472,"842ba9a28539f008aedf4770863717ae",,
5473,"6ecfb998451097bdec9f09337a7baed5",,
5474,"a3b0a0875148de068f548d4053254e29",,
5475,"f440bf3e4eb015a9e2ec6107514c119e",,
5476,"9873712285b7a0ceb701b308445b0743",,
5477,"821c4425d1d3fcbe26ca9bd7d6c09544",,
5478,"894cb74d31ce4e7fff1ad03fca29f88e",,
5479,"98c7de01c1359141ed6d7dc13c5f6354",,
5480,"4586877e722d33ae79e956a68013a763",,
5481,"b617b47c86c6f43edbe29ca8750cf2c0",,
5482,"6784272c5d0bfeba001a528b59c13202",,
5483,"8b1e61566db02b0534eece924a008291",,
5484,"b2a555df0803bd8d4b4317721744874b",,
5485,"27453e15d8c7ee7c602d893a1f2a815e",,
5486,"0f47be2fcc1ffb6b5a8e262a4411c2eb",,
5487,"1211fa34c09e10ba48381586b7c3883d",,
5488,"0eac204549f883b66c4fdb8fdefc79df",,
5489,"57fbc3be4b17df76b1612f3ad8a8bea0",,
5490,"a05112dba955ed64943a1b1b623c1716",,
5491,"ee966adca3ddb9a106ad554edd20fdf4",,
5492,"7096b40ccb6893d206375a7cc7958fbb",,
5493,"a8306fa8b42d8d20af67b0e4a74cd8ce",,
5494,"3a9ccb58cc4ef9f8f95ab8992a95e4dd",,
5495,"9a4efa316bb428afaffbac139fe3a20f",,
5496,"22e69204c12f2895b2a502c4a443053e",,
5497,"091faaf7c7c35a554310752b88ca7a87",,
5498,"b4d1983ea7628b90a394c528f43b7036",,
5499,"6d1259f2bd913ec8984028a1145b9219",,
5500,"11245c9a056882ff25d175dcb25e8100",,
5501,"7644a94096ae4f84eb17dcb3a4a02971",,
5502,"b8f89bf01841200e686ed8354363f1a3",,
5503,"d9fb61c10c9b96be23e28a5cd23e6d22",,
5504,"1ccb8cd5f4001f7700e23e3b02a7646f",,
5505,"66ad51e94b780a095efbb74dfd1ca61f",,
5506,"bfe1e2c8cfec930a625fb3118f11ea88",,
5507,"669312dc0a66d0b69e78bcb20b2f7731",,
5508,"14a81fb804eba048d2f72e7bb1099fe1",,
5509,"6c9b9a92c98e90e662071ad0cbae6a6e",,
5510,"70cdc6be8497162e141a15875b521650",,
5511,"de9065e626faf8ba7ca51c54604b2fa4",,
5512,"e87406b996f86f5d92fab44019d1754f",,
5513,"0b55cd98f991f266000a5e8704c8ab8f",,
5514,"f1681e9f757f60968a87f2ee0cf27994",,
5515,"b761041eea3c4992fdb9f8673bb4a4d1",,
5516,"a27ec80b9f6620dad952be0db0c79109",,
5517,"a0394a3f8f271fbf0f6e93f51ac20c8a",,
5518,"552d7426a5fb9f032831e82ddece264d",,
5519,"2d1d50ff425e6d1d88c3f4352a822810",,
5520,"b39bab13fc5f0eeff8e1c4f6ed5e5ca2",,
5521,"ecbe1a4af93356412498874a79db3101",,
5522,"5ecb0e9b7ee9abd8441d58c25a2a50fc",,
5523,"13126c15243b024cee1d191a3f7a2739",,
5524,"64a34068fb506fcafb815aca34c230c1",,
5525,"74a17ea2906cd8f6b7e22ba4bb4eeff3",,
5526,"513abea1d269b06a9b9be2e9671be1c5",,
5527,"5597cdbfc25377b99f66991ac9d160f3",,
5528,"dc17cbcecd7ce9bed0dbb01fac37cb20",,
5529,"e841851aebe1c5e788e85d28074886d0",,
5530,"5191ec29c55f241c9c52e672385bdbe6",,
5531,"7fc0ed7bb184dca9a45a99186806e7dc",,
5532,"280276470bb571b23456935503a233bd",,
5533,"529d85a8b24131fe65c75a273c5efa01",,
5534,"54366200bb48ccb13e74e503a847db78",,
5535,"cef88d7a2bf01f287f2758c83f42b5a5",,
5536,"200a24bbcba6aa2b1d2b0c8124035cdc",,
5537,"76f26ea81f440537ea5dfbdb0968a399",,
5538,"e88f1ec7334e69d5d6c39a623e1ad7ba",,
5539,"1e14e7c3b6117494f98e77efe71bbb0e",,
5540,"103895ada0206b3e8bcec65b9f0fa63a",,
5541,"1628d8d2b0eece2ec8b37e354566578a",,
5542,"9886b91a6ca06d3f6df600d064b0d7ce",,
5543,"0325c94c5f778343c94cccba582589d3",,
5544,"fe3361d795f2afa23073c49f42f6cf42",,
5545,"96f63b6a3c6a373a0d14d86f0d8f35d6",,
5546,"fb171c82cc82004c136e8229cfa8d608",,
5547,"628e253f7b538cfdd2d82fa13fe82c62",,
5548,"001f15f65f9f013503765a518f918087",,
5549,"1e8b0a4bd9a08bf48d37895052e39e63",,
5550,"ea2c9012d671dc094140d67b45bf0a70",,
5551,"bd89b5ff8435776dbc2852e2f4501068",,
5552,"e86ef37c4a533473f1dafbaff75b7524",,
5553,"3498cb8419b12534b30e0fb2304cd53f",,
5554,"39c2d7fadb3139994b2c184711b3d752",,
5555,"2b1bfc759ab3a63cd4cefcbd95bf1076",,
5556,"60db3b57c5c6e0013aa8034de82a9f62",,
5557,"8a530e7f8408fee9283d854ae34470a6",,
5558,"5e056674182303d345b1f9d14ae12563",,
5559,"47511eef537dee9e953f060dd3080f7b",,
5560,"9644e846cbabeb30329183c9e176935b",,
5561,"7e54a2381644bedc75017fc55332a2c4",,
5562,"c758243bd080a4e576be2d630684ff0b",,
5563,"90ef67aa062d6654a354ac8dcc6651ea",,
5564,"155df0c738d53d03dec03b2dc5535692",,
5565,"9096fea1866cbf5d62ce4eebe2752c9e",,
5566,"d3b0077070589f3cc98279721ae0acaa",,
5567,"847ccb14231dcca445ffc44203cae7e4",,
5568,"279c8b73af6daf62673cb67c19f58aef",,
5569,"762d315cd7ac58385ccdc75dd6b18201",,
5570,"0b29b70d9dbb7a66ae75c0c247e80243",,
5571,"fafa9117c3d82f2577119390cc8a77b8",,
5572,"95fb1648f1e10f7b2e8918d4450b0567",,
5573,"eb438c8e418427754f69148f5d79a98d",,
5574,"7c84d61a71ac79ffb70309a6afba03e2",,
5575,"bb79027bfb2f556fd829afdcaedbd9ab",,
5576,"b1cacdbbe26c6d8eaa6fc9a939a1fbcb",,
5577,"0e30f024579fadddc9cd14b4ce209831",,
5578,"855a930fa529f9b945413165b825c617",,
5579,"5b9e3100511e75189e5fa122831a3d72",,
5580,"dd3a4c22d5d858b8761e41f3290e0c5f",,
5581,"cef0d17ba1fd6757a3f2fb790b6937cc",,
5582,"2e9cbbbd77089c4003357e9b01e30080",,
5583,"b224c3348bfdee781dc3fbabea3d337a",,
5584,"a38964a0196f55a373ea0bfbc92f668b",,
5585,"7aac7e675eb6bb04f5d7ab7e478477aa",,
5586,"62690c53f646e81d96dea3ca95ede3ff",,
5587,"334874ace17f501390943782ab1f3c94",,
5588,"120fa854c6eedab0fbde1cb70f61e32c",,
5589,"725623b6840db3863a6b3ffba5ca6d10",,
5590,"69ccaffbe94cc0ef1b89c25290e19b2e",,
5591,"9235575e8c5c4106cc0aec8c2e9af519",,
5592,"b94e2e64b075bb9dcee7e3d7b4ca9238",,
5593,"2dd3abe88cc9cc76b3f7f8780205a830",,
5594,"68bb18fb00ead6e0f2adb0cfbb48e6ca",,
5595,"e54d2cdd94f4c15b666b99d60c6a58e1",,
5596,"8681c7593c2f093d666881c2b839f5a3",,
5597,"381698c1c0e6c296f0e8342deabb9511",,
5598,"1daeb1358a630727fccde9db8172c167",,
5599,"b893af4176f98e1e1f0ff64ad5917819",,
5600,"c6c657793858478ca72146f57adaadf7",,
5601,"3382ac3355efe8ec00c976d2858a6510",,
5602,"e591e6d42e55a4fcd0daf7c597bfa20d",,
5603,"92b7567035f1e99d29f4c4e56017d0a5",,
5604,"88ac5f3a9cd42ea7f9a4b3f845413e84",,
5605,"5acfdba214e14641a9afa4d90162f43c",,
5606,"6dd69c6b74444200182065883d54f4f6",,
5607,"f14174b13da031e6c9c5fc686c0dcf25",,
5608,"a932a18e5e3eb3e26b92e65eec8c1bef",,
5609,"e47be15b9d24d07af5e8dcdc42ad0392",,
5610,"fef4ad5504e048b5f90d4bce758533cb",,
5611,"93c7ed62b85d99acc55fc17ca5b95afe",,
5612,"de27ff5ce7ad4f83628b1cc86a1cc9b4",,
5613,"ce6a0a6de21e456640ba6e7de2ae52f0",,
5614,"09b49764cc83144ab37a295397428bfd",,
5615,"7e9fcdbca295ec46b6aa57ff8ee701a1",,
5616,"5dda59a88e2c8abd4ee9dba1ce6dab66",,
5617,"06bd74e794eca243fa3d970f65106885",,
5618,"f67fde0c67deca0450dbba710d717c8e",,
5619,"7a184b61f56f9b03099fed9a617e6558",,
5620,"188fb55ea4d0070aa44434464da49302",,
5621,"f38f8314112578cf75fcc59a007bf203",,
5622,"ee2380171038107a070f4ac873593e4e",,
5623,"9c16ef006cefcaf936ce84532a7f1f1f",,
5624,"b4251b34e3c0fce2a4655bec8354a8f0",,
5625,"10593f3f6e9d6a6f080d301d3d154e8d",,
5626,"b218e9cd388174bdbc41638e4dc6dd02",,
5627,"62e91e47733532133054c6a3accddbb5",,
5628,"9493848bbdeb197fb9cd3349243d3309",,
5629,"d7a280deb128b13412b32af87fe12b46",,
5630,"cc8f11481a0cd07634b0cf2f5ebbfe56",,
5631,"51f80d3d84115fd6fd8ae70257688e96",,
5632,"3c1fdb1967c8e1d6ced47c211c29654e",,
5633,"8236dcbfd9bb63652e9a3bbc3aac0694",,
5634,"3df2ddef4124a33995e32c214f917ce4",,
5635,"afb4cebe504d31dc6bbda27178f5b2e9",,
5636,"7c494c959ff5b100b63cfb25bf69f0ea",,
5637,"5f06147194f62abe28a01dd38888af00",,
5638,"c466bfcaabdd78232eaef48f64de2d39",,
5639,"947c7353878d070d6d8791d54bdf74ee",,
5640,"791183ed30e0a01bfb83a845b5e9fb16",,
5641,"0721043cbdd76090d44f42ed389787c0","nordic",
5642,"42b9cecbd80c6591c87c9344c0278b10",,
5643,"71b7f94d742d23117dd3b79e8e5e448a",,
5644,"a6dbd8656a9bcc655985285cd5b7da74",,
5645,"6f7e1df614865f323e96e8b7ce606372",,
5646,"67d3b44f63c57afc2ec7a44dd7df92f2",,
5647,"f9a140455b4d3f79500b5f7238a73407",,
5648,"afe71b5cefe46b00b44e788372305dd9",,
5649,"8006ebf4e3b17ae414f53ef8e32b32cd",,
5650,"3a3d941955f0c12c965420c4e67ade19",,
5651,"ebb0a691d035ff639a2c4d0354518875",,
5652,"491ded6feeb66222e8909ecafdc2bdcd",,
5653,"9ab020a1d603b182edd37cb94ac8b883",,
5654,"831b86a265034e81d26a24ef6a9cd05c",,
5655,"4357b73a07c3698a691a5a595adb5deb",,
5656,"6c3e051f3954318eca8153ea0de7fdb9",,
5657,"de2fa18c0713fa9fdd8fc17f63f94928",,
5658,"b5b984866d0aa0dcb25c267c25a153c8",,
5659,"452c33a511f0b712ac567e284f46fb63",,
5660,"426ac2a860ea27178fd150c320bfe40b",,
5661,"b3c29ec23d214760e66b3194c9217342",,
5662,"cd8d291b2dbf6975a3ffd48b2aa03379",,
5663,"badd661d1ea4021096775b2446c84515",,
5664,"e04e428fc68c225bb914e09d62675925",,
5665,"d0f5880745ad484803190b8d95b0c960",,
5666,"f5cb4d125c70e081bb963daeac5efdea",,
5667,"ef590e0e2a96eee83c3abc44a8c31ef5",,
5668,"3c4ee7af4959da5238e7417966b729e5",,
5669,"1b3939e41331e1b0d528210716597356",,
5670,"5e34566073414295d1c060d539833579",,
5671,"89c912fab3390e719b8cfc1ac4cd0e44",,
5672,"d80320c3a6efff84a65207f162a198fa",,
5673,"2d2b364eb14d6ed089f80a9199d1955b","nordic",
5674,"e3cb97d978340927bd1f594f722132a2",,
5675,"c82067e5f2b13f85628ad509465db726",,
5676,"3fba7fb5b4007a44be6718a32fc7c23e",,
5677,"7542b1e0d92730250d62850666c5b71b",,
5678,"a81380ab7a5103689abbd9546a03d8e1",,
5679,"552345947afe90b051a0c08960c710ac",,
5680,"1bc50597ac8ab7fd3804ca81b2b9b651",,
5681,"8c777b1b726889ec884b23c962a5271f",,
5682,"679549bebeb447a16f05baa2ec38324d",,
5683,"e5b1b8bc2a0d8926e84d6ee6930bfa88",,
5684,"409759576221ba6aec1b18926afeb6fb","nordic",
5685,"d2944a9777c22839047d3197966af0aa",,
5686,"0689f3a5a627ffb8ee98160f5ae38c0c",,
5687,"7afedaa2491e1e0977d358459908a1ac",,
5688,"a45ac7cbbdd4696e366141cf5adf9358",,
5689,"14443df3a67288e253d81ee3905ec48c",,
5690,"1ba08a3686b93e5e76312a9a5ae80492",,
5691,"2933cc68c2a0a0a1b84e55c2a8c0cf05",,
5692,"93731011f7009ef955b68eae5302a76f",,
5693,"9b29a46b2f4dae956f9092a4a490576f",,
5694,"9a6a53b1c34568f83ff51798b564ca64",,
5695,"9e18166f25c0a5a5c87e62de256e1079",,
5696,"770a614c7646662eba70137f9f179261",,
5697,"8a76ae9d8f3ea21d71bad2368d8da9eb",,
5698,"e33d6d7f5be1e1de28a7c00a601e3b38",,
5699,"263829679f87e55eeb1ea11da954d26e",,
5700,"2f6c1323f1396f01e7af274177f1ccbf",,
5701,"a361593ba16941b1a5ddc86b206c16fc",,
5702,"be6fd842117b4b5967034f58da2d3183",,
5703,"7d2e4a948e4de99a29bfeb2e8603a05e",,
5704,"2f81e84f5cc3ee9766518ecf24823255",,
5705,"af78cd5c3912c417223fc1c6da5db6a5",,
5706,"53b04646b0d5255eee101be68c4f0a37",,
5707,"a07497d1ae12a69d25fea43cee0d7650",,
5708,"5a6f6c2f561899a2e2b9cf4e85621ff5",,
5709,"c09a0547be5724050a8588d7ba7e0eda",,
5710,"17331c195c1466714763a68cd4be6829",,
5711,"3806c3c42b0eabc768f0cd2dbfc3257d",,
5712,"266ba01488efd969dbc2190a10dd05fe",,
5713,"321c157cd6b2f9b1fd7d01fc0fdf09a0",,
5714,"3fd330b76f6936d67162e87af4d78f4a",,
5715,"de366b0c46a07425c9b2d1262d302f13",,
5716,"f27abd2b1f2ac3da5ce319b5edc58f72",,
5717,"192fc242f5fdc6712d616e2b6426701b",,
5718,"7d979496bccf20c1ebb8ce290343c460",,
5719,"fd8ee795ca48fea765a0dc025599d14e",,
5720,"7fe1584af71afcfdc983950d07eb7730",,
5721,"626f28ecf7d07001baef0ff118c19a64",,
5722,"04f35a623ab696c41eaccfda78d6ff0e",,
5723,"3cb74cb90be7ddd04f45e043b553a24b",,
5724,"2c26fe4c71fbf8d78354340804abb634",,
5725,"205a584d6079676488df63d2c3debff4",,
5726,"3be15575f6e5e96d9f4458d52c57afd3",,
5727,"590cab61b07042b7dac00d11ab14991f",,
5728,"5bfb556b0001120f5eb0d85f1c3e60e7",,
5729,"4748961d525b00d7aa1909276fdf42bc",,
5730,"16aff74fcc61b89d90719bc29c501d90",,
5731,"8158849163b94f59b9bb6e2892c9f703",,
5732,"6400bd7d3f492431eadff0625f2fd171","nordic",
5733,"0b6e80f03b7bd101d899f3de40a6d25a",,
5734,"5440db2e1afbbcd4fbfe49b2b40d5f95",,
5735,"75e4b1369a413b92182ae2e8202f8b02",,
5736,"be5c610ee1319d43616d5494b3b779e0",,
5737,"d3de82456a259ed83c79cc54cf3df0c1",,
5738,"042e17acf23c79c1798ac82ca2d90754",,
5739,"4ff1e6f21001977c6783f8e7e07aada3",,
5740,"9e7b78eea6bfd5ff361aa236be18e4e7",,
5741,"c8ace976bcfe384dd59ceb78cac51c73",,
5742,"9429d56e6f39222cf523f9ad925b7916",,
5743,"b70d39f7f0220de340dd6e2a9126954c",,
5744,"d8e7cf30a4076346f0b680f841c4fbaa",,
5745,"4d36391a11c1d14cad8835162d4db72b",,
5746,"4abe43bdff8118d73a387fe49f1bdf98",,
5747,"59986c887b8a4d087b5079e312e50780",,
5748,"3fad6ea266a9931087080db65cdd7c1c",,
5749,"33f7513363f5ab04304d8a45fc30295f",,
5750,"55640da35b8266abf8db77bfb05bc577",,
5751,"9677fd0701394aea55160434464d8e2d",,
5752,"9c0a51fd7b5657098908d6e690825f3b",,
5753,"5493e457f9cc56415a381e6be6b104b9",,
5754,"8bc3c2972cf858ac2e84f0bdff804eba",,
5755,"d77dec8c2c1db5c1c7e9af7f2415109b",,
5756,"ad73bb53a906d35a8affc04d6c32f818",,
5757,"53ceffd020096a2c1a1dba6fba61e52e",,
5758,"a0feaadbd13b0ad9857df3367d4ac6f2",,
5759,"526ad6c95cb95063b7cb1aaa428b5b86",,
5760,"5525624071720e3571385a7b9290316d",,
5761,"f741be87c583297cdb68fafd3e9e7129",,
5762,"4d07d83a02408830dd5bc164b7b418a3",,
5763,"09354504bca5972713a6f8c90da2ef63",,
5764,"649bf473e724a21903054036c6db2ca9",,
5765,"36648e31b9119059b31e47bdbfc30a1d",,
5766,"def87115cd439afcc95e2deca83ffeab",,
5767,"04250a1f3c0603c31b190ec48959b7e1",,
5768,"64fe14a743b71810b839bb5da822de00",,
5769,"3b36e69cb8df1dc0ff513711d0d6575b",,
5770,"1c3fcf9afbcd19f0a58ff5029176d4d6",,
5771,"efed81e2a0d3c03cab6f5bbaa5c88296",,
5772,"d172aac301b0ddff4a75a9100bc41dfa",,
5773,"96f8c0625b52c8d6d66dfaa5d699e0bc",,
5774,"122b1950cb1785874406bd193f050688",,
5775,"c2aadbefdd6ee4cd062517983d311d0b",,
5776,"9108b5d83458faf9ad803de4f30cfe63",,
5777,"67c4f7925588c4e4fa7d70c23f0eb44b",,
5778,"d7a4d7dffcd031e3fc07a0b18e6c813d",,
5779,"14bfebc7ef59a85790f1f8be0ce8d4a4",,
5780,"1f0a18390d96e181ee1a14eb768d96f7",,
5781,"7eedc9d391d172e0227b5363e1cbe92d",,
5782,"7cef547e5df40b819ee29d41aca9742c",,
5783,"9b9983e69b95688076d506e321d0d6a7",,
5784,"2af3f56f597ada0001fd63cf96f4e197",,
5785,"fa1d6bad4eab4807bc7c13b3eed154d4",,
5786,"85eabd2f0f48679eeade573c471814ad",,
5787,"7947de46d5cd948286e035f62be9518b",,
5788,"555e60c066751361d726ef3cd3e44720",,
5789,"47e736cb271f455bc72cb4a73663097a",,
5790,"f1193bb8c3cdcddad83bdd51411a4b90",,
5791,"09c02ebb0bd83ed533e52e42acc02887",,
5792,"13e5e397b5b69432f40aaf1e5d0fe821",,
5793,"5081993afa2017c4eb7c776effd64e68",,
5794,"4acb76b9d48aa82f3a3f4282f8482731","nordic",
5795,"15a1a2139d7bb985063aebc9ea693add",,
5796,"ba6c14a3249e410102aa0d5a3bc38f24",,
5797,"538e1ac64d0fe8ded229c608e7c8f8e2",,
5798,"6757d53804d2c4bc232fe91015d79943",,
5799,"19ab5a25c44ad1b32ef3f6530ec13659",,
5800,"e85c706bcf73c3653ce9143a4e029242",,
5801,"b6022af29b2c00c157565edeb3545a09",,
5802,"c8166552357ff8717f5aa0e47a05b9af",,
5803,"2e87e35e1daa372cbcfbb8f37068504f",,
5804,"bf3755ba8831cfd4fd8b6d4e8d715ac3",,
5805,"7263d2fe13125d0c88714a2b10e9731a",,
5806,"3130a5dfc1f747b64be5115e314b4606",,
5807,"e6b76152d93a6c1b8c332da8ff58ac10",,
5808,"bfaefcab276398f6e369e8837b2fa2c8",,
5809,"75c42c3381c9559b5e1adb79aa440b6f",,
5810,"82b1b3aaca96cfe66e0f499ed8f72ebc",,
5811,"342ec8d43d7d387bb8758ff4f368f1ff",,
5812,"3b825eff001fb2a42402178e847be7af",,
5813,"9911d6777367cdd3afcd4fba16c318d8",,
5814,"5cf2529390fa7133453e46e493823549",,
5815,"fdc548d153deb460b047bdd08a5ba4b3",,
5816,"ece4447a0976d08d8d09876d9085e70d",,
5817,"f2590cebf80fc582762609b209416926",,
5818,"f116535516ef425dd61ce738caf87b4d",,
5819,"107cbf8af91765819fe412a564dd57cd",,
5820,"2fa6ed98d53d0b5fbcc136d1cf5e9609",,
5821,"61d68256c66c546b09c64670124da165",,
5822,"223adae268683ebaee5abe0522fad88e","nordic",
5823,"b223a9ed63e52de3465483e1714c4283",,
5824,"e5271339a17782f8c904f37a8bf9819c",,
5825,"854e5bba17746847805ddd36ba2405d5",,
5826,"50b5b801bdcacd7165ca1bf856e3a838",,
5827,"d56bbe6bd98e5b98434b016d755b4db4",,
5828,"e09eeca232d32766f59d032d90952c58",,
5829,"e791e087cb40ede97c3858288945f98f",,
5830,"e8702a7c4d1a6e984588d61526bac4a6",,
5831,"296db744957a414bb6b20b8c409a5a06",,
5832,"a7c12bf6baf0d595d8b4dbbde73eb446",,
5833,"eef5ca23118371298cca195399e8b779",,
5834,"244e6363b60b770dc2fff77a6e159f4a",,
5835,"94aa8e31147f9c18b28dc872e18cc7b8",,
5836,"2f1f91521322dc1c1e70f9ff74cab0e6",,
5837,"ed7e635fab729bfa89d215742dfeaec4",,
5838,"bf8b3978af28e4f2f59f3fbde57368f6",,
5839,"82d84eda3a3f4e0d719d1e36c116cb97",,
5840,"b0226811a8a349fc029f1154fdc03711",,
5841,"738ffd79b4d16ec652c69b91015cb791",,
5842,"4518eda3fbed79cc7cd4d79200b3dc8e",,
5843,"8a7f6638361fc03cae2db26893f88119",,
5844,"9efba2b341ea2a16d5876560cc0b623c","nordic",
5845,"67112f542caf03bf60bc61bd28006012",,
5846,"3c862ffa8db10a9e7f69e33c9c552062",,
5847,"7578e1478a129d301887993439c6ff78",,
5848,"426f4bf2d27bcf1fc1dad4174804b014",,
5849,"d2e6dd54673249dcbe31bb29d8b122e8",,
5850,"562f9f93b1a606454e07b0a8217b4aab",,
5851,"fb6fd9bd4a9e3c2cd8f2e2201a6f7211","nordic",
5852,"0fdbe6da8bd94192abae1f143a493b12",,
5853,"412c5483e38f1bd98cf41ddf293cf114",,
5854,"c34f4fe4bcf7bb69e51c9ee8c0d53de3",,
5855,"1afa897d38584b37a6b333c4c9472279",,
5856,"45bb0d783441611b0a2c8c4ba603d389",,
5857,"5e1c9e3d85ae1129dd2edc5acc4028a8",,
5858,"8df1bacd0644c7c6512c79a94899472f",,
5859,"ce1d9cd524e367be06f90fa7cd9d3f33",,
5860,"6f995394bc38aed4499c468ffe06b4c2",,
5861,"9eb1a46656f76c1dd42391cc50886ebc",,
5862,"fd96ad2257821cc5a52ab473f99c3c33",,
5863,"bcd785e61c9e9bed89e7961783566566",,
5864,"c8fb41be97437bc39b03760ba635886c",,
5865,"6dbdd1f0075780f423229024b8f12762",,
5866,"82c34e4c327f7e4027ab78a1f9ea9360",,
5867,"c7bb47c542d01099950d3124bff1807d",,
5868,"40125cfe110cc290b38bbcb0750da51a",,
5869,"4f2fe738705aa2d04348b4ea18a6f802",,
5870,"8c0877dd4d44f1bc10a8f7b60c07fa11",,
5871,"1a2dd154d1ca983f91822cd1f03df60e",,
5872,"f3f4ab6e879ac3d046e0f1e2398adadf",,
5873,"07f4200c73949b2431502e4526b1f311",,
5874,"4055d19275f192bfbe16cce4c033cbee",,
5875,"5206cead61d734872bc739d3b30fee34",,
5876,"3f9f4c086c38c82c6b13da191ec5aab5",,
5877,"e95af68e888f292293ea89e9c7ff52d5",,
5878,"56c816bfadc3f2ffe0dc08ec673e10b9",,
5879,"f81e511e4baaf344d1d23beea9fe6a4e",,
5880,"5de9cc6284052a14b0336e0c96c40359",,
5881,"75c1fc2c1d51af0aea7984e11f216c1b",,
5882,"2f447d3157fed31e64b0651b9966f2c4",,
5883,"a5b8988cb1e2ee7d5484086bdf04590b",,
5884,"bc426a97ebf09840707440a77c8d9d93",,
5885,"d658bb9a3fb6693df9018c7b0413abad",,
5886,"cbb7cdc5097edb1e2ab5be4e09314620",,
5887,"d98689e1b3392e4b27ad8254a534ab4c",,
5888,"fc938cda24ae3f723243509a7f2631ec",,
5889,"cf4be4bdf3ca89c357a5138826d3a731",,
5890,"c498469714645ac7647b5cb6274df686",,
5891,"7fa217e73e09794ed8f28a1283b27228",,
5892,"6c9daa1436bf106b7bcea9745894dc81",,
5893,"b60bd89991416164927c8b8e9e8df914",,
5894,"4892d85ffa4d2950c0f482a93a23da90",,
5895,"5b0bef0d0d9e184f25ebc6feb0e8d7d4",,
5896,"dcf4812342db70a3a2effe994c3734f2",,
5897,"dfa4c4d0082fbd0bac7facd5b3064775",,
5898,"a3d2e7b4b12e07c10b5cb3db893010a0",,
5899,"8a612d12e3a267860fdc48acc7c45653",,
5900,"2ae16745f8b8eccbf0590c0d1a32cd18",,
5901,"f4e09e3505ec9ebee2833981ea6997bd",,
5902,"d253b06c09be6e6095ff34dc3fe632e2",,
5903,"f1314c5b3667fe5cb5cf11811a350845",,
5904,"3d8b95e3276445c0d39d2eedca824794",,
5905,"dc78f76883f5a0df9f13fad30d78442b",,
5906,"c134fcdd3e6eb6d8f40167d45019fd8e",,
5907,"36942890773c7ffea7fb2e5fad065bfc",,
5908,"78fe4478dca9134c028e7507421b3f6a",,
5909,"1eba9d9dd8373199228074b09dae8443",,
5910,"b4b17dd30f14ceab88446c20796767d5",,
5911,"b19f68bb073c7323c89f864a5dd811c3",,
5912,"4203ff463c41c2124c29de99343f7ce3",,
5913,"e9cdbac2dd87c4cea3f8df1672a6cdbe",,
5914,"c074327cd3ca333b353791e9f1f70213",,
5915,"7d8e2ae46d434964846737caf6407ba2",,
5916,"e5761d54dbc86d1919db91d201c781b4",,
5917,"e66bc5a9b4b261af72882b58f8a08e2d",,
5918,"41969cf8f1028dbffd5324efc711761d","nordic",
5919,"4a514efcad3c4e63e1fec232d27300af",,
5920,"54826a257e4fc37b587628369c747b18",,
5921,"751ea456af553d90fbb2a7eb420bb3aa",,
5922,"41d1f40d5061b4b0cf24a688a64221f5",,
5923,"b74f39b8fef231c558dd83e5d967d8b1",,
5924,"42357faa766a59c6681b3f89af5aa02a",,
5925,"c943376ce2a0908591cd078e03177af1",,
5926,"3bc3bbcccb6b06843a5df14f2256c6e2",,
5927,"9144fbf8123f36ef1a1a9b1c9ecafaa2",,
5928,"1ee8237ae15fac2b892d233808a2f1d2",,
5929,"a2a9f70483f9d0dd26cec190d4aa9275",,
5930,"f4cc86afdd29058e6f27221ae79b64a9",,
5931,"24771b4dc30a2a7adef669a17891e831",,
5932,"868497d8e176d7251d25afebab660e18",,
5933,"94023e0b89591f744c645223a515690d",,
5934,"fa427b0ce07d3fc720b56f94763c0897",,
5935,"34d6aa5f2e43e92373b02761689ac499",,
5936,"8a561cc0dcc3596892a2635a7c80079c",,
5937,"1419a8ec5a31ee980bf62889c1bcf50c",,
5938,"1b1ba5dc1358b3a34e939729edffafbf",,
5939,"98ba0f59e91a4610ef7a83ea16160a43",,
5940,"f8ea960b4e64d48dde94f6b25897dbe3",,
5941,"8ea879ab180a9b0e6106546c7be35e64",,
5942,"a474fad9ad6fcce74da10ced5589e8aa",,
5943,"16763203ff73f514651db11165cd8de1",,
5944,"bf49bb1705c4d91efbc547168ac5ff21",,
5945,"3aed09e6385aff0f3809a3949f6c3b64",,
5946,"14325a9d1ef867d300aca33e055f5952",,
5947,"842eb8095eaceacf14e968eee7b265ac",,
5948,"9dd7233decfc758d96215cda1ff75fc7",,
5949,"670b746e2c4b9376e720e1cf1b8f7bb9",,
5950,"75a9196108e2db896b09d9f24aa80d60",,
5951,"eacd6ce7606293bfb4a08f0318dccbff",,
5952,"842a53cc0e31cbcf294f19ffaa83a7bc",,
5953,"b06fdb67af5f7a87757260aabd24ca09",,
5954,"f37113e395f5e49cb332b10eecc5fdd6",,
5955,"818c065a8b340c88551e345ce88328e8",,
5956,"1c40c68181b07246a427102ee1e94aa9",,
5957,"49c86f66eca9155ff0c83c40cc549c8c",,
5958,"1a462c3ed42fbfd8c58c673a47893e83",,
5959,"cdfaed2ccf5cd7b7b1c1245695c7672c",,
5960,"36f1515c12415198478c4f97584f014b",,
5961,"22c9644ca6b6650eb1fbc6554d2ce49e",,
5962,"af00efbff2f718f5edd479d59877ce5d",,
5963,"d1b9713a401b75c763ada918ebec0ac2",,
5964,"01cc8b8424810e4d6651b3669a0bb1f6",,
5965,"59d975a2bfe399373506774a3b46cd4c",,
5966,"f5ad4378fffa42906836b118357ab5a5",,
5967,"f3b1466f535431af1b8398ac999f4b3b",,
5968,"c0f96779460d59c6f02769bf8002bbf3",,
5969,"161503b1f89158de3360134bd4788b74",,
5970,"a40275c569c2e8035b6cc9c11d4a109f",,
5971,"f48d019c357c745fb450f68fa370972a",,
5972,"5df1446c3712ef12fb74277c6de7073e",,
5973,"4680b2afba6f30b27179dd91d0882f09",,
5974,"26f7c1a8f0530f74cb1a01f36ed39eb8",,
5975,"32c1504d3fe9231edbf74ca60edadf4f",,
5976,"254449e2b8bc18ae1da450028cb661c6",,
5977,"9353f4996f279cae1f7b2e842d8bf790",,
5978,"23915e382ea0d2f2491a19146ca3001c",,
5979,"44ea20e1bd78e19a6672606b2203663d",,
5980,"91883f9dc36fcdee3b5c3a663c92fa99",,
5981,"31497f956140764b1dcb99b7449c43a4",,
5982,"7df335b3a3e20bb96d967a60596cb070",,
5983,"e1d277c86566fa0dacbc69e4db0eb1d8",,
5984,"2df96ed9220b1a6b544e85ba20b14e32",,
5985,"5cd68f9b4dbe33006f930ef8393287b0",,
5986,"7a3ee566ade26ecedc0385a247662fc6",,
5987,"259f32fdffa10d09833cb047a1269fe5",,
5988,"c754371f93e28d9be45eabec82938d25",,
5989,"e8d948dcbb34c65dcad4a95c1f9009af",,
5990,"540b3fa4e1f8ef678f772f1c938b7754",,
5991,"e24488875f2c84dce7faebd326d191d9",,
5992,"d7b4fc82be14114704d20e2155ca5c6a",,
5993,"3474037a9a85d17efdd0e20ce7e88cbb",,
5994,"e8b9ca4118e9ab16c2834fc29575791f",,
5995,"8ff1bdc0f54f255bb2a1d6825781506b",,
5996,"6e3bf9689c6197c51df2b662771810b0",,
5997,"4eeb4ec2c7425358815f6b0eabddf106",,
5998,"f83d62b23ea78ce98af36a29b4ffab40",,
5999,"37539862e057cf099b3b3f0fc361cbac",,
6000,"bfe164324c295f92f81fb8d1157a69f1",,
6001,"fefe9bb052d88a4ec451902223d98ea9",,
6002,"4d4769ff5a4637f57ef20f9c5b4d077e",,
6003,"0acde0ba2ea90ba818fb608ae6d99bd2",,
6004,"044771a694ccdc6a3be28248c1c5e1f9",,
6005,"2d81a5c405e7ae482ecdec975dd26f4b",,
6006,"322553a10ad6b2bed4bcee1c5a520e97",,
6007,"3f34c947b196d78aacf16c8c9add2354",,
6008,"a3b936e28503da423cde63751a6614ef",,
6009,"c4cbb59206c879cdcbc57e5fdf8ae0fa",,
6010,"e495ed8872753ef90b55292c0be64619",,
6011,"9d975a89c558a508704d9b396f0620c8",,
6012,"5075452a448c7d3d00d0ba97c284b254",,
6013,"6238ae3cd5937e5a525ef39a4ae1d088",,
6014,"9d4fd2035baabc7ee6828da3c65268a3",,
6015,"24308458a613af39cacc876f1fc41a05",,
6016,"bdb4c54f3b8cd7118a5c294c70a779dc",,
6017,"6f317cd1f7b3b13ad2def78809c89ded",,
6018,"80ed8ec8b2f310edc7e860175bd8ea6f",,
6019,"3c9a40535320ca9e8264fb4fe8190464",,
6020,"91462894923daa294eb227861136f20e",,
6021,"b3aa3f654825c6d4dfcab20721c78524",,
6022,"24914fbe447d2e53880102d5e1b74e60",,
6023,"ce02d274455fc76b47cee491b887b92e",,
6024,"16d856c7ca6a7810abc3cef46dd901dc",,
6025,"d2e28cc92ad99a94430a1887b5df0cd1",,
6026,"9e31585d44d04b6016d67ce53be41052",,
6027,"5154fc0ae86e678984567908df945553",,
6028,"4a3a349d064bea7a21310b7817de276d",,
6029,"2d171802e7707f55ed0ab90b79bd012c",,
6030,"1728b82b012efb309d509e4657f10577",,
6031,"09dce14bccf9df13552c0cbcf30c6794",,
6032,"92d9530f29ff3eadefa1ca5618578921",,
6033,"fe31f203feeda4e719526c93bc875f7f",,
6034,"9cde8b036b474a9ec54378dd352beee3",,
6035,"26f579f2007ab2ec196a215919c60739",,
6036,"534fe5b188b786362d8a2126aa7a4dd0",,
6037,"8e6cd8526dc3151d34ddf53466789627","nordic",
6038,"bd04ac9c0c116a5c7231251b143eb89f",,
6039,"01bb9757b0cc2792ec32185b6457597a",,
6040,"59c70b3fc61f8373a1f6521f2a126d4d",,
6041,"df12fd96e42730f427ab36a79a9e4500",,
6042,"0745d0ce9e9a03905688e984db6e2f8b",,
6043,"6b554fdfae685be3d681961ff2efe491",,
6044,"559022c3ef668b522997b66f28fa3ebb",,
6045,"7e53c98b5e0a9ee28a4a6237ad613829",,
6046,"5fff5034521d9e34792fc93d334e2df5","nordic",
6047,"366be88a5c220c5387ada59263cb5161",,
6048,"8a781030b88be947596ddba5a8677dc1",,
6049,"3712c1a6a5bada7fc7b34bbbb6d65b53",,
6050,"c366e8fc1cb040e11e8402f9d8c94b86",,
6051,"c263945f893ada1a85135486aa0f732a",,
6052,"ae2b72af1aa9c18b96339c4a6029b808",,
6053,"563daf73ebe8f7e059a0fed7981bd555",,
6054,"bd39b97b4684f4716d5932564421d8c1",,
6055,"14397d7c3411dc527a766da8b925947e",,
6056,"4c6dee9190a9630e99c7e2e31bc6d700",,
6057,"b9c3f3c630206e9e0b163e4eec605123",,
6058,"9f26ed20fd7f256fb068679fc62dfe61","nordic",
6059,"14c58ab7280e5675222a29bfaedc6ae3",,
6060,"d066178cd62d6882c86a62c7628d6bcd",,
6061,"b3b4e17cd861beaa6b872028e46ed4f3",,
6062,"b560e3bea7e70533850eaf3f7306e60f",,
6063,"5786a296c187cf6a3727e08c9ffc6954",,
6064,"45ca95a777191525168c36dcf2fa3bba",,
6065,"d8466fa8c63b976c78de3eff22e264d7",,
6066,"7def8854ee71864be93d150799665500",,
6067,"6eae15855a34da7eb20c7e5137696fa8",,
6068,"1a7817fb626561291eec1fd5d74ad325",,
6069,"dfc83872175058c8d4e06624b2529bc3",,
6070,"dae934eeea85225acbd63ce6cfe1c9e4",,
6071,"c1fc28eaf5052f2ee04892ae2f9ce3e0",,
6072,"c0bcca2eba0a917d9e341750f3ee9189",,
6073,"4d2a23093f9d68f0007c90912d6d8dc3",,
6074,"366521053c0306c5281aae3352cd6fbd",,
6075,"719edf1076e6d4a6bddddb7e1e69afe3",,
6076,"0a35a7a8d213e06ab10dea84a05d255a",,
6077,"af5e8d1391da2037d258efc2cdb6c86f",,
6078,"e4ac29b144cfc5ec167164a7ca56ca85",,
6079,"f950804131e38d52b937f437b51a9c55",,
6080,"391b185802f96dedb5f0dd65f62eba38",,
6081,"070c247226d1f3a8247c9413f1fe463d",,
6082,"62ce6ccfd1eacc8e35b3df4bad7b2cda",,
6083,"0d462e2b3e4d7ec75652210afbaf860f",,
6084,"47bbc7af612e59c035a2f0777420b1bd",,
6085,"9d21bf55013f7d866365a06d2b27e0db",,
6086,"725680773db2c7211e3139011799e303",,
6087,"cd99de029aa37d5d106448e1d4e9ed79",,
6088,"b24d841c5bda8cd696a16d0c250255e5",,
6089,"74f7f72d15364b723e58da14f7478a46",,
6090,"875ce5488472018f4a7e94d332df2676",,
6091,"bbeadfab0d431286846e703d5dcbce6e",,
6092,"9df7c6ac00ec4a15537b0a6709b77342",,
6093,"975d8e15e4468d301f70e3825116675f",,
6094,"de296ce3d3badbd71a450cb231b88aa3",,
6095,"10d3746ec95e4172b7bc0942146c9b96",,
6096,"52d8ae13424825ae56b7bf7bb651ccca",,
6097,"bb9f8319777d10c6ac188a9bbbb29e0b",,
6098,"f063d1f2797d52429167cdeaadca2e8e",,
6099,"21262c4a4d2b0c7020df2d15e749b5bf",,
6100,"87011152cf02d2781c6629f224fc0ffe",,
6101,"3a5626c0b59a5e7e15d2286bcfda6e68",,
6102,"d8b16bfaf784827e522c5da34e509eb3",,
6103,"8c2c6eb0503d1a0271004c2ec2e5c473",,
6104,"9d1be758d3ba77a23f7e062eb4bc7d1a",,
6105,"773604697a8d61ca98a5538109fb97e4",,
6106,"892add6425cef3e8aecaed96133fdd89",,
6107,"032c674d4e81ab5eb7381dd5fd2ffecd",,
6108,"15e2103b998dd3e058dbe8d134a7c78e",,
6109,"874a77201d741a1cd17ee01b3e94e3e4",,
6110,"8aaff54591d76790e81b4083f13e8304",,
6111,"53b078cea00cb7eb53ec412142a97604",,
6112,"16da26b84deaf7378e9899b3d6f811e6",,
6113,"676c939621869e3e3271c25b65fa5c7b",,
6114,"399623c1d2a8333dcbf422efd987e426",,
6115,"07584536e384421ea8f41254170f369e",,
6116,"bf0011834f8dee504ed31c8a9d21e974",,
6117,"65e2668a68080213bce66466cd536202","stm32",
6118,"12102549ba99c872a310035fc6ce2283",,
6119,"960413b3b2e5e351a7a268035cc719b5",,
6120,"06a11a539c52fe9871090fb3a962bf77",,
6121,"987104f9981be1e6059caa517c390e55",,
6122,"33adf80ad5f83dfe3c761e3de81aef39",,
6123,"3832441629b804cb8d79943699a82f0f",,
6124,"8710701d64d742e7153508bdd492f376",,
6125,"2b36ce11281ffd324ee834b98d184703",,
6126,"a84c648215fd5086c96b6c9d3c0d5a66",,
6127,"bc8cfd835ff585ef9e67e234e339c7e0",,
6128,"c691fc043e7899a96696cf0c22985959",,
6129,"67570e48b0b9cd6adb86441d8eff8e4d",,
6130,"dd6f0810caebd454cd2ac2a3562e598a",,
6131,"12f79742b00993fa465bb775f81739a2",,
6132,"a3602cabeebf5bddcb7253afa70239d0",,
6133,"a6cc0d05b5d23ec5265332bdd6d5d1ba",,
6134,"cff68bcc2833f96e0875928eebe8e281",,
6135,"31eb3f43def0632b11400daa8f58a61e",,
6136,"c4ef050bffd0528386219316fc663411",,
6137,"07aedbc463ffd789dd2a299a93136628",,
6138,"3f11f514cc372e59fdea5770b88b144b",,
6139,"c9a18f11948dcbfa29e177e7ca2b28e8",,
6140,"432f9b11f31e80e2ebea4da811b86f95",,
6141,"a9838f9cde90d2744eb1fb42c562a586",,
6142,"722bda3ec4911951a918303a4ac4f3fa",,
6143,"1d5212cbf887ab3e9ac9b5d83d8ae533",,
6144,"57d476eb817c7629cdd4c42733ec5d02",,
6145,"4516d3def83c96c15231f85d05129b75",,
6146,"5378c1b3368f56df7d004fcc9f6e51a4",,
6147,"0aa2bd82a0ec44cd5c1114d84e1f5fc6",,
6148,"6d4b205752caf50b97777eaf4b055f28",,
6149,"9df35335788c17272c51c3e644768ae1",,
6150,"fbd74828d52babdf2fe324435bb9a4ee",,
6151,"8cd59aaa8a4029bb5a0fbc2985f50b75",,
6152,"116990d4e9a7bc8e2875c1f21fa96f58",,
6153,"e35b77d8261fea4e63391dd13c25c99c",,
6154,"298dd3c1d1cf699a82160d3b53b5f74a",,
6155,"cf7334fc2167ef1ef9eb855a75b4995f",,
6156,"4ec91422627f8d2167c93dfe83b8216b",,
6157,"e955cf5d902966e520c672e747c375a5",,
6158,"8d47345521e56c69f09c848affdc584a",,
6159,"7b635e37e80d58414b0d89de25eba12f",,
6160,"f82a1932441ee748ef2cc635a7d799a3","nordic",
6161,"3f9d2af72e73d44aec16a496e7fc7fef",,
6162,"54fd1e7bdd67ddf23d0ff601cb5db2a7",,
6163,"80e467f94b4f071b5c130ce50d163bfd",,
6164,"4faea2d1e15ee7b51fb4c914966f887c",,
6165,"826053b868d7719e764d7285e9457ce8",,
6166,"98c87c95005776bcf9e9596d7e88e1ad",,
6167,"49519d6238d11a321b0af34be6c9cd55",,
6168,"f298e5fa407e251786ffe438a39576d4",,
6169,"edf6488e0641602484e96fb380e4a3f3",,
6170,"89624c4e512f03f6c1ca3612c9c3266a",,
6171,"87e7401074775bd6911e77980ac5e4a8",,
6172,"43cc41816851c837356aac6bb915e1a7",,
6173,"f148ddbbc09f0acebc6ac7efc9021ccf",,
6174,"2e69a16fd8f6f08800be8941b6edea6d",,
6175,"3279389ad9c67e1efb1a638b17f44d2a",,
6176,"bf98a11e297076cc3f3fa220d5ddcd48",,
6177,"d566c33ab5e8f9fdb1abc63bec9dedae",,
6178,"7e573a514cfa1f217f432cca23f4d47f",,
6179,"9af3efc442779d1d1529581facc16a2b",,
6180,"9edaee1a72ccecfef647fcad0772570c",,
6181,"d172db249ee6972d45d69d0c46ae5ab3",,
6182,"534dc2a9be6704cc4853c8a5cb596909",,
6183,"a84e6c4d74f36de2522f66a0b0d59872",,
6184,"14ecc9b6d43f2373c577c83095941790",,
6185,"be4c69235f6cabe72b1e858f2aec24eb",,
6186,"2c371b2e1118e056e9d399b64e1f3209",,
6187,"be3d9a6d516e81885ea3d84a8d55b8c6",,
6188,"8587e9fe46395531fe5cc1713111cef7",,
6189,"09cd1af4eb240e2350589a1911118aa9",,
6190,"097080e8798674828d48e3d288e3930b",,
6191,"271690be0ffaff8ea90cf2789a10427a",,
6192,"7942b1b9f0b452e12e5a924be0590cdc",,
6193,"dfd5137c83c7577fd79c4c08bf6be849",,
6194,"08b73ee03d41b9b6f9b41f4fb26ede1d",,
6195,"38acee6c539792330940f4aa4261269a",,
6196,"530b34fa861b85e647c4a851fd62cb5d",,
6197,"cba985254855db51489b865b0c522de1",,
6198,"b9ac1a388ded8db618c838173097f021",,
6199,"008d64c356b13885b765547364d77ed0",,
6200,"1ddb2dffe2a3e7508740c1321234e938",,
6201,"78f3bc7ae63227c8fba53040ed016f81",,
6202,"81e21dd623fcb8eed3026b3fbb1bd15d",,
6203,"ad731767a6db7036d060ac05f2728b08",,
6204,"d39ae5e906871f3eef087485b7cf5b89",,
6205,"4074799d9cea38c734efa1eb2f23118d",,
6206,"f5ea29943cec1f979f2b3fb0ab39161e",,
6207,"c5c04d925a3bdcd6c78472a8496416f2",,
6208,"39626186cb62e2a1fea22424d6e4afa4",,
6209,"225b646f7a6524b1ec9e2e133b415589",,
6210,"1d82201c0c65100356a0e00085043b3c",,
6211,"cf61066e23317264ab0fb343d0ea3757",,
6212,"113e0bb6ca4f83c4393a9b7486579535",,
6213,"9a5a93f47f928deab3c60a31107f416c",,
6214,"b85f3da4c37ce17c16a99088da859d50",,
6215,"55fe1f17994f48323ded39136f1f52a6",,
6216,"544d82f38011fbb365e71fc10afd9d1f",,
6217,"ea033f08e3c7f9d84bbe986df8c47763",,
6218,"3909b28c126ba39833a98b5a474ff87a",,
6219,"9611dcf7c6b4f7445b2feb233e721cfb",,
6220,"4a74cb874cafb36b5527f70fe913a8c8",,
6221,"d6585ba60d2dce1e2eac1e7319a2eb48",,
6222,"0624ebb39790e366a3f03b36c152599a",,
6223,"ad8d65439f0fc94a0994a1c5e33917f5",,
6224,"f654fdd41d5eb77d5ef08cf58ca06d69",,
6225,"9f6beaab5282d925b93178fa53121505",,
6226,"6f1f009083d74b9cd6dda4b623244612",,
6227,"96844ab347125db3d7e02bc521f007e2",,
6228,"d11440a00035f4bd591e6f0a6c8ed501",,
6229,"e0345f386632de2dabf7a73b534a2f15",,
6230,"055722af818659574929ab7d725446fb",,
6231,"dcfd56a81988699baf7de7a200ab9daf","nordic",
6232,"6d2ff1a4a983c52c2a7500f3b42e4132",,
6233,"4d18dc12f3cd67321c8391d8486d7c9c",,
6234,"b4e45fb42926b935ea153e67a8e8c59e",,
6235,"355a664f6d55242dcee70eeb85a618cd",,
6236,"790c326f223665312b9103f26ddf4f94",,
6237,"b1b743d17ac7d7908eee36f3cd645097",,
6238,"5b00335cead570aa9acada6c89a6a8d8",,
6239,"d75de23b290f137a563f2c9b0d781b36",,
6240,"d063351f3c970745c205928fdc6ce429",,
6241,"9aee013febd4fbde6478330f838b0974",,
6242,"7968fcba1cac77420d1c024d26e5da86",,
6243,"0b5883da33235654e4ca452b3eb1323b",,
6244,"7ec7fa4c7706d18d316d7add4d7c3ca3",,
6245,"d32fd5468769d9bf375250eabf0cd03e",,
6246,"0a952cbe68a7f6c5ca081c09aa395ecc",,
6247,"5a44d31110170c68316baead7146ece3",,
6248,"c1770f257043f25323bd901b688ae18b",,
6249,"e45fa103c28e71def7bf48d6dbbc81e1",,
6250,"4d3cbd18a2e45416373903596c5540f2",,
6251,"8cf5eea467152a793ebb629edfceeda6",,
6252,"853b03e1569578ae9e6a444b7d9d5019",,
6253,"b5a92b2d817fbb8c023c707e7145d0e5",,
6254,"f680f5af4924b557d7940d271c12678b",,
6255,"febd95ccf625d1002aa81e6fae8e8262",,
6256,"7bf8bfbdb01ff7989d4918148aa451d8",,
6257,"477833f5cd41539c4b5fdc77d7359712",,
6258,"14cecfd9821936e59019b1e84e861142",,
6259,"f9ce88363d49c13736c2aea47b2d461a",,
6260,"7b01d26c37a5e46f2a9d2db0f92bc472",,
6261,"7c035900703b3accb42b2c21d27448d9",,
6262,"9d3a9ab100d5f9d3061db8ee8ec1ba89",,
6263,"abbd2c0c6eb10458a236c9c3fb09150b",,
6264,"0ee911ed38054ac71f5be512eb10f312",,
6265,"3e00e2be6e1f25a6843870c0b4dc06f4",,
6266,"9414665457fde58c96ddae9c5f9af159",,
6267,"800ab3b48e72a0dacb25dd0c627f4088",,
6268,"3b0728ad56df43da4465b9612c2ed48c",,
6269,"d0dbb8e0fe72981591150fcf4613355c",,
6270,"4ef2fcabe11605646a9d64eb147ec5b1",,
6271,"18490f5f34ef58f59a84255dc8748adf",,
6272,"c38d2ef308c49b6ce22f37e76304c8ea",,
6273,"dcd253e5733c24f0e5db669a6e032223",,
6274,"8f46cb2c79c8da94371e9b59611e6cc7",,
6275,"6264fe55b962ca52ae5c8cd438787664",,
6276,"2318c6df4964aae1dde142c2bd9c7e92",,
6277,"fcb8ffc8b245e324bd657c2be4c6dd96",,
6278,"4e7c2cc8c4d096e6a00bdf993a510ea1",,
6279,"4e1d689701cae51261dd12cb2a8edee8",,
6280,"05fce31fcce34f812255ec3b27408b2e",,
6281,"09838017aaaccd860b55e2d6fdd6d395",,
6282,"eb3199cee995c8eb8c094b78411c83de",,
6283,"4d0e80a2a5940188eb85abf313025a63",,
6284,"f454d62e9224e7d52df3cf9e02b9f68b",,
6285,"0e46c367a626cc403d7a002254e72d4a",,
6286,"8dfd6e2df38c6ad129e81a3003ec7946",,
6287,"350ca49035363480c0bfc0e513b8bd00",,
6288,"0308316ef302d21bac1982ef3996fa5f",,
6289,"5cc2f921780ab4a0ce4f9d6403f0f373",,
6290,"78aa300fef2bbc48b39f42a8920198b3",,
6291,"bb295eb23d99c23b56d4aa6363832daf",,
6292,"328a0f837ffc27a9d9347191b07dff1e",,
6293,"5d9b932a0483c58694dff03d30204e60",,
6294,"53132eb7bd97707b8461aba4c3f78182",,
6295,"39e9a6d49f99749aef3f1119d562e5fc",,
6296,"6aaa005007be4b78f5a8eec9b5a1c780",,
6297,"58948788b729a96ff9367f5d18ff48b4",,
6298,"c4b85246053bfb9a39d622d4f219daf7",,
6299,"5213e352aa533e76c05b9c90a0002338",,
6300,"efa24fcead1a530a97233326cd948269",,
6301,"36d302a8ed21f842985a7476f587b652",,
6302,"8a82d4e20dd9070453748feef9e205f1",,
6303,"e33e34ce64722d925be1259ea3b04783",,
6304,"7fdebd32825e0afd20e7d209ee545241",,
6305,"1d13b757612775af5abafbe45aaffbbf",,
6306,"1a2130a6c63b0ac2e8b956ef9ae0b425",,
6307,"2eb5c5b802df7c2be402b8da347951e8",,
6308,"49923b8ce0eebeb3b98b79f0595ba1fd",,
6309,"039416e3f1cb4c904ee3b78feedeb76c",,
6310,"603f749673a4b397436484bdad644416",,
6311,"cf77b8153b5a9dab007de7c6bf4486ae",,
6312,"7a66b0ec7229b7fe5acdda1abc38d4e9",,
6313,"0314a8e010a0a9f5a6a187e9d07484a4",,
6314,"d742e6b83f6ba291cac0f14d10b73cd5",,
6315,"3c1c970875a33934f883ff76357b7930",,
6316,"a9c28fcc93189d4fc7c7e76ace276119",,
6317,"8ec68ddf1701d05f9030c40a1576ebf5",,
6318,"fc1fc42046610328bb3aabe0e8ff16a0",,
6319,"7e7eeec7e37fb59b6d72f7b96499d114",,
6320,"e785e00fc1494b8debc598bc2351199a",,
6321,"bcb6aac7acb79816a701ab66313b95e8",,
6322,"162ed101df30af90f46c9ccc50842daf",,
6323,"2c060ae4b47bb578c80d3eabfacd7fdc",,
6324,"7567e6d880ec435e8adad5c3a325d448",,
6325,"c02834cc9f196f47af29c2051e4b20d5",,
6326,"316d09db39da697046c64033eb917b6d",,
6327,"8c0de88451f9f5d493e28efed0051428",,
6328,"810123a7c2174b2b094ea435ed8103cd",,
6329,"3d2c150b3626419131bbc9a5864c7f1d",,
6330,"44b4bd78e06c03df3049ef2f4777db90",,
6331,"e29825feade0864259629d34b6ed1818",,
6332,"913504d3c274fa21b7a1ccd3f6df6e48",,
6333,"f07b55379f7a33c9bec47f510314be59",,
6334,"509515064ff0bda470b60a9986a95b79",,
6335,"8e9da1d16714463e1b410b1ec5b90a2a",,
6336,"0c17495c8483aba8467ff7c358848894",,
6337,"ce6d5fe4111d8475e43dfa405d01cbbd",,
6338,"d8975ae29bb307fbf6fb0b3a6a1be20e",,
6339,"693ff3f4669e2c345c3a5446ca249406",,
6340,"43ab96aaf3cd609ded1de24a0865bdb4",,
6341,"b03e5d3af079e564d1e3f10d75080662",,
6342,"48ace9b8fe43bc38b3ba5fb7b9bd9b5e",,
6343,"ce598c948d4cd5274f6a9712f16a4854","nordic",
6344,"4dbb3c105d0ca2b30158ed6c5725965d",,
6345,"49324d851b4f0135db6c55b90923202e",,
6346,"eb9ead484174f1056bc1d6dd889675ca",,
6347,"140ca340873e8e62f76a47a219b26af0",,
6348,"c315f11477a2cc07d900cf82d035bd80",,
6349,"92bc87433af840b25be95a12d1000cb2",,
6350,"6dbb735b9ebea42ab940e18fb7b9018d",,
6351,"b87dfe59410722461063e6c3cf793a1a",,
6352,"d94257143b3fd6e814ae5b35e1fe88bb",,
6353,"e828ba63f6031450576f7e8592897035",,
6354,"54974990ac06563e396970c8572ae68c",,
6355,"28419058bb8db52688ee26bc4dc9bce8",,
6356,"276ccbb07c48f7718c9788aac8c76e19",,
6357,"312db686ad94c2fd20558478e080563b",,
6358,"a9cd5cab2f849d8d4ad71b56fe49fa7f",,
6359,"dde58f78c04ed641177dd0cd758c4429",,
6360,"8516832e47bfc9f9ae70baddd34bc6ac",,
6361,"8ddd105309ac588195c713702f58e140",,
6362,"bd68e630bd31b8d28018d0ffa520af97",,
6363,"3bbeef9bcd30355337a30473987ac841",,
6364,"eec7123693b7729669f117fa5e5ef231",,
6365,"af50fcb964fd58e5780fd56bade259e6",,
6366,"f86055071325fc39020561ae8036cfef",,
6367,"f35432f8b5dbdf297f66607218d97d5d",,
6368,"54c7d50846a6b919f551aa6b837d285c",,
6369,"05ebdb8f2d9d9ec55196904ef061f993",,
6370,"c33834b143b789c2e180778b90d6bc8c",,
6371,"62f96a8d3a15f9403492ed9cce1b7096",,
6372,"973669828574c67fdf4e7c735036ce53",,
6373,"e3241cb182c9c18daebba6fb1461f326",,
6374,"6c6f2b8aa8138c753d7721576959eeee",,
6375,"4541b064eebad7f7c96f96ab4805278b",,
6376,"5e22c4bad189809ebc04b96eb7c5aec2",,
6377,"2b1c26de1f7c70cbfde6538ff6702b47",,
6378,"49524bfe866c50ce385bafe2d0457bd4",,
6379,"5417449293e1db2f8fdc058c92c5f0b7",,
6380,"459ec34ec939dca053680b626a2f96cb",,
6381,"1802a215e32e1984beea30c7ace282aa",,
6382,"6205132701e0e3d21bbfd3517d9b077f",,
6383,"5def0c16ed1e7600e04fe31dd4d85aeb",,
6384,"03d052b2f38d92d58955845479666a74",,
6385,"8b9f52437fa39f8cd24fefde00cf8bbe",,
6386,"efdc8cf9f3c802f0a0a921d6065d12ab",,
6387,"70dcd2e95e1fe35188c54313192c4619",,
6388,"d09c078be31380ffc1f3ad65563f60ad",,
6389,"3855d89787481b03584f9a0876733c09",,
6390,"1b02c5dee41521133c3fdf6b6f1a2228","nordic",
6391,"19ffc104bfd3b1754d514036c9ec9a37",,
6392,"77b3996f6b33126dffc3c9e56fbe218b",,
6393,"2baed91e8ec369a5f12681aebbaca40e",,
6394,"e8399b1b378f51f792127e16809668d0",,
6395,"1d32a789f87719980412f04100e8b956",,
6396,"c259de7cd8f1f77447ab470d3f3208a6",,
6397,"c84be7048cb2b460b98e2d03ea052f87",,
6398,"b228c5cdae5f6175bdf7e25b3f547cbb",,
6399,"0a75c491b65ff85d25a718f3a0f6832b",,
6400,"a2bc5c0c21021735e0f77580df38215b",,
6401,"b2670d8ae5e3369fc71edbb98cdd8f6e",,
6402,"bbb214942fa7e0d77ba45dedfe9bc64c",,
6403,"8043bd37c7cdea26922ad44d56b1e887",,
6404,"44349f6ae93cf9ceffb164f58d4fb124",,
6405,"bd4856b35564d1c49577eef68aefddef",,
6406,"b12a55869a1e706b750df8f59a7eff27",,
6407,"40b333895e34d3502de407d377b66d1f",,
6408,"5492a1abf2dd01035297286ce6380836",,
6409,"33a485c280eb83c4c95c24c8dd0bbc6a",,
6410,"67fd3f018eae751650c4440a424fa547",,
6411,"c06d2456f549e4e3ca878b13a53cbc66",,
6412,"e77e2ad9cd00d85d451ffd64b7f99111",,
6413,"265d4502fa769b3dab9961de703450e0",,
6414,"e8353d96fb9e2f5f4b87c78d0b1c0302",,
6415,"d1f75dbd5c434639e4a4960b1009630c",,
6416,"58c74575fbcb808b0d70576c97c41dea",,
6417,"a639a87beaf76aa516ac5c08853701d9",,
6418,"7efd1f34923dcd183f64c6f3b7df8f46",,
6419,"43bb876e80592d09b864e43682ebbab8",,
6420,"4e2e75b1e4ce06ac2996589eb144a815",,
6421,"fe711d1dddb9976300ec1c48c8e30260",,
6422,"ccb333485a91348d1a29ada8389089be",,
6423,"cb897132f3d9d8342267aaf26dd186a0",,
6424,"6c14e212ebc812825f4aa9467fa1a320",,
6425,"0b8e9832614915b2224fece754311f15",,
6426,"610fb01165b6e9d2a9ca53948fdd1f63","nordic",
6427,"f373331dcdec631800f901777c0d85c4",,
6428,"5bd135eb1159b5310b6d55f38badc1c7",,
6429,"382e8bfcb6b8e2ffc968a7cd96ed0caf",,
6430,"f14ab1fd90d7c5c5c3b723518b4e3678",,
6431,"580931456563c3c4cbeacc09f17a2324",,
6432,"6c2348b354c64326a084e5c4ae0a5951",,
6433,"a21c35692a706425c19a7078890d5900",,
6434,"5cded802c37c23371cee3773aa15e057",,
6435,"6a11a8f1ff5fe33457c982140a87ff7d",,
6436,"117ad3e7f5a23cacb43334671d1cc74c",,
6437,"09d3b1ab3e36b26404bb6980abf231cf",,
6438,"c0904e21e2408cc41c241562622888bc",,
6439,"a675ac5ddae83f37fcd5e522f5cf9791",,
6440,"313d91c0850e841f824966f14c320e0a",,
6441,"986fbe61ad60017f369b46e20a80e777",,
6442,"ab0ed63e5f0014d90f77b671b2cd84d4",,
6443,"841ffb7cb3237fdb294dd74fbe77eeb0",,
6444,"97c721226527cbfd9dcb854f0010afec",,
6445,"5533e2d9bf4589e689cd51f02e3192fb",,
6446,"954a1c3c10b1ce89ac97ae097371988d",,
6447,"143489be121f3379a5f67c68150204d4",,
6448,"dd3ab9fe44432e3c5e47c1f7a21a1ccc",,
6449,"27cfa4d5f68ee9a86314cfe6478ffa4c",,
6450,"fb6ba5442302d4ee84a3f3434ba19969",,
6451,"2a6224966477ff00d096f1778c46163a",,
6452,"992a6f4d5c44ade9dd99fb7bc0cdb05d",,
6453,"6668193bb55d6bc298c5a752f6a110b5",,
6454,"831741e5d4fcdc24ee09e4731aeaa538",,
6455,"f9bfadc6ad2b4f79aceafe1e8cc60c0f",,
6456,"ef864fe7a98ec92d246d485ee96df495",,
6457,"e08508b1076a504ac117b0c8395fb3c4",,
6458,"49dd15d49d3a693f055ab1ba685c76ae",,
6459,"de7a02f8325a61f7e8afbf5d5e033da8",,
6460,"72029f3d15f559d0b5a78d30c72a9f5d",,
6461,"27936b93d210399c5caf2c9500fbde6d",,
6462,"83aa5dea9537e9cae30402b979fb4147",,
6463,"3c3a3fe2bc2e715ea046f2a471fc85b5",,
6464,"ffae08c7f5a2a0832d23278dce579971",,
6465,"3e42fd582c6cd41b5020e40dc6a9a5d7",,
6466,"3d636396f0c770609c3c529b43b5794b",,
6467,"d70a4a393bcb0ba517d2fa53adee72d0",,
6468,"03649b1ab40d36534753fb1f0e0198a8",,
6469,"464286aab66659d8ee2b2ad55c488d01",,
6470,"bb1b1310285aba10bc20074b8b4a8fdc",,
6471,"caa559756bdf2a420489c7333334fb22",,
6472,"efb2cbd38ade2167a05a1b30e22026e0",,
6473,"71200e6e375b569dbccb9f2ffea5df4c",,
6474,"4a99b6cf39f5ce05e486665a8715259c",,
6475,"e8e48baaa7642c98a699408c9b95339e",,
6476,"638bda8ffdda6c808860116dd368a110",,
6477,"6099c5182b3ca11fb8a0c527d0f014b8",,
6478,"a93c27dd1b5c90084c5516d8395e7b13",,
6479,"1136e39091797dfc23fab267de8b048d",,
6480,"9fa1130a453e2a95a0a2de836cd96260",,
6481,"1c7408a0cb39c5135193856eecf708bb",,
6482,"259c410d21b5c16bee29ca19180dcc72",,
6483,"dfdf0379c3dc1562c8dd5f5205121b95",,
6484,"fd195053477a686dce44f340c7858c4a",,
6485,"bd6c33d15822b6005079849b5f4fa4c4",,
6486,"d6c323983f63efb94d332b615d34abb6",,
6487,"3f6df217cddc41ea5a1d92680e4f1c65",,
6488,"de60c888f96f2c5aacc3324299c6bb7b",,
6489,"e628e1adca8b63875efd9f32954a9d5b",,
6490,"7be645cb6a2f8f576d38cb94e8556c2f",,
6491,"2eab44efdd76d08335afd0b8db5ebb5e",,
6492,"5c7652718de2e87be9453e0fc58ec823",,
6493,"0f9c13f052f314503642cbc4770e1ed1",,
6494,"f90503462ebc648806dbf8da2bf4e58f",,
6495,"83674ee3052a7373fe2e62345020ac17",,
6496,"1c88260d8814cfca37330096ca836368",,
6497,"102de7724572230fd5adab9927f89da6",,
6498,"d4ebc6f9f4b688e01873770422664e6a",,
6499,"1682bfadd01c63e96e8088d2a461cfd9",,
6500,"e85274211d03ceb37bbf1294b902815f",,
6501,"ce4eb3add8c866d67d7bd2ce645ad7dd",,
6502,"a4902bffdc74175011ead9e6442c53ca",,
6503,"58919495d695cb7a3edaf8c0ddb3f1d2",,
6504,"4882212e507ccb333e339655c68bd887",,
6505,"85de9bdf7ee21310c0fa69eb256a7bfd",,
6506,"65e54d040916a97f9de733f83c866e82",,
6507,"903529de9cc7b442669d007eb9da9d76",,
6508,"737c875878c9c84b9ed04b7af4181141",,
6509,"9c99d7b57139b1b36f7698f0472e2ae6",,
6510,"646597b3f1074440c90fd6a28417e516",,
6511,"a4ad29bf491f54bff032a5291308fbc3",,
6512,"6debe7ccb9d90c87230c92f9fc17b6a3",,
6513,"a7f735806bfe28dd663578ff7df59a57",,
6514,"c1a5f1155f69e52386011fda40839122",,
6515,"bcc99315d99b2bb402a7a2fd1f9d0e42",,
6516,"1a2300ce18ef2802ad92234191721f70",,
6517,"940db6d9eb3c6c110c221e0587a7b684",,
6518,"c01c11237cc3c771bd27f9f5e6c23c2b","stm32",
6519,"626d1dbca15184a2cc1a5d63e1bba193",,
6520,"cabaaef01c96a9de42e2d3cfb1e51971",,
6521,"f651e467552a3e2e40597f75f8cb6bf0",,
6522,"f882f74e470296b41d1b75e86dc13041",,
6523,"6ddf8ba812d0773f3844fb7e191e824a",,
6524,"d89ecb067a1301b5350965df78789e0e",,
6525,"3e66ab0ebd9bb893dd60cdeef2b086e1",,
6526,"67a6542e71b33eaf8cc06fab9ac3859c",,
6527,"88c08afc64515e1cbafa93e61dedd0a1",,
6528,"0225a3a6fabf2b2047a807adb8b95ecc",,
6529,"7b48f3549998356de1e9c231f249c9a3",,
6530,"9ebd9b47adf0ee1f1bb1464ee7fa974f",,
6531,"0b53ecc0f9275aa32cedd3166fde4631",,
6532,"43a872975ec3df1cf45c95715d186de7",,
6533,"6663694abc7aa9b08090eb91c5c89f1f",,
6534,"2a65a17736a11d8af4d15e41f88ff347",,
6535,"1b621481c38dbadee7fd1fab30767f5f",,
6536,"e302b3cd3d5c975d30e1ecfb5b88e7a5",,
6537,"bea2a6ec519e6c308e8253d906b4eb91",,
6538,"b95816351e8c383fb5d52cbd7be8325a",,
6539,"064d6b8a1a1e4119b8fa923d29762b14",,
6540,"24be41c5a2892c66cbe25fd2a1a58e07",,
6541,"f6e70b32df802b27ba8d90d7632c2b61",,
6542,"9df6086354bf24d0f13a4a31747156e7",,
6543,"b333443dbc0da6d7749cdfe42cb9723a",,
6544,"bc2a0e755b7b39efabdcf2d0c6318879",,
6545,"158bf1326a8312edfc3f033ffc7bc651",,
6546,"6603589ec477841c4bbf7626a3611ee0",,
6547,"5019e3a2f8c98000f28294b274649e11",,
6548,"5d06ce299a0bc865c3f944f294a080e3",,
6549,"e8dfe0e8cc7bbd70aa53750bbbc9c99e",,
6550,"a30954f1055d26d91fe3ae645b39a3da",,
6551,"5ae66983651995f0510693a594c2e978",,
6552,"4da70022b448b335a90994c20509ec85",,
6553,"fd38fe86a4485d34c64f5517b6667cb1",,
6554,"1da5428222621e263019ad321f31f683",,
6555,"9d9c5a87b1af99d42855ce4ad7a0327a",,
6556,"8e2e58a9c08504571298875699e2b34f",,
6557,"66278b7464d896692329dd88112e27ed",,
6558,"da71e43aa632cc9d660d511b2581fa0d",,
6559,"964e174ebb520fc5f94c42832cec2834",,
6560,"db2ea8ad7e0118b71c11727bcc6d96b7",,
6561,"480bd5a1fb6d3453fe2ceaa9cd872702",,
6562,"aa57b664d48a33af99bd4493c6efff60",,
6563,"18ec91d320cf10872de14d2d7b17a51c",,
6564,"058ac47f5915b4f0e1fdf06c1b137967",,
6565,"80e79a895d75d9bea4fb6c6c07b87e9f",,
6566,"004f0b0353a72ccf255bcc63fe4e0a0d",,
6567,"ef0aa33677029bc8e750294fbfbfdadb",,
6568,"db9b2ff68cfdd5657bbc1ff4e2d3741a",,
6569,"1d92bc521d85707792e674ee4b3a7056",,
6570,"e434f642ce5bb4e890c16ae3bee2d432",,
6571,"77ffd13a40a223a96b6c2d951979c742",,
6572,"7ad1c29e61a594b4ef188ac8aab2b568",,
6573,"6c02569f35f758e5bf405113c1730ef7",,
6574,"af635d5cd5e24c716d3653ca88f2ce6d",,
6575,"a182aca069e1bfab9ae3becb512daa4f",,
6576,"b6847e50b485f527c81844c3ba1cd984",,
6577,"a0105a713c7019e0fe990113ea916cbf",,
6578,"56689b5b22dff712a62adbc00b9df1ae",,
6579,"e3968169c3540510ed2102c05d9b435c",,
6580,"943d9b884eebac1d4354fc18004d4ce6",,
6581,"5eca28f374ff1d150c19f23b27ec9822",,
6582,"379dc9ea18889fc9d86a73dab3a3052f",,
6583,"fbc83ac948ea3f8d220aa626a82ae5c0",,
6584,"073bb387eb96f8c01d039778086484ac",,
6585,"f775f4fc23c8393d30a53ea2ec9edf58",,
6586,"a99d8d3e89b8dbddb9eb8e266d06cd60",,
6587,"45b6ad88f28035b7814662c67e9e0144",,
6588,"c0432a61c56bb04be36d1777acc6f348",,
6589,"be55ee28f80b2f535bdb62066008008a",,
6590,"71ccdebe1beadc3c93f411636353e05d",,
6591,"7644fc70ec1db613281da6d52df0c3cb",,
6592,"6dc6d485ee55d27ef776fc3d3727c176",,
6593,"d7455375b893aa3ee87e589ba3b6cd72",,
6594,"b99176be1ebaebbbcbc4f3920186a3f6",,
6595,"bd86ee218cef967cbf6588f13fcd90c2",,
6596,"4a0f6233400cea55d00873a3a6767617",,
6597,"2404f371b86978511d90c0cb2c36661b",,
6598,"861974df8f8a0318fb412704676a152b",,
6599,"67c8a61aea6aa33f44bfc5e36d235d08",,
6600,"f50063c7f02ea99c3263b20939a8bd52",,
6601,"d635f0636c9e574361de7e6c323c1def",,
6602,"0ce99d383bfdc4d4f7cfd191c2490e1f",,
6603,"2acc7a53ea4bbfdfbad7b2827fe58896","nordic",
6604,"87a4410e48acac84e34ffd7a691a4181",,
6605,"d80004fb9714cef0ec3ad14bb594952b",,
6606,"d62b9373a874e796e33cd7d005862f8a",,
6607,"7215af4818fc2c27a870bce115358789",,
6608,"c0d434fe2c46abc751c2181fefad49aa",,
6609,"f838dc9c7918fb51b970b710b0ccf96e",,
6610,"70277c6120b147455c997588b6f915d4",,
6611,"f7679ca56c3db2e76018a0e6b636da5b",,
6612,"f42b81680d26c7ec48f86819c82573a8",,
6613,"aabc576d65e09f96fe3e6b391cb1d302",,
6614,"888554c0459a0b8bdadecd9d48b8203a",,
6615,"745ba289e364e755d33ec46fcc9d6723","nordic",
6616,"98a4d367ff3d61bced7707f4e9d9a2e2",,
6617,"342b26a1d01f96c8f127f5621be34fb0",,
6618,"8d69df1b342033f40f931fab82b2c948",,
6619,"4493dc650731f7842811d3520dc3c9f0",,
6620,"1a74db95ad615d2884994164f70a8abe",,
6621,"fb3c0ee0c077dd5f76d51c07d5a50732",,
6622,"acf8993e1997d5fdf300dd0b27dd2abe",,
6623,"21a00ef9c3c762447a81ca4f1c24ef69",,
6718,"f90d01afa1b4d8f22341daad559171e7",,
6624,"6b954b0317ed19673566f2a13a00e534",,
6625,"8aa9ec384bfa67201146548123a9835e",,
6626,"66db1eea3b1b54f192620ecda01ad2df",,
6627,"35c17f51bc519974653082478a85aa2f",,
6628,"23f2b835f10bc65aebadf23b52e84849",,
6629,"c0bd9d2a0dc64fcbef14e82962ba5806",,
6630,"5c0614ad3d4a154023f80e5ae5e38ae9",,
6631,"8f0d12560299d9342e9c0f8da227372a",,
6632,"1d676adfc06da9b3f35d8349162d7946",,
6633,"7bea872e8360c596c59e85f3a18870e2",,
6634,"6519d39ab351b6b2cd73d331e32c002d",,
6635,"b2022bd65d5e71ee6921a1d58238493a",,
6636,"9ef9a392c488b26b4d3f4d78d193498c",,
6637,"31abc8f66a09d78cb61bc076718c62fe",,
6638,"f198e91fdafe2c5d7c5f0e72cd2fe0c5",,
6639,"0321d57bcaccdb12679551256c4d0d63",,
6640,"f7d8b6c8e51fe628dd51b152e3041814",,
6641,"92c00368c443a82c7a41a55e230f513c",,
6642,"984d27524bdfdf10e76db26844674513",,
6643,"9a97b87a9adbd01b929ad47add60cbba",,
6644,"02626d890fb318ae12f43a2af81b70d7",,
6645,"34d419ae83370f93245e5635836dccc3",,
6646,"b7f13161a5542bc5101aea9defbfdbee",,
6647,"4586747e6b4e11c18f791c1723f57e38",,
6648,"b33f15ef1a86d0a99b3a64b3caf6fc92",,
6649,"b774abe235ab27598935d4dbc7235bad",,
6650,"dd6bf1a527a90fb41b29bfb11932e894",,
6651,"94b14d222391712a9d2c0ac82cd5509d",,
6652,"50b7aabb70123fd7e8f72786936a1e4b",,
6653,"337a73141523dd298089dc498d7092e9",,
6654,"1ebc5c1e104a89db0eff0610260ac61a",,
6655,"6a45fde744a995d84018783d9c31dc40",,
6656,"27f56b06323ff6e25d23e35ac0774660",,
6657,"92e7716b9451a2a56059a1eed5988875",,
6658,"b13d150372a2102653a8fddf58c62f8f",,
6659,"d049ac9aaf143168dd504ee0461859ad",,
6660,"19caca154e92ffbd843c96378175ab10",,
6661,"93a1716756901c719c73d43ccdf0275e","nordic",
6662,"8d8e17635d437bd42ed25fdc39c738c4",,
6663,"9f415ebf2bec26139b622156367ef382",,
6664,"2d4ec78af523ed130b45dc0d47ad1ffa",,
6665,"a8e3ed40fe1c89cfd5eda3ec9ae931f2",,
6666,"9ae93fe48df600269bfd20ff8a63ccf5",,
6667,"ca63b7f91befaf70cd4f28c039d3c6d2",,
6668,"56a00d3dfd440a687e817e1af4c1ed84",,
6669,"387e6139c624fcdf05ff1c6c5709b4c3",,
6670,"62fd08ff5e57919e1b518b9ba6e3fa1d",,
6671,"edaccb2f7a4ced3244e84337574c2276",,
6672,"996fbbb84cb59a208b1f9f0d266787c0",,
6673,"a6f6ac47a1c765aae2c8a346530f06dd",,
6674,"96253ab4abdce2ed8cce89042068f201",,
6675,"220b8c6868d9f39b1f184182dfa3a8fe",,
6676,"354c2f249eb138fa7aa180f1c75f7ac4",,
6677,"48d35b6542cf8906a6202dcc00d778ee",,
6678,"059b819012ffad81309de5ac7bfe492a",,
6679,"3bd5b0fc6dcf4b15194c19c65b8f475b",,
6680,"ea7030a636355129c1caf7b6038a37a4",,
6681,"e94232be9d5145ee15152f7779a64cf7",,
6682,"3c53bf24081b5d7e839a59f22b16c7d9",,
6683,"0dde7ebc4fbe625a077cfca18327d5e6",,
6684,"c4daa21ea26f2642aaa142e22b166dbf",,
6685,"cf1be24284833d30e6c7287d9f02bd76",,
6686,"af686b49a01dc9b5eef5a98cab610834",,
6687,"301495f88c3bcecdbbda389c1e644642",,
6688,"63278b6e144e55c9d7de895e62a36cf7",,
6689,"3b571dd2a21f6a0df072dba853234a2a",,
6690,"5f06f36c3b21c50008a4c7c9ba5a8ec3",,
6691,"5b6d31c4d02e594077d5efb1e63f34d1",,
6692,"5c733a42d770a63330995e0a94d3be20",,
6693,"52163aa70f911f52951f4085a5311d1f",,
6694,"a5337de417ecc57bfe8b9760dd971c7b",,
6695,"eaebef2f557ead88ed03b3793de415cb",,
6696,"639ea92849344ab2d111a326542dd852",,
6697,"305512b5b852cce27e000f5f51f8fa8d",,
6698,"38a8f16fbe1ea7dbb09e4ff1a373b81d",,
6699,"22e6affe43cd21abafb9593722a59e7e",,
6700,"a78336b87964123db682b75471aaf91c",,
6701,"253c84b012ac5d8d76f15a37e777acce",,
6702,"d90569d5c9f6cc400775220e4281701e",,
6703,"5e0598ad3268cf5bb10381df6f4d018b",,
6704,"db11e732211b855090697c6fb19f401c",,
6705,"9a41bbbac744725ed592e382cf11794e",,
6706,"652f2a4b4410367823e18ffb3a11800c",,
6707,"90afcf033837a2a09cbb5e508ca8e514",,
6708,"89ddb71f5aafc1ee240d2d52e53db2f3",,
6709,"53b74d443ff97c98230baece3df07724",,
6710,"a49f67e38b2694b507057a7c4dd2f8a5",,
6711,"3a638756414531bc4f2deea986eb4e2c",,
6712,"61aea45fc0be21a7074a3e49c475ab2c",,
6713,"6baa540fc465ca507cb170518fa010d9",,
6714,"caa19c9cde9efd10b3b44d19204f2717",,
6715,"44d785fb1b9e7da5b59a09e6a03c1e18",,
6716,"f6b0305d469934ed5bc051776b41c34a",,
6717,"28a17275e83bb1d85dad058f0fd0e427",,
6719,"84bcdbe18207479769edfc543ac0d5da",,
6720,"0702acf59b0ac3eee23e93af455ac1e9",,
6721,"75b46347414dcd9d0f6f925d94cc60de",,
6722,"75dba91dcd1fc3c7b181addbb2cc39df",,
6723,"477adfdcecf72aaee72c8f8d6e183fad",,
6724,"4f06bc0262658e7e364dfa2b5bfd7957",,
6725,"43f7d57d40c74c46f322e170b84c2cfe",,
6726,"bdcd8e261fca6108d4170dd3a3c79929",,
6727,"b9917fc3035916feb856f02672cac03f",,
6728,"984f73dffc93c35894e182a8c1b06515",,
6729,"83c9e43d0df3509972c1742da8e32eaf",,
6730,"a161dc497ef9e647cf714f99a7592de1",,
6731,"56d83df287cc73f603da82ff0d6a2c68",,
6732,"f403686302fe3e0f9786f936b38c97d7",,
6733,"bd9c1d47e54cdd87871a0ba8456919f4",,
6734,"6f956bc431ff83c67ccde393ca63523f",,
6735,"4cc41bf2e6b9eac5f584bbc28ad9ab69",,
6736,"d2d0fe1b5641a51ab8d9208a97300e79",,
6737,"0c7dd7a6a75ec5b524d8d40c57ad244b",,
6738,"bf0706f00342fb71e503c5ccc6284c55",,
6739,"7d9ff6962e7bcc10b6eecd811d029dc8",,
6740,"c68642eaa86700c1f90311ada805163a",,
6741,"dfdae5c216ff8915443e33a0063beb6b",,
6742,"fde83519a432aab52204321d52ccc6cc",,
6743,"23f01d2adaa2d4928ff5db9bf22a0096",,
6744,"b1dc808541fcf6cb42b88df7873ff253",,
6745,"93f6486d8d56f61b6cd6caa6b5e462f5",,
6746,"fdca09191960addc9ddda7bc787d37f2",,
6747,"7b11b69a58e7a2bf9f07cd9ad869a2d1",,
6748,"80a18efcab1140e9af1833981a607bd5",,
6749,"6e74a049e69360e4520e0c2d1124f02a",,
6750,"608c7f742fe27176aa01d4ea983f5d37",,
6751,"9fe43f39762b2b200e0284be65634679",,
6752,"04afa0edf299657082b79d1f1508038c",,
6753,"b306749be4a6fb2fb09f4c1b70ef27c3",,
6754,"99e39dc5c04e9bf24863cfbae7b84447",,
6755,"48b9ff689cc769cf5f8a540d004f31ea",,
6756,"778acb0709f91a85d2cb517a9626e4d0",,
6757,"d206edfdb512cb97df833554083bfa81",,
6758,"980287c7451faa14d776b485b77477c5",,
6759,"e950ee2d28552a65f0e44d81c42546ef",,
6760,"0422e4faa3a50ee75be075d97ce1019d",,
6761,"882f725c31ee8a93f82ea6867c0002ab",,
6762,"e5e17b13dd0b2844c3728236aa9ee186",,
6763,"79ba6aa3f7a3a91e253e47ee795a7363",,
6764,"3a978f5ea3d41db2dd97faa5215d2ea3",,
6765,"c82c811ec9e41bb1bb277045459dd632",,
6766,"341ce83204018135d1802264b7fb8a27",,
6767,"3507395e4cda7c9075bb070827cdef3c",,
6768,"7b5368fe74b361e8a901150cfe2615bc","microchip",
6769,"8c4f89dcf2d87589ae822a4fc1c45d3f",,
6770,"4cdca7c5c3ef249231b7f0f0899a9381",,
6771,"5c51e39d0f3024e1c8f234bd3c6b873f",,
6772,"3e86c607ac9cc15cddb90eceebf86059",,
6773,"19f9c8befd3b032140a6506c7e2f9d0f",,
6774,"67b65c2b054b6060a3355eae2f38576c",,
6775,"f206d22c139ee2fc65b4aa4f66b02726",,
6776,"b6c7ed64bc44b1a6e0840adaeac39d79",,
6777,"897be740bed67deaa1943e9c36293165",,
6778,"8628325955ef1b26960327a774e38d5f",,
6779,"4560fb7dfe68ecfb219c3d7db060c043",,
6780,"fea6509141ad3ab3047ee1c9590c41f5",,
6781,"3c1a54d90d5493873503970844dfc177",,
6782,"a4fb11bbd42cb1b1ecad43063933afa1",,
6783,"85405b0ff6932650cdac26e691e249c4",,
6784,"3db3499faaab8c94cd4a6aac5d1621b1",,
6785,"a909da6493869b9fe4d5788fa53968d2",,
6786,"368b13134f7d694e647aa845c47355d9",,
6787,"de40b0d0cb1abc31c0f5635341b9c83c",,
6788,"f1ae17e5fe0c53fb0fb011ac990564b8",,
6789,"a94806c8b7c09b169d879e01804cd5e6",,
6790,"4c8bd6efe49e91b8c32de0951cdc23e0",,
6791,"0fa4306522351a3ab2dc86ac10f924a4",,
6792,"79b1b890db941a807091b20eb11facf5",,
6793,"461e5fdcafa1a08ea5fe75ce80275ff0",,
6794,"5e54fb7894ef54b9e93e6c6106228e03","nordic",
6795,"61a60f29b7007dcd48c57e67c5da0db8",,
6796,"f70092f7d264dd8b7e80d7abb735386d",,
6797,"5e18a14cda39cfe3c91f9e8e3102f694",,
6798,"8da735de98fc1242f8142c1609f74e00",,
6799,"66087ee5845809d544227b3430b1fcb8",,
6800,"ef27423be420f1d3bb82b1f3d7b49c9e",,
6801,"83ae836ec0260fb73e464b79a8ddf248",,
6802,"41782b04c80ab2347fdf76e7d95e467c",,
6803,"abbb972325584882a240791881e09c09",,
6804,"20857a8f3c3137de35d177111fe2656d",,
6805,"189dc3a5789001d67723dc86aa512b1f",,
6806,"52b6bbe26deb24a2bf6dcbdca1a3734f",,
6807,"bc53c51002b6ccd1d0764ea95ee9f420",,
6808,"a40f08f5766eb3c40585d9ff0618670c",,
6809,"3f9f92f3a00823d412493a01b0531359",,
6810,"bde68e6fe543dd6e33bbc8906887e588",,
6811,"2b76b5928c1f0bc647b49afcbe2604fd",,
6812,"a4ba92da753fda2a7bcae21bd6cb7099",,
6813,"e3ba676002578242855876633ce3720f",,
6814,"3976fe73acd92427b345b45907735d18",,
6815,"bafc88e93b17fb75646ed125b7a737b1",,
6816,"97dc96f63f0f107c065397c133b03311",,
6817,"4149e452ec093cf815bed261bf3457eb",,
6818,"96dfe0d02b030ffb141c430c7650c25c",,
6819,"ab6826c72448fbf1f7f864952c941502",,
6820,"69e72dea2cf023116b59e2f3fd5e6e6e",,
6821,"81dcb16422f09a2e8d7bcb2120103315",,
6822,"21c8ceb79a234daf63b660e139644f66",,
6823,"5a9985500d7be68f820ca0c3855040b4",,
6824,"24b7903d36192cc05522d2727dca633b","nordic",
6825,"908d9eb42cd0e13bc01ac6d92bb31d0f",,
6826,"3c2ae27fb054f08afddac8ffd2d0e25d",,
6827,"d69476a01b0fc98b8c328c75359fc9b7",,
6828,"37ea24cd3fba5056603a2c6eb4e34ec8",,
6829,"ef9d589b2c8cdb44834340b55bb3000a",,
6830,"8719c71d3a207ebb39bf7797b9c87029",,
6831,"18fd8799bbe8cd210f87778bc0745e69",,
6832,"fd46b2645823c0bfd96a7cfc2e3d6f3e",,
6833,"d377f9db1c3095e394df4b3c375c3585",,
6834,"0ccdbd6f9956f408ceb4bee5abb6f836",,
6835,"7a6b99a9a832153017b02841a77c1f1c",,
6836,"257522e80bb45e6d8996afd28aad2737",,
6837,"68e33ee9ca271d981f7e73d318697939",,
6838,"4dcd9bfca4556eb931aae8458c0cb827",,
6839,"aabb7721e8b54be971cbb9d1f9181573",,
6840,"b8a1cf9b17289e6cf93489fa16a41d24",,
6841,"0f71046fded79a1e19dda8ca4d937901",,
6842,"2e854f485faa7fcc78cf8ae792731873",,
6843,"0b920f96fb34e14dc0a07ea1d9f5943c",,
6844,"61cc7bc43772039a714bd9b7f4cdd283",,
6845,"64d0ca52d074afc1740fc7238dc4a798",,
6846,"ac3de3e72b58e5ee2fb726702983def7",,
6847,"fc2bcb408fb3b0959af536e2ea254092",,
6848,"3e2810a8538beb39034bcafbfbfd634b",,
6849,"772916e79d245cebe6a135160f03fc71",,
6850,"014092a5691654675ece285572d637b9",,
6851,"4a58b9363a2da76b82ad2fb2e8b9f3c6",,
6852,"827f8ae5ca602051e3bf98671a47b85b",,
6853,"e02669aa033f2da96e9334029a574095",,
6854,"87457465fa0d01eece65350f5330f86d",,
6855,"d189ba585eaf6cd6f71e4e55b092553a",,
6856,"31da095f02b0acb6e97a1ab7bac88b53",,
6857,"183735842db7af5cf781f63a25925fb3",,
6858,"62e2a09926d7bdbd440b2f9299cabd45",,
6859,"5d6645aa16d7bead1037c906affead1d",,
6860,"c40393295c25d8d0b0b532f81b58a026",,
6861,"7c565644e261ab6ecf8af7db23d202b2",,
6862,"b8c65ba3b0b7f49fdb800ef6c67edb86",,
6863,"f9db9217f446d363799762a439846fb0",,
6864,"be7b047a07a1af60b09ee9012cd07d0f",,
6865,"02561c6d9d5757eaa4fc429c4311ff02",,
6866,"a7857557eb2964337d5c4dfeb921557d",,
6867,"f1e1a0688506d3918fa637fc79490e39",,
6868,"29e1dd2a5e6b324efce2ac8097ef7d07",,
6869,"75003ebe428b3399b27936206993e71a",,
6870,"98507a3d7c7f8e684653a281b9f633eb",,
6871,"add8833bc9c6a59d49ae63ca05ce7631",,
6872,"e6cfd363c0be79b363e1efd5d6a30c5f",,
6873,"9ac6e089623ed0472473d8203349856b",,
6874,"9d0ba29118e8846d42346b707dc761e3",,
6875,"a8e38d17776e6a032446d971d9a96445",,
6876,"ed768bb3a006b3d9d0efbff8f8571e0d",,
6877,"418bcb45fae7dede3990f525068bb13c",,
6878,"e3d933e883c89e5ccb2a3da253f3c9d3",,
6879,"2a65a931f920bd19b71ecbda5276869f",,
6880,"dab1a9599ba22bcb1891c44f5b52fa0b",,
6881,"cf14a050bcee076f283b99adfaa2f489",,
6882,"362976cb82ada2fd5d403cd75c650855",,
6883,"365de79e352cb07735b49cdccd6ed5cb",,
6884,"f7aa38010bcea87bfced178118acb7dc",,
6885,"758688731b07998e56ddc3ecfff53230",,
6886,"352eb65eea6321680df359fb0f90fc1a",,
6887,"4398284e4e158a72dd2016120d515ebe",,
6888,"3eed811044839a53709b14b4a03ac62d",,
6889,"30cca87f1a028880535a1d0519877e4a",,
6890,"5983140bd0b44c611f0d57acd82ac36f",,
6891,"63a591e443cf5930a31d2d5771644eb3",,
6892,"d2a3780322de14eed98407c5c7f10985",,
6893,"04f30222c310eed84646ad1f97eb8cb2",,
6894,"49bc591e8731b0c99334e1cda04d77e6",,
6895,"7b5f8a49475055dfca05ed5c2823782d",,
6896,"0ec5eca98ad9db2f7a2b6c63e6f20d19",,
6897,"6099ef7c305809387da211ef5880755e",,
6898,"78187557902d12571d98e31bb0b92e6d",,
6899,"3e0de9582dd68475c8c54bdbe0e7d5c4",,
6900,"4d6eec4a89a3a15cd1f22618f3e8a0b7",,
6901,"9debd64d21c98f19b76bf950138f70e0",,
6902,"8852fe8b878cafa8cb72f1dee666c73d",,
6903,"e3e7c15406d9972db7c3d805dfa9c6f1",,
6904,"9ea56791d493c9cf0f6046ef9f732a83",,
6905,"4bb3659490c0ca922bff00f654ba6e8c",,
6906,"f6f11cc9d56181df39ae506689be1444",,
6907,"490722f33452ce756f31f3569e750050",,
6908,"ce0f187233b11fff4a2720986fadc07f",,
6909,"df817ad563e622693cfa228df1f70d14",,
6910,"dd936dc9cbb694c3628bbbf24cab6acb",,
6911,"769d259b0220ec4618ec48f4ce5baa97",,
6912,"a740274d2c453e9b082d233b3d239170",,
6913,"af54edaf6915b586f6d65f9d1a616df2",,
6914,"cfa15c1d60a3c122c3e451cc85084cbf",,
6915,"961ec663191695e986ba2d01cd455078",,
6916,"3d20e971b7dfefcab6776f4bfcef2ef7",,
6917,"8b3dbc9d67564d1565bc16e7b9a0fda5",,
6918,"5768757aafc63f44dcc0e4399c493ce2",,
6919,"1bfa154a75ea76bf7035276f0e910842",,
6920,"6773a8fed8c0031451ae648c45bc6474",,
6921,"0982006bae20acd1cb5f0aee6c03c4d7",,
6922,"aa832bbe1ac0f4074f944a25db8dbd8e",,
6923,"0164a28af439bdb83aafd56cfff3d7de",,
6924,"efaf911fc0db38ea5b49565602a9480c",,
6925,"b61ad32e7bf61311cd578728594a079a",,
6926,"a09a48d287855f2269b4cccc5621e2b5",,
6927,"a10b4e1d9ad803f66ebb5e83fd3b40b4",,
6928,"006dcc5a5e326183a9aeb1ea331a6df0",,
6929,"031a062c022c0970c5460b6b15204cd3",,
6930,"6cd6fff9ae048bc4369ed60b2d240326",,
6931,"5adae1fcaca9b99820ed23c793518afc","nordic",
6932,"d92bc3d147110135a2062c7a54c0f6c3",,
6933,"fdc7dc900f38ec2e61f0034b02fb2f97",,
6934,"69430643dc8b17f068d7a5937a20dc15",,
6935,"1843b2bb1970e45464530492fd42f6f2",,
6936,"32e50a273fe648a0dc52c82428d61ce6",,
6937,"2994b1dc7f3ee0dfb7a90a75b4675b4a",,
6938,"32262bebeb7ae54e4023e6db8ac4ac46",,
6939,"580fce213af7a6a98b3122c6bee22a18",,
6940,"6c5b1b50c4fb635155fa4e0547c8d46e",,
6941,"396bebd62dd47abd9132f199ccdb7069",,
6942,"8cd6c23464f87937727386e1b08f1406",,
6943,"b94111b8d558251376caf74b994a67cd",,
6944,"ec185b8ff5637c1646f9778ec47d7dcc",,
6945,"8a3d1fe16de1c7ed2d304058cff15e85",,
6946,"5d908bf6c9311743eaf49ee8c07e8f38",,
6947,"9a5eca83c0be8d4e3b46a2b48c50ba13",,
6948,"41e11a52c4b14deee6759c07c7360c67",,
6949,"a90a0220ab3839e5f0058ae8970cb0aa",,
6950,"b25fa87f82d6e8dd4afa43230b6b6e4e",,
6951,"5eccd42f604bcbaec31119a13b4f46f1",,
6952,"36ff8dc77b62303b7f9beef6a34e19ba",,
6953,"848a6c1d7d07385864b387bd52c9557f",,
6954,"4503720b5ad001c73546f240c2b0b272",,
6955,"f970ddeb10ddca9801afecb62811ce9b",,
6957,"99ecf0dc1a39433d7d143cfc3bcc2f50",,
6956,"eee89c7a408b09282eb52a6b2f3b32c6",,
9718,"8c97a1fb04a8c2c0ca0a8ed0814f38ae",,
9720,"d63659d7dcd107ae398083027af4ce17",,
9722,"14161e36087b8ed929ff44238d0e8bc7",,
9725,"e2409f8deccaa9fefcff857efb2acc30",,
9727,"2b6001d4da73d6d3b748aa8ae84b56e7",,
9729,"4a9eb3eefb6cb3744cf3bab43b4381a2",,
9730,"49ae73b523e91acb4e1e420f9529be15",,
9731,"02d4e5334d80f99629c0e9dd7a6051e4",,
9732,"ed2262c8da43cbe3734f903138d3609d",,
9733,"69bffe6819a4b91ab7c362ad04ccb4c4",,
9734,"c2efa1d5543f39210fe378cdcddf22f4",,
9735,"e54406f304222136642130ce027214d9",,
9736,"a0a37c48f9ff1785e24e79064880c7ee",,
9737,"b6e1987b1702df72d04d26adc1d2b822",,
9738,"d0ba4828b226afb07a57f3a5216e7319",,
9739,"9ea0ec4a02c2bb621f8da4eb4e5886e2",,
9740,"5a11c6b1635961a92b9dba6549e96e91",,
9741,"66307bd4855fa37f0bc064956b6cb42c",,
9742,"703c49235422f9cdb7853d03848552d5",,
9743,"ce2303fbaa862da05bea4221a1e5a12d",,
9744,"ed11ba3ca6833b65d12a67a505926ba0",,
9745,"626eecde3e5f4eb3a954b9195ae45583",,
9746,"f038f33fc280e642611317a3ac9cc072","stm32",
9747,"cb924d5cd46f604163ee0b3cef5e85d0",,
9748,"7d576682e7a878507213362f0e8e7e74",,
9749,"696e83ef3aab4f231d1ca51b9c35bc53",,
9750,"38ceee85f194122138277449ad656a62",,
9751,"4da77ff6787816cf94ddc27af0748d79",,
9752,"7a801b2a9a47896451e7a8c205fafe30",,
9753,"8f391b7047d16a25394376254db18841",,
9754,"7d2a311575c2ae5c27a4455fb01fd53a",,
9755,"9c251cbe45f65fa18819cd67a3f61548",,
9756,"a1b68eebc4dafcf98d93d9ce938322aa",,
9757,"18c1872adaeb3b6f2a770832237466a1",,
9758,"2e66aaa5a05f01561fca3da58f6f45a1",,
9759,"f2ac5cd8d38ab8f7de0d03e80f88ab99",,
9760,"4fec5b09826b50221f305beb48d2616f",,
9761,"304ae91a8f7e54f385ffc869db826194",,
9762,"35bc0e89d7575512418811f0a4af5431",,
9763,"7f4e3acf7cd36e422f5aad4f64f0c2d2",,
9764,"3cd072e448fc9b0c5a8e20b6d2da460b",,
9765,"475c7edfc31b923535f13bb743962dfc",,
9766,"33cacbc05bc013f292a8d5545e105638","nordic",
9767,"547e7c78173415434fa501a503bf5cee",,
9768,"09337208e2bfbe56afa42699091c9d71",,
9769,"7ada9db73d448cbdbf26396d21a4b104",,
6958,"66913c710056c12e1e4edf92462d29f3",,
6959,"8dd1b7eae2caa47a432d19f22a160838",,
6960,"a735f1d5eec4afaf16cb35da9167d5b6",,
6961,"85b24bb28bbac4b272a99658838998ec",,
6962,"eb1d8691cfae0fd1d9cc7dfbb00109d0",,
6963,"85be78a1b01a5d8883a0ab93d0b5ee90",,
6964,"6af53e5e997c4c84825e718ba121c5f8",,
6965,"9a6f0a39e5b13acf604a5b8f268a4b51",,
6966,"84d822e1ffde8f16358bec9cc9159933",,
6967,"b5b9017a25e434fd64b8c0fb2f8f6e4b",,
6968,"a3a237d39f4983a6b7bc9f7ba784413b",,
6969,"4a006aa33bbf89ba2330f3f20381375f",,
6970,"070838f81b23a1d8a6ded83cc3690d45",,
6971,"5a7aefea3491cfae23e44529a3549ed7",,
6972,"8e9ca05feedd461f84f27890327b92c4",,
6973,"75bbb860a05b9f1e5a76bcf722c93956",,
6974,"a3804ac6d0fed0c842e75017672c153c",,
6975,"15837b48645ad63463c94e9d66830332",,
6976,"7d5b7ba4d33ea13f51d1df3733f5e0fb",,
6977,"98db6f9f8b19010aa2938bd7267f3dd0",,
6978,"b1040f748c279ca0b75f9523e5185589",,
6979,"3a1604faafde627aca01ce2c29638a6a",,
6980,"a9856278ca86354a0ccb17fc320bef70",,
6981,"31a5a8a7163903ca4bcc6a7b83cf65cd",,
6982,"fe38db23c8e880dbea5f5ceff16c6387",,
6983,"fa5d086d3889255a2677304489ae0256",,
6984,"7e76e1597cceeeca5300678cbee3da3b",,
6985,"7a052052443d117cbf6005863ca0db96",,
6986,"17eb42a34811c5cb69e21c5a022d92e9",,
6987,"f7a63a9b8b89ce44b9dbf3a9335eb208",,
6988,"201a79d7b8011cb87059b1f197da5921",,
6989,"22cda6270cbc858fc9be2c9f5cf95b77",,
6990,"7bfd92b8f13fcc056ff1763139d06af3",,
6991,"aec03b8e17360ff340d9bd0d94a10d30",,
6992,"9971e25ce13f1e62f416d211a8f87d63",,
6993,"b9ed60b2a0c4c0b9e4e77aec155a53e7",,
6994,"da79a469d345409b7f6cf408274213aa",,
6995,"8e987a846142d802e4e6c13a6a09f874",,
6996,"2ee7b65cc6c9c6af7212915918c93e54",,
6997,"623e9bc92007c98c864311509410782b",,
6998,"dd4bb5fad12983dad227d58cb9dd8157",,
6999,"d886c1b05ecd5a81fd27ee26e2b38b9d",,
7000,"e99d1b9f88e621a457ea94b91754c45b",,
7001,"6ba392849679b196854c2c5c5fae242c",,
7002,"dca495c20d54454c6df55ba9c068b11d",,
7003,"350a26afafe1edfa5a9e86826ba7b785",,
7004,"3ba638f368b1914b3de7ef6f54d4232f",,
7005,"10ef40174048fad20599d3024f65aaf6",,
7006,"36e9bba102d07929791b423fe1f733f0",,
7007,"6181d106cc66e999d4aa184f0c8345fc",,
7008,"9f47e211b8dd4b6b975c16e3567792e7",,
7009,"ccd180b18eed19ca057295777070fd48",,
7010,"6e536128b013ebc64b268179dab50e26",,
7011,"3a050c8aca076589b10c7ec825c6df6b",,
7012,"791d49ae403f3e82f4bdd560f3d85838","nordic",
7013,"0a921c98560006fb4495a93155ec157e",,
7014,"25d5be0ee03a84f757ba5af718cddd36",,
7015,"6e26c1fdab7fa292763c991b329ffcc9",,
7016,"59ff0141df11e4388a1afa69670457cb",,
7017,"b9f0b916151e26f85fbba096fa1f9520",,
7018,"30762c4c309885898ed0cf41a820cf25",,
7019,"5ff86dd6a17f86ab42060a64a4e678c4",,
7020,"a7e9c9bc03afd7fa8f6ea015cb953d39",,
7021,"37eaa2472278f3fa618e72e7eff8a61a",,
7022,"1141c88d07b472829509b7423b20363a",,
7023,"4aa24b53a5e5a4c65322d2aa294c1274",,
7024,"83a1633314dfd49ef013c8aa3d64bd67",,
7025,"d219713641d7d153073ad8b662dddb83",,
7026,"b69e72c61f65f60c5fda5b8d7159a566",,
7027,"eb276d1426425e6b93152ba967e987ae",,
7028,"486afc9b3a93571783f65fbc62e02047",,
7029,"a5a435e71481f8afd77880ff76eeb46e",,
7030,"c01fff026d07b55f6a0e8e3783d5da12",,
7031,"e29db5b6590418ba556b279fd5c2b19e",,
7032,"995c156fbdb705ac34b8c0dbb5db72e3",,
7033,"ea47a3afe7f142261963d8864701f28f",,
7034,"177ed7489f1cee1761770703a440961b",,
7035,"cf3eeaa47dd1507077cd8b4c1764f43c",,
7036,"20e7548a2f99541bfe8ae6e9ea31a839",,
7037,"8b27e1d16d4a3f50f75f9553d07f4bf1",,
7038,"07911ffb0913fd8aecd157f6e26d71b6",,
7039,"26639f568b7f921e0284322ceb0546ed",,
7040,"c754ac0d840efae03b9ad4596b6c951a",,
7041,"c1044291190a12bfa0dcdea341dbe2e4",,
7042,"78e3bc8523a1fca2a63235cede10bb14",,
7043,"a5d62df90a863cb70db2cfe16d111cff",,
7044,"0a9a2d29798341157e8f096facd9dff3",,
7045,"84f9610dbac85ae325902dfa5aae266c",,
7046,"3f890ca949ba387db2afe75e1f3a11d0",,
7047,"6c7092d3863421da066ac381f662f1de",,
7048,"f91531c5daaa7074727fcee36a247237",,
7049,"a4d134ed7f43923af6eb9acd8935d14e",,
7050,"ef48f5c112e70d4385eea4ed0593f3cd",,
7051,"c5ade6536ac4a31807518790a31b654f",,
7052,"f90d74c1c0a6d0a2458d9dc86ec3c8e1",,
7053,"7e2fc69847bd7be112f9406ae7d154ae",,
7054,"df02ed5ee7282bc6d6e705b52a4c60fe",,
7055,"58f1d940fee1111a476891e7cb96465d",,
7056,"1e3bd8172706e633b4250cd9a31f60f5",,
7057,"f559e9805af4e15ce6b82818a6be6819",,
7058,"353e247b2c4ea8c16c49cb31b574edc1",,
7059,"fbb0e83550d4f8aab0204fd66bab5192",,
7060,"58daa479b954425e0a0d42d98f1a2e51",,
7061,"9752aa607d8f23313927de1b9df471aa",,
7062,"83746de5d787e5df80350f1a23c75b3b",,
7063,"6c4b76d7c7665026c3da6bda7fa2da0d",,
7064,"7de593b4470aae73e8f72d030979df6e",,
7065,"7dc6e33f90836d54cdb1b1dd5801a7b7",,
7066,"33a44c70bb730e68c10d29daa321d5b5",,
7067,"f0ea00c41c164b9054377e49380a112c",,
7068,"37d1e55fdc041fa45ceeb49585689669",,
7069,"c70d71415d8df0adc2e8ff0dbe984fe7",,
7070,"03107622933aff3f4f383e8ba057d639",,
7071,"426be28a6d691b885d4589c748f75cfc",,
7072,"1c60db39c781ec58e0c6b457bc5412d9",,
7073,"f60e1ca707fdd2590d44fa54b732d487",,
7074,"e6f131a7842199cad0cb9dd527bac5a2",,
7075,"997cc49a47a85591f3ac13d8c055fbb9",,
7076,"856b7eabf99274e2663af42cf1bbdaf5",,
7077,"9ffae4378385517fb1f434b896f322c0",,
7078,"1b2f6f05ce3ceda8ded357ddf8185981",,
7079,"9dea2beb568c0c04f138eb21528d6ffd",,
7080,"92bbe966f67d6998cc96f150e3db2df5",,
7081,"5c08f36220a9e77a78aa013725bfbdd0",,
7082,"29b362b0b8e2877639eae42974fdf13a",,
7083,"bedfab4e074a7a2b585c1c6cb1e2631f",,
7084,"3d25e3617ae42c6747edb87ef0793783",,
7085,"bd0e7b653e589a8849864fb052adc697",,
7086,"7e8d94b07f961f274f0e0ff8b1f1f191",,
7087,"c7be00e13c06009f029e420f1380ab21",,
7088,"a0015cea5c9b129e27430f5f3a6392d5",,
7089,"d907fac60b48d37033442cb6503ab533",,
7090,"6265fadb83995d33fa76a762492253aa",,
7091,"2da791073828f93cf7ab8ec9494073e6",,
7092,"49eab9d3dd3f3af720a3e9893b3af0d0",,
7093,"7c805fbacc591a729e685bc756c218dc",,
7094,"2d999dba8553f0fc798df8c516e0e61c",,
7095,"fce7260124ec31445c3633fef775afd1",,
7096,"6ddb17c98dc65d902bd76dce25dc2d6d",,
7097,"63c1f793fbb7ba25f82b4f464bdaacb5",,
7098,"335a6de5a2f8408e3fd595f6c457a958",,
7099,"287eb5551995922877801583a2b7c7fe",,
7100,"9492b8eff1085600f95de6b600136f88",,
7101,"fcca36959c5f56f9f0fb7015083dc806",,
7102,"30fd98946ec8558cc72bcd808bd28620",,
7103,"c7712263b711943566b6f0701197c859",,
7104,"d23d81c7ce76328c9161d588e8538fb5",,
7105,"aae020b1c6e89eb9e1ac8fc14bef23cb",,
7106,"998b8165e0bda1de4884c54fbecc4d87",,
7107,"1f752911175753570ef4085762d61bc7",,
7108,"ec5966fa4785a266335e57ad447e88d1",,
7109,"44128d2ab299b125d28d7a39868181ce",,
7110,"996fa1ffedaf78bc7c9c4689f16100a6",,
7111,"f957aa45810ad0133ba803f1fc2a82fa",,
7112,"2d87e2888ec26ca29e77a2e8aec04332",,
7113,"c922243a0c37b65b4e82bf7e071cf833",,
7114,"68c9c5475c135a55e0e6210a6a465c45",,
7115,"95c37262d7b833e0f5b1ee169d8f953d",,
7116,"1c86291bb153657f1a648898aba5a6fd",,
7117,"9a0088920d40fc59ea0c195af57258b4",,
7118,"e47d9ef4d71f1d83124c64b725ae87c5",,
7119,"dbe5e79e2f49f89b24602faa724dcd64",,
7120,"c42218ca63c03fc3e25aab3d519e8df8",,
7121,"d4caee6ee3d0403662990ea1edc10314",,
7122,"7eb5e51d98e12183732129577296590d",,
7123,"db0930349f564ac842838572e986c22d",,
7124,"d6a982d0f5f661c5a3eab453193066cf",,
7125,"59a1fdd8cfa44143678e097407db2e51",,
7126,"d29e19d6825326fab54f61e47ffcc81b",,
7127,"18d341d009a40f014e94e393f1cc8bf5",,
7128,"91cdd21b26bac7b5797dec00227a3afe",,
7129,"74a497c0e8faeed680a1e5f01c8bc064",,
7130,"76750e97a6ad3548091240fae276945f",,
7131,"cf25969e8042d6e585a7ecaeb4b17006",,
7132,"64e2db55ec759ff4d9739547d127bf42",,
7133,"ffda0403776d23323e0f594d920c4da1",,
7134,"2c0f66f82a48b5a0e937f3e369febafc",,
7135,"3f63314f896c4aef67b243477eb4038d",,
7136,"e1b87c0310ef7f75a980ed92dccb1c1a",,
7137,"93bdb654cf6117b8abaf58f37c6ea011",,
7138,"9e08b30d5add36b960e5f80e4ff31c52",,
7139,"67d4aad0db155a701610b156473a75fd",,
7140,"b42f65cf2825cb345cd288c8629e7aaf",,
7141,"7d330b3e4338dbb80418c2288c1e2e9a",,
7142,"fd92998ef753789b808e241a9f7aea51",,
7143,"e48c1d03151277be3e0a0291c2ae729b",,
7144,"f501e0fb6eb2b39808ae89a4e8e6f822",,
7145,"f4130c6baca718c9977affda380dc4ce",,
7146,"454a1f91bd76ab0a860a054e2bb309fa",,
7147,"92aeb34033b54b091597b2f805df7931",,
7148,"fc19bc15bc3d6a1bc5dc9b6229a7c861",,
7149,"2007880ea1b007b3e4fc7393a0cc02f6",,
7150,"0f413c02c16fb94f3c35bae5b8156df0",,
7151,"669234d5ced9e71c5fb3003b8f9b4d37",,
7152,"12fe1ab4c4d2d25c621dad49c97500c4",,
7153,"b8ae698a6c39c9afd281da69222ced9b",,
7154,"1cbd4449b3b339328e32942210255f4d",,
7155,"3023aab56cf75c8948949d25f865790b",,
7156,"51bcf5a4dd806df7d04732d294f950b9",,
7157,"22aeb47d160dae9b061a083288c2796c","nordic",
7158,"8edd15e40e143d10123c0b13f7c5c10f",,
7159,"dbea99eca24506bd9ecc1be565027582",,
7160,"b419a0079d5944eda86977eeaeb7ec3d",,
7161,"92e0655c0b78008b7ac69302c339b31e",,
7162,"9fc2070efe1195a34178337f23466408",,
7163,"e4d65652cb8e96efc5cadd7afe2d29bf",,
7164,"df89ceefbc2871aa2c9444922c2e392e",,
7165,"1ae700c5368f49531cbc4cd52144955d",,
7166,"32b43b56259c774542e98281e3b10762",,
7167,"d694ff38b8e5d797116f2cde3bbedce1",,
7168,"17f7edf393f527b54f0712412840f900",,
7169,"e1ee8a5a4512c35e5cdbd64aebfddcb7",,
7170,"c959ed845d170934b3ca2ab2a60ff53c",,
7171,"c7d0d1ed984992fa1cf2218fb1f86b68",,
7172,"9256bcc5034f91e367e14898879660de","nordic",
7173,"24831ee8ce783311ee8db42f471a9922",,
7174,"dc1e53e3c7b77adf107eb0b4eb95c78e",,
7175,"d45bf2173d4e649624da5858786c690c",,
7176,"92fe70fdac5ae8ac4b800e05e0c10210",,
7177,"ab0d80c2ab8b6f3526d52589bf9e4d98",,
7178,"4b6ff7d46949d8a8d1805a5950d97192",,
7179,"95bc688d3e7599fd5800161e9971cc55",,
7180,"9d40d4444d68a1d0d8236857d27f3f21",,
7181,"ddd5fd6a35d7538d524d29a28d9b117e",,
7182,"0dc3c3778ccc0b271cda0419db791be5",,
7183,"1146266d36c19e9989ff7eb3870d09d3",,
7184,"0707aec2307a1bfb19fcf267b85946cf",,
7185,"da7155350a2afaac6cb50eebcfcfdbb6",,
7186,"882a4ad14bbd303e5c195783d5c1b539",,
7187,"311e8a306b1fb69afdab98a421100e6a",,
7188,"ffae24fa846c7a04e676efd258ff4f9b",,
7189,"f64d6b0446acd771ec220bfa3a66dd4d",,
7190,"cd7ecfa22e22b1f70c0bce8594a65633",,
7191,"18072278ec6c7badd5c3e8ee61774949",,
7192,"aeb68e2ab7d72224b4c83fe49b8d1760",,
7193,"6caa2788505f828634917a3d97316031",,
7194,"14ff66f44775cece5176494b96abf8de",,
7195,"534151da962c3b00f92a00ba33ba27c2",,
7196,"b3cd9c20ac2a82881479525ed14b632e",,
7197,"59f5c4759fb1f2108d9001bcbb00f0be",,
7198,"6d002fa599eda7789f91aa0d63e5ca75",,
7199,"8d7125a009fb02fd3a2f862ef7c01ad4",,
7200,"a52e897b63ecfc942ada71a9853247da",,
7201,"37de13aaf6d7ef49e0f3c983b49448cd",,
7202,"7470f783973412649b0269a1db6b01e7",,
7203,"9c9625f6991ff961debfe1e43c4a5955",,
7204,"f310e0a871998cdf3f34418637a2b2d6",,
7205,"23366cc1eaa04732c1cec496c619a328",,
7206,"05512f630f1d2b0572193f7c777d5fe8",,
7207,"fa8be4bed9734ef885c2afa6ec522114",,
7208,"add82f1fabd4f28702382f6bafcb41b1",,
7209,"4ca548129bcff2c9d84770de5421d348",,
7210,"23630c941a4e4fa81a032e3291f4ab84",,
7211,"5ae1bd3223fccf9a5e59242bbc2c4b30",,
7212,"b0a38e019972ef1f8e10874731025aac",,
7213,"4e1d90a77724804aba78163a2554ef8c",,
7214,"3aece9819ea9a613efc1b4747d617d52",,
7215,"5dae93b225607a25adcd13f49876d4bb",,
7216,"6f9d5088dbc97c1ffa3922b44c3187cf",,
7217,"91bf9530cf178d97a9b0c8a46dab4279",,
7218,"d193bd38eba449a80d1e7e35e07322aa",,
7219,"2dd6ba641db2d546781c53aa7d45acc2",,
7220,"10a74652733087caa0d31082387a4496",,
7221,"265f3faa1c93f642a9efa81d5c5cfc16",,
7222,"cb403cdc49aeea6174f00d6010b07ce7",,
7223,"6c6ed6f6592c49314e813c3869affdc6",,
7224,"63cb3dd5a3ad335046e73a79b6dcc95b",,
7225,"712577e3346414cda93c80a79dc1453b",,
7226,"e80046bd8616c911e7ed1a9fc57639ff",,
7227,"25ee69b10ce62b58287cb90fdc031eb5",,
7228,"f454b01308f715e2282ab2b5b910dc1c",,
7229,"262b24517d45876f38107904d3eeb83e",,
7230,"cacb5591fcb73e9af54bc3780b4ae177",,
7231,"fa9e4b27a7d0b00b3e0aac324e926981",,
7232,"5e9d6dea5c9810ba4c305dd72efe2c62",,
7233,"672675ab2a2b45d13a4ec44848e811e2",,
7234,"3fe262c93ee4601c98756fe787794c67",,
7235,"5d26246714713b835c2504fb6abef62c",,
7236,"97ae32cbb3e8aacde5774d1c161a3dc7",,
7237,"69284b29a6672b89a6a0d3ebd21dc09a",,
7238,"1036e744e471d4357c4793988545cf35",,
7239,"16cf5916c12b2864590f8f86def49037",,
7240,"877a5279d0174fd03c27ac78f3ec5db9",,
7241,"2fe445dc8b7cab88482bb406e3f5c5b8",,
7242,"ca94e4506515b319a1be32f755477123",,
7243,"c79dec56be2fbfa1032f9ffe5f2ce6de",,
7244,"1481ac6cd7f594d5451ff63f3690de2d",,
7245,"df485a7f45c85500d9cda4fd0d9485ec",,
7246,"85e29b714418c1eff506dc1e3b84f30e",,
7247,"88a4c1b62872af3620689f735ffb673c",,
7248,"b5adfc7a60411db820a84cc2f5b3fc6a",,
7249,"cd622024ff35220caff575350876ceed",,
7250,"5f937e9a655f94c1f9bc33abceb1dd3b",,
7251,"d3b8cb37bbf94b47a1163934583d055e",,
7252,"b5ef3bead0bc510b0f022fb961f8a816",,
7253,"7ecc89395e28bc05e928168841d46b92",,
7254,"5c8ba0e5e50d7b08ed30f5a8d41425c7",,
7255,"fbce1c3ebcd8e4f732a649ebe4020907",,
7256,"f0f828055985e7b533b48c66a82bcde3",,
7257,"334cd23695cf7a4103db839f6aeb2f64",,
7258,"d8b496e6d01ac318849b0347d79e9ec8",,
7259,"7ae2447be5ba88910ff0cb052e6a0d3d",,
7260,"57d46c52d544ff95096081d1c9d3e0a2",,
7261,"ba530a044e561f5c3f82cd1e72c5946b",,
7262,"600e6400947a113fc6008bb1ba47a84a",,
7263,"edf0f807373b74b5e648d1405c1ec65b",,
7264,"9336aa8c509a8d2965edcce447b7e44a",,
7265,"09ea4aa165657df9785283a6bd333e52",,
7266,"8f53be3aac678b1873c8240e2770ba63",,
7267,"cd17db1759f534a7e25ba5505c4964e4",,
7268,"42d13bf95b68038b99fd194b1d0aff54",,
7269,"7a17afecc8fdc26dd9e6881c69792dfd",,
7270,"03a20ad58f42129dbf9d32cba1f99107",,
7271,"a6a961d20582feecad52fa399855cf77",,
7272,"d2324ae5ff49b61c3380cb1c511d0452",,
7273,"26306b99bb166b69454ef8cf1a82c4fa",,
7274,"9def2d339528bfc84ce982d0dedf6002",,
7275,"e0363dcc0a067e4ba902875ba5743d83",,
7276,"3aaaef33ce62ae71cbfc9b6d4ec02318",,
7277,"eccccd9fa2fde818c0073414302d5380",,
7278,"1d80232717a76ad809361d33cb847319",,
7279,"b5d3f348809eb49d670cbbb0d7f1ea07",,
7280,"60f4280114b59d7969a1b77e99fd9289",,
7281,"94387233adb577be70511f6d38e2e50e",,
7282,"ef7fbc960456379962952c9270028b8d",,
7283,"a17ff2b8372be41bf217a7692bd62bea",,
7284,"3f6fe82bb2dc7326ef7205b85e711bc8",,
7285,"1ab7e7ceef13c3b6572a4479cebd3015",,
7286,"3d743bb4c4c528e2a06848a11958898e",,
7287,"a4f8ad2f6d8557dc94f32f48d6b064ba",,
7428,"aa4f437815f23aa4be24e5e20f6ed49d",,
7288,"547317caa8caeb3089eeaee02adad54f","nordic",
7289,"a36959112d59caf37bb1aa87740dfe68",,
7290,"c93865f306dff968f5c8df03dfbc2320",,
7291,"764f068ef986674c8be39999c71a3e69",,
7292,"652e77d26911980c78c01e78838fa9ee",,
7293,"24b95c9cb2ea86a6d8e787595068d363",,
7294,"abb3a847b458cbe3bb15301a429e9392",,
7295,"ab4caea3c1e3377886c50ad89d492117",,
7296,"214d97f04827f66a2be6a6a4f3347e52",,
7297,"adc83a97fddacb92a62901b34dfda1cc",,
7298,"222364befa41bfef77beda42b4e25a9b",,
7299,"2601e910f210bbdc42b27ea7496252be",,
7300,"053ee91ef5612db4d45c0dc07d75e1ed",,
7301,"8e477c40432263edf7ab2f6446ff3ee3",,
7302,"8a243ddfb777ca48fb4019788bd6e1f8",,
7303,"beead4e53b6d93b839034dd637442d99",,
7304,"6225901c0c81075d07e12128800c4067",,
7305,"fafd08643ce688612c1af3590e309f3e",,
7306,"a6ec02b2f3117463db6cab725f02659f",,
7307,"0c4b540dd7a78ffe3dcb630a659d7a20","nordic",
7308,"3bc767fcaf34db2c204d28b0d82debf5",,
7309,"85d92970ccc65ca502f4f9a5d3e0ad65",,
7310,"fed97799990761aabe34a673fee1b8ee",,
7311,"1c4a69fb7e52691186c18db93a60a113",,
7312,"a25a7aaf7b062192e4b8b081d27bab91",,
7313,"b8f5b7940acc582db8f0887aa9a343f8",,
7314,"cd7c6357eb03f587389ad5fb8257f683",,
7315,"a6326fcc0ab7663f7e8843572f36e4b4",,
7316,"c6be4559ae099197343c94bccf4c9b01",,
7317,"2b7e3a1e5ac4c034849aa55be4820333",,
7318,"ad82811dafce71ad59ac552dcd37c174",,
7319,"88e3d92dc3d24224817377820865c1ed",,
7320,"f6c178c7b8894901ae440561e5c77c98",,
7321,"32b11ad97b35613595acd9402b04fffe",,
7322,"2de0fb2b6e800b7a9cedcbce642121cf",,
7323,"27175ef76b55c76cdfb34330908cdb46",,
7324,"2eaa88d651859ad29e4828528bd808ad",,
7325,"cded2fbe2884169b18d85893b0fad199",,
7326,"cf1786f5fa3e3689fbaa9426b2076356",,
7327,"2aff17b8a43c3769fdad489612a4821e",,
7328,"31b53bf5e29d7e0924f8a03107948225",,
7329,"fbad4d60cee71c7a99c1b4467c0e3afd",,
7330,"4f61b9a80258e8680bf5348491909c6a",,
7331,"2c2fcef91b974917fd131274be28ad7b",,
7332,"dd1f0fc649418f5e7ab43b8d556f51b7",,
7333,"411d809e71cad440afc0f446ddc15cd8",,
7334,"b3908725a3f3742b12228587fafde976",,
7335,"272d71082b4f4ef57a59721d69ac1874",,
7336,"5f6de9e41f5580e853d5b3a5453c571d",,
7337,"3bd87b984bc111489bbb5fc32fae0846",,
7338,"5f1f5e44b0a0b3cc1c4eab3dfbe95df6",,
7339,"48045a5c99d15a56c0765e72ea127175",,
7340,"e247f037f38df281c81256bd8e94e4f3",,
7341,"e253ff89d2e6de8811f5e0224a75a5cb",,
7342,"0e568628f771aa2b6a38a3c32c1b94ad",,
7343,"15b85f19e202e131bc67f3a35af83770",,
7344,"03f3e2c4cbaf088a0ae176da8ffb8c87",,
7345,"ce2c70a2ef198e3356afd6a5e997302f",,
7346,"f8b0211bb8dfd8e357990c013ce0a2cd",,
7347,"5ff5c3b8179b009796727b163dba454e",,
7348,"f0b248d9293d1a85da60a7a87eba0100",,
7349,"a8b62bf66ce08d4f15aae3ac4c1e7769",,
7350,"e5004286a3c21048b7416ab7faf5c019",,
7351,"e7135ac739063c0413d5f5ab012b51ea",,
7352,"6925905b00215a35d9fac40a6a328114",,
7353,"1a1052b0040eab1c1622e9876ea8ab66",,
7354,"f9a9361c07e4c87cf1a778fd3ad76098",,
7355,"a329cc4d747af7e1125a175fd6827657",,
7356,"2be71a9731fc54d607b0e76bf4ea8487",,
7357,"e9114e65d90993610eff21b987d929a2",,
7358,"81f3415cbc6b787197851a2388de6fb9",,
7359,"31c2e6a91956c57a1c7a7d915d417bfd",,
7360,"d81b99b9dc6cfe2ea2ac887f7f11b918",,
7361,"23c8923d0881aa62194b88fe243958bf",,
7362,"509d2094bb4bd836add6a3852ddb8411",,
7363,"5baacb1e677ccbe29014230593c7f8f4",,
7364,"9558cc325a840f8f5adf123fa2356db4",,
7365,"7d9a8bc2dae27a26a46446dba365c462",,
7366,"35a38e6faf1dc42e8dbcb97f180b3554","nordic",
7367,"701419c7a7b3c12aee0fa6096e80a406",,
7368,"9ad5e54fa9db3569c367bff236c1d37e",,
7369,"2ff552d85649e4d6789730ab6b25b749",,
7370,"5099e8de7a534acf61a66bc770b5cd4f",,
7371,"de06b65fb8e1fdbc8bb1765f52b57295",,
7372,"bd12e7ab17e202cf0ab6a52ab4e4ef91",,
7373,"8074b0989b70b4230d985b4976de3f2e",,
7374,"b3057066dfa69d5f080e3f4c2a45dec2",,
7375,"6d7297510c257b3b89428cffe9e5f9cd",,
7376,"1b9fe42a97fc00f2b5eda985e00023d6",,
7377,"cddff94e4b592efa27b124b8b287c548",,
7378,"1a0fdb1c173087c92de8337a899e512f",,
7379,"ff3325622a9c1a09ba21dae180c74d35",,
7380,"d445c3ed26881d7db94ff9835a8579b8",,
7381,"9e99c16010b5969a61b1d80285a61152",,
7382,"42ad7521ef857dda0497ae21f9e01702",,
7383,"ca564b25524f6404b4f952c2efa33229",,
7384,"7a3b33577e3777a5a397f0369a0f5719",,
7385,"40e387f74704edb9af3ea70248bce0f8",,
7386,"7e7495ce8d0e88e83da31fd4ca4beb20",,
7387,"22f176468ff2d7de6e54cfab027c257a",,
7388,"5067b7cc43d7f69314cd183a7f51bb01","nordic",
7389,"8301751965095053b5ad34fb7ed7174f",,
7390,"201b0082f9f3994db26172adb9d77bb2",,
7391,"054af4c50229043e3acbd5c6fa091d11",,
7392,"14820bbc18a93d27cca8b687fb70c3d6",,
7393,"0321218b6bbc2525d62601822f64716b",,
7394,"31663f833fac17ba9a8d65673b28e2cf",,
7395,"7cb5313fc6b8400b3ae376d4aa33157a",,
7396,"83ea29af37bc39a8b2d6f13c97c56959",,
7397,"e3de6e1d1bf180d2044b8facaca5adb2",,
7398,"f71a473d6591958fd133315933d4b045",,
7399,"ee7b6456a488795ae1e48e92b165d9d0",,
7400,"8c422396f8c401a5c26a8d10ce2a7e89",,
7401,"1d5c6d5f8261be80a0c6906abfdeae7a",,
7402,"96c1acd5b12345f79293c6406d0c00ce",,
7403,"04850386fd457e43b4177463cb64bd8c",,
7404,"41f74e44fc48140ff0ec9a14c45588d2",,
7405,"8a9b36cd260c1ed6cfa2c48b4a6cbf11",,
7406,"0ab9405d09f7c502bb5bf4326ddb45f2",,
7407,"77de35460f9fb108d39fa4386e45c13c",,
7408,"0a1952a4379065918dfe56d76060aabc",,
7409,"4bc596f40e01dc78317eb23eb3df1f88",,
7410,"95389df3dccb92ddcd8b7449e77b2441",,
7411,"3b14955bc9d7a805343784a39638e744",,
7412,"9b5e26100d692566556b06b1a2deafe6",,
7413,"14074db155adbe8894c86a427d4ddf92",,
7414,"455c53fc7fff3d2a8a248510b7ec3464",,
7415,"c26b397ecd3ce747309903211c8e898b",,
7416,"e7e19376990ee7875d0b7890493a5d1d",,
7417,"2c36af451c18748ce36d920c120669e2",,
7418,"fab5f3a15feae8189f582165e4f010ec",,
7419,"e1aa06036a804933601d3a2e1f6f76de",,
7420,"8aa26077e094b057c2d9f2ac76058525",,
7421,"80e5062e81022cfe27bb56cb9682277e",,
7422,"b8ddf9c6ca9ff48963c7e5708b74eddc",,
7423,"98aa7562b677e939d22c0cfa4fe9a458",,
7424,"c68525feefed4a0f533021d256b5d7a6",,
7425,"178861a0d5aa92502ac39f8ed847342d",,
7426,"e1168addf3a486e9c430656b3856725b",,
7427,"273aa68952b33b49327f383243bc4d72",,
7429,"ac0673e318f71021e50878e011fc62d5",,
7430,"a99f6f91397fef56bf6c6154b8a8219b",,
7431,"70b71e6416cd84e9be9176af2dd26eb0",,
7432,"c741f2675de06207d3e7d5af878a430a",,
7433,"eecd9bc683e45018484f9aaa61478de5",,
7434,"f4f58112287c3b3c1153e0b0f66092cd",,
7435,"198f4f0d7d79549ee9a42a777d330e39",,
7436,"e51087ba19409150103faafaff849627",,
7437,"93ab8ed1ec928788592e45d03097338f",,
7438,"c164678229e7938f64cff2e87e740521",,
7439,"4c46a72d60dc1569fc3afab17b6787cf",,
7440,"af4f619028ab055bbb5b515ba103d20c",,
7441,"60b728ab2ef3ed9193e3f64af08f0785",,
7442,"825143b410bfaba2fabdb86de708a269",,
7443,"2f9a6192b9bcd948cafde1e95df0dbe6",,
7444,"d90abc98156cbb73825821228f828162",,
7445,"e28c5de91a32a2867687f54ff18880dc",,
7446,"94ca95b7ac271565ade22a2a8dc9aba1",,
7447,"a857283211a806000968bde6cce01ef9",,
7448,"264763abd65229f7ef7eb86cc2c3649d",,
7449,"85b7ad25dbe16e615bd437340634e5f3",,
7450,"ff3e9d606d7e8e1fadb68023f3e58667",,
7451,"e773d6eb9ccc0629f6b6e51a55538a4d",,
7452,"dba7991d72c3d2dffb4896fcb27f8dcb",,
7453,"8b5d55b043fc00f4e6bbcc0f3c157bf2",,
7454,"3f811baa8dd5f3ea8f83e7eb27cf964e",,
7455,"8fbd0981ec030a87917502816a91b082",,
7456,"7032b16c15736cc0fad1e6e7eb9a793b",,
7457,"cc3de5b94a844a7a2995a4e7a7043c87",,
7458,"fb47170250acccb72c83aa1da078bf15",,
7459,"500c2dc291ef32b093607c3f77472c89",,
7460,"6616a87830a69e8cc6718be3208fee7d",,
7461,"c90ec8043cb0c95c247bd9ea4de6d4d8",,
7462,"9b9bd902444b2061dc65c8d7483ece2c",,
7463,"43038c492e22253b2d36e852828edf94",,
7464,"8602bf563d97dc274c490d59dfb9e583",,
7465,"507d475a484c264c37f736ddd0375310",,
7466,"ace0c0c6a73e5cb356f07c0477d611bc",,
7467,"f86e61c0ed008c5a59ab5970201cf675",,
7468,"93e72aca0760c959ad52c948fbbf16ce",,
7469,"e5fb05db0df8cf6360f18475f0321c50",,
7470,"11feee851dd6895233cc18979978cfb8",,
7471,"a44c3a60f6bf96c83e6673d4036c19d0",,
7472,"b830db481392aec674efbe05f18a4146",,
7473,"9bab7ae8090a54dc95778ff957166e26",,
7474,"89cb9936292779c7f7c064fc27b1b656",,
7475,"4d145d5a13a3956bf33aec94a8e7fe62",,
7476,"b0012a6df759fc48348212d373bd5961",,
7477,"d4b1e5ca73c1c6ce37a3bbe5167f2a49",,
7478,"f1e243bf78f9764f476dbe7e2cf7b545",,
7479,"5c692076ef0aca5aa17f763a7adb7407",,
7480,"980f3ff5519b021c302dbe248de3a00f",,
7481,"b9e8ef341bdf4652c8c1a15534bca6e2",,
7482,"1348a410156a3c4070c373e9b0b336a7",,
7483,"a21e796ae74020afe0541e33cac4041f",,
7484,"5ffb558522268766e52f376bcc71d08c",,
7485,"cb89da345acbe09a1fc0e86e160b3c8b",,
7486,"6dd094958ccb18f8a773beb4880b3a91",,
7487,"913453eea98d85dfb7201f36c199373d",,
7488,"16c7d93472a9cd164da83991dd5d321b",,
7489,"b1f2e47841c55cc739680424b2bb6c4a",,
7490,"97ee9123a48656e746996fd2abd5751d",,
7491,"9030a04dfcabdf6376130d1f958ddd3d",,
7492,"3b3889dbc483cd6455264630269362d3",,
7493,"8f923769c4b72a638ee6f10ca073ecda",,
7494,"cbc3ea4fa23817e8d5a7c6907a332dd2",,
7495,"21a54f0d90b0cabbf52d8dcc04cb12e6",,
7496,"f4aaf6e45dd16db5edd2edc3afb42140",,
7497,"a740db741048da374af5e30985a89118",,
7498,"b064d600e1c02c32ac04d546c7901e5c",,
7499,"724ffe5245518780bda8387461a36bab",,
7500,"0a356c942b6f73ac2f1cd4cd4d826a9f",,
7501,"fc394331d03baa5847e2b5de94ffbc9b",,
7502,"e499e0e2f4aa7162dbcac1477686b33d",,
7503,"0125876ae770c64d69ecdc6fad34e005",,
7504,"b8b9a8cfe44edcdbb818ec76a7323fe3",,
7505,"2a67fd73beabf468cf17cad3c821da96",,
7506,"9b64185c9624c10ca34038f5068fafba",,
7507,"32a7545c7833ced0353798354a86e178",,
7508,"bbdce12d08e7256b75592ca3137d04f0",,
7509,"abd4e2762ce4a05d0e49cc7d832544cf",,
7510,"70d189457094a862eb9a13aac5ad0bec",,
7511,"63eaab605185c8f70e4cb15098912a68",,
7512,"cacb928bf7e00cbe6cdb3dc24eb7ddc6",,
7513,"2687510549a5e3a164abf70d7f052d49",,
7514,"6a8161ece9ec9f45b2f9c71a4124ab88",,
7515,"c02258358f13b205f1f4d7d22a2c8b81",,
7516,"eb61d701d6e3a31947fc940c606b18b1",,
7517,"32f2a83274fe9d9b9382eb277dd5fa6c",,
7518,"75eaedac57ec693112038be04787362d",,
7519,"27295a5daa1467e373b53098d392c7d6",,
7520,"ec3461152239bf213394ef969dc19f25",,
7521,"ecc4349c039367b07e2d95f63ea25e3b",,
7522,"66ab04fab51b7930b4fc5db6bd22ad4a",,
7523,"e4e415a5575357ed6e1d48d3cd964e51",,
7524,"e5f1aee65335fc641b4b4fca9beb7d86",,
7525,"5748c170d203f9f56f1897bdcd6dec1a",,
7526,"994b738a57a4c32ba0332dbb3c8918e3",,
7527,"084c2207516eaa191c5936fa549aa6d6",,
7528,"f4fcde3a30586cebb710201921ddff34",,
7529,"ca19c25b8a480f847ed25ff79848b7f7",,
7530,"3481734ff175e70b98b79f2bf727ca55",,
7531,"8a054493d72e89eac87e63b5738fcc6d",,
7532,"f3f64ed47c4c8a7c2b16de49324d4db7",,
7533,"f1b671962fb0774977ed1b33118f2c22",,
7534,"995db3b04083133d422b2696d15fdf37",,
7535,"1f1763dfd472a487c3d61eac0a12b766",,
7536,"869cfb52b627f795e2ff87e39b229c7b",,
7537,"780d12e5d0994814aa24abd870b14ceb",,
7538,"d9e891470eb2ae947f34bb17883efdf2",,
7539,"6f15850b2b0eba99b2172f4c1bb5280a",,
7540,"0c96e41c68081e073ee1808c9115b34a",,
7541,"8c0ceb4f89ffe0176232798f0c8824a3",,
7542,"8f80c40abe9aa8c34a6ec13dd0d9357f",,
7543,"94a45db4f91e7f1d75290f186fce0769",,
7544,"87f85e41db2a5e6e10a29100a0ff2048",,
7545,"cb354b903fe81ae4cbc440fab1a64d70",,
7546,"764d04983d5e66dda400003b7bd99427",,
7547,"bbfc5e765ed9b1b58271814a4f993e98",,
7548,"b4b50b45400ad69511ac70755c67fa45",,
7549,"3c07bc2833db01e122c12ed1a5339f8a",,
7550,"66eff38cf377d77a66f735801c530d30",,
7551,"eda4ed5e45e743f0f0c46b534c981a4f",,
7552,"e44989dcf1c3f9431e314da555743647",,
7553,"e94c7844f3c013d9bf9003f238ebf130",,
7554,"e91582e57afab00ace87bef0a430cbdb",,
7555,"8b8bbd7b4084e710cb7bbfb1f2557ad9",,
7556,"8e2c7bf4e2e07553c69819790f4979f8",,
7557,"a5ccf394cf2b9c6db3c9b752e1de2d3c",,
7558,"1da1633371a7c08e0fd4d86295477f8f",,
7559,"e006ecfc495cc8c1691c604a8f97f79f",,
7560,"60cdda3460fe0b3d3eeb856e5fbe1d5c",,
7561,"c7b5689e9a401dd016734be94c6aa861",,
7562,"6388e3a0506ebf63acb20e8bee518b67",,
7563,"a5dd9969fb93c5609ed72d674a51e187",,
7564,"e8208c602dbaf5267f006799ff32adb8",,
7565,"936a209fc7a02b51b092db7ff44d7b03",,
7566,"91d0f0184020c63aed3ac59cedea324a",,
7567,"43fc480678cefe6f1dffa9030239a462",,
7568,"2518218a7145408b7d645f0cd0a50d3b",,
7569,"4a57551d3ea95c08e340879db267fd2a",,
7570,"c9dd18b18db53e63e890dc3b6e3d9cdf",,
7571,"01607e4e6b3ecd98fb65b30302baebb9",,
7572,"5ea5cb679fe2d7d41754d15c44f0c31b",,
7573,"79f3935f4401e241c2116455a61e3e47",,
7574,"81d271de15064c2806ecf45179bde42a",,
7575,"f671db9c89b87e2cd27b128c96f5eeec",,
7576,"30240ec2230370617b3704cc2ed5895d",,
7577,"6dd9ccc8ab2e80bf8b74608017ae64b3",,
7578,"7cc4306a062776da305c40ecfabf0d7c",,
7579,"8a7d29299e71b16b29a49f244b0625e6",,
7580,"93780d484f5f008dc3fc6ac93d334e0e",,
7581,"8dc04fef929a8c7e82de38071e09c901",,
7582,"305820ae10595f8a0ed4e2bbbd8e23d2",,
7583,"767e1481accce8cac44b4423f794d2c7",,
7584,"595ba10e5d8f7bc22cb6d87e946450b5",,
7585,"0366ccff4f095090ad2f5d20bc2c649a",,
7586,"5f112887c2870d539587ba4f6e62f819","nordic",
7587,"11fdff4c158183bc600ede1ae55a0fb7",,
7588,"64e01223bc15c4215063b5e37764f3e6",,
7589,"b7c91bb3ed45eccf33fbc7c9a2e3f815",,
7590,"fa277ffc5e04ff7afaa901a227977d4b",,
7591,"fe81778f3a4a56574fe358a78d366459",,
7592,"579b1bbe42d655f05ba137fabdef6378",,
7593,"327492c9594791e528d0b279259a2a15",,
7594,"f6a720dfce50eb03e101d64f6af00d67",,
7595,"f7b62c7f0965c6d2b65f9a10082c9bda",,
7596,"9d8e2799c24a12df4067109af26641d8",,
7597,"85b342c778a6ebfddf270041784145b4",,
7598,"32787393367f87d58bee27bcf3b819f8",,
7599,"e0ef46bc647e90fd4ffa27fc3cf49b67",,
7600,"aa89dd85fea7b191eecc9673c2b2f32c",,
7601,"f3deb6b64de5deaf5f777beaf62efcd6",,
7602,"9f3e862d1bacbaa1f2302b29972940cc",,
7603,"679f569969b44cc9b3daccf025d21393",,
7604,"ff13d94dec607f2284562db0df703400",,
7605,"d305ea15580de743f8ec88cd94377484",,
7606,"32904da03b23a7e64508be93cbea143f",,
7607,"d415cca164b856ac5796410d2c164384",,
7608,"b3c8bf234949fb4c7f9faa17db85fef2",,
7609,"8eb02a9dad6e91cf6d3b8a2b3e93abec",,
7610,"2ef22ea362aca58c8996d82d9e446c58",,
7611,"333bc91f2e55ddae8d5cd6090defbee9",,
7612,"387a69c8d9dbe6766d9725e9758701b2",,
7613,"d64199f5f2130b2b95579446e068cb39",,
7614,"df5f1ef96feade475a9c83451d840bb3",,
7615,"8fad8c1510ece9adddfa8c688d7c45d3",,
7616,"6e3d300c797695d42cd8c946bff60a9b",,
7617,"b7260298d37c3c8521a3f153a1b2f5fd",,
7618,"51d063fc94dbb98ac8b8a37f2f489433",,
7619,"770ab9e0abad24db0be70195eba9502e",,
7620,"13ac03bb55268023cf1bbbef4357aff0",,
7621,"df29514a48ec902894a643ee443702e8",,
7622,"8d8100780e80b3c4f697e9095efc75f4",,
7623,"649270bba66d7c4cd1f11bfce48459f3",,
7624,"08b7662ccd6815333aed6bce9bd69bd7",,
7625,"11dd9622a77153bcca957f6687b8fc72",,
7626,"ae1f4afee4b20323b961d6b46a0ce15b",,
7627,"412fe2fc3e2873b547f258b7aeee264b",,
7628,"5a5d3b3635edb6dbd195202987d60a7f",,
7629,"5cda35a72b8f725a58b92e8e3112108f",,
7630,"a2ee677aac6fed84fcdc35996e69b820",,
7631,"8e86f66b71a0775825e62b4550a53318",,
7632,"fe0b1ad742518e389b84c5da27db4e22",,
7633,"9c42359be23676554649931bba6f6771",,
7634,"0acac5f5b2845493e06943b17388860b",,
7635,"6c065b1944f4cb5bc06fc575054d5ccf",,
7636,"1887e207175b17505a00d09c1e1ea7e2",,
7637,"21d71de879715da17f30810dca3065b6",,
7638,"3ea979f74260bbb6a56310157f06e74d",,
7639,"ee15fb6c6467d4ad50de4f5411d5566a",,
7640,"589887d06deb15697f87da5990a3419d",,
7641,"fce23aee1e3a693c567d5810b05f2b6e",,
7642,"6f7a13d25938114128c6c37c6e6dd764",,
7643,"d60d4a6e18c3b16ebfdc23674a4f59e2",,
7644,"34d7c06a0218c2d06291bf1148f6ef56",,
7645,"869e28880647ea743b1a603f76871166",,
7646,"9d65c5e06696c088c1723e2d56b10501",,
7647,"3d49a1b70c906b950d25c6502748110c",,
7648,"261c232e475ad3387b892c74cb19aad9",,
7649,"0973b160706f197c066e86b2107bb359",,
7650,"b153b74945044e8d5459c59973af4685",,
7651,"8c5edfd626b2dbb97cc16054ad9e374d",,
7652,"2687aa31f8b051019288eb24b1d97554",,
7653,"24fdf2df73d69f9cb4bc02a3a9f80420",,
7654,"86f64bfd2ca97ddf67a4ecbdd5275fa2",,
7655,"e536f466f579cc4a55b70e4f15cb68e8",,
7656,"f36bb2c7e2ba84f87474bab9d3b5e142",,
7657,"97b0a92ba41d4d551b8e28a9038ab494",,
7658,"98ebfc674e848b9fddf0c8e4546684b4",,
7659,"f90fa3ccb4af9b5f29732f1694c77d6a",,
7660,"6c3d39fd5b85b654e50c05d820fa6850",,
7661,"a41361e7fd4231bad7aa1254dcb0c3bd",,
7662,"83e0fb283a23066d83cd0d4311a7f6af",,
7663,"a8038122f1b5e2a29387ebf19b3dca80",,
7664,"49fa1873fcb4d39d7c592f144347114c",,
7665,"439ba11338a31fc675c38231dc09cb72",,
7666,"a47bc088ea914caa08a41e6687db86a2",,
7667,"1d1145795affc5219eccefcf21e9503e",,
7668,"b1badc22e7a86ccf315380dd33c312a7",,
7669,"6150ee4fb461fb5147e95e562005ae05",,
7670,"372cd508f9544b07e15ed5652616bd41",,
7671,"a8a92241feb23ca00e92849f66a53610",,
7672,"4b733847473b7ff9a8bf93d20510b9e8",,
7673,"4f21d7a51b08a643e4f822ac4dae6bb9",,
7674,"7dd580d028933793e7ed5916932be401",,
7675,"1050de8c98acf89e8c2dba6fc1d9f3e4","nordic",
7676,"003b00a364fa48bea3a6a8dc6e1826f3",,
7677,"b9cf6a8358a1d9ab81715e03fd5f61b8","nordic",
7678,"aed24d48ac62addbdbc3dd299abce5dc",,
7679,"1c8411dce0e688ba428cb03b5cfbffe1",,
7680,"1a5a853c7fae82a58effe0e86d865002",,
7681,"b38a5d3e09d94002a1eded9cbfa35048",,
7682,"7ed69823fa3c2ab0e169d0b0988def48",,
7683,"6bc02339eff2f61142da2cc4899102b5",,
7684,"049454a93907e0e1c0349594b064543e",,
7685,"2d398edea41fb66475b42aeddb833ef7",,
7686,"494b558d6e5851898c3aac5ad99fb3c0",,
7687,"e627f0badf922509bb39571624339b71",,
7688,"b5d5abbecd584b93859009b996a700ba",,
7689,"fcb5f9827449f40f6674f8b9f230e58e",,
7690,"3c402e8d0e05e375f579194738ccbd55",,
7691,"3792f7355ad9487d1c724391c61dca3b",,
7692,"8d0601423dfba155ecfc08fda0dfdd36",,
7693,"26b04aae7cc7fe04765bba6e3bd3ec04",,
7694,"d8fd33060bccb4c87e26859d66ad775e",,
7695,"7ce797ead1db6f1bb534bb6ce89f2e98",,
7696,"c0104eeb6fe95aa8c03fa77d45c4c1dc",,
7697,"52496e3c7591c80df71f404e52a7d49b",,
7698,"cfb5d1c59d33b95cdd5ea14b0f043061",,
7699,"f5d0a68fc8bbd62438d84aa73c4f30f7",,
7700,"f418f78301ec5abfb148d8b3a05a3dfb",,
7701,"70754349ca2ea9fdd367f436f4faaa89",,
7702,"16975385127dc6c7c766946903c1ddd5",,
7703,"bdaec55c0e0dfd46c0638730636125ab",,
7704,"09673f0eb19ee72c5d2311f2b2154535",,
7705,"d7010fc8bed01799115a6cda8896918a",,
7706,"3087e041b8bfafaf4999d8169ba55284",,
7707,"dc8c4b5d7bbe8f895b68e0d5c8d88be7",,
7708,"9097e4f8b1346e26823364f5302c9c95",,
7709,"4885f13e2bbdcaa47403123cb57c33a8",,
7710,"f2d13caa566bf6b07ff303be90cbc3c9",,
7711,"879648c08c0f0b1dcb1964b3422b8500",,
7712,"c27807114a1fb3d2da06159fa12d10d1",,
7713,"aa6dc0722c52cce58d1078a50d21a71b",,
7714,"3a6223dcb5b3ef86c61ea5ea0125bd4f",,
7715,"497d9541b1b7c5b0caf180e05b2ddcf5",,
7716,"5b34153cda38270cc6e9c20e90a8c94e",,
7717,"03e7178685bc7e077fccb739968b487f",,
7718,"17eb42386b26e9c5956665ce865f4f15",,
7719,"4faf88423bb09da948e9a2be9c886607",,
7720,"d5e33c39b0c0af866b0a44e7a3f4f1f6",,
7721,"4207dc346930a704504ca980d95af90a",,
7722,"dca469924f1864ecada7466a8edc6336",,
7723,"8a1e2b98317d6a32e25c6cfe35bdd91e",,
7724,"a8adad44aaed07518ff3931b044aa532",,
7725,"31a488f9b67bb312c0148b4c8608bca7",,
7726,"3b334270bc877c37ee4b9e18a3ce3b22",,
7727,"dbc0f42b3dce0ae3fcb558b737fb073f",,
7728,"69d0115a4a07ba98b5ee56e41aac1c8f",,
7729,"8a71d0e9537dd27ad6e6eec35b5a2a4f",,
7730,"2ab7ed2dbfa8037edc17de0eaf6a236f",,
7731,"22f78fdf007402a21b5e4b1dd0030a59",,
7732,"27f5e71a4f4b19d99c4758723799347f",,
7733,"e93fe2fbd519ad59b696fbe344ac3dc6",,
7734,"312c0e5861f46289ad2b6721b415ef3c",,
7735,"e780d0cc56f821fc35ba9f599d3b2dd3",,
7736,"60414aa37e4b4799402af5d6edfbca9f",,
7737,"9b41bc736313e0cbcba8933ec459c61d",,
7738,"c2c2585c808d35868c6eb72133b1fe10",,
7739,"37400c2618bb44928007bdea743fd349",,
7740,"8ac28fed630ec460dcd8dc779e0ee4bd",,
7741,"ad4d5f14a752f46b87fae7297eff8145",,
7742,"14645d71a3b4c7178b426cbe07c69efc",,
7743,"00e75cb33d9a260bb302d935dd94501c",,
7744,"b80cc475b053a4cc9521e3ae8449e0a0",,
7745,"a0a67e5e4701ed598afbfaa0ff898a34",,
7746,"11ec0b2d1365de559b9cb87cd3996495",,
7747,"1cc16a96e3f7f4617a3bb377b1cb9287",,
7748,"06a35d7b9b191632955b6eb96854120a",,
7749,"8e9c21bdd297065ca8283417ba4334f1",,
7750,"3d2e91b0fed58156ab2381b0bbef6811",,
7751,"6450aad3bff3ebc3b57f8fcd8e4b0d4b",,
7752,"5d186be14cc2cc328d02698ae4317a1b",,
7753,"8044ed2ee75939bdc10f575209f8ac09",,
7754,"7508f820ebcf21267b37488b56182756",,
7755,"31ad38b3e8b2e18fee6a76ea703aad5e",,
7756,"f1ac83691303b2458a88daf1b8aff1da",,
7757,"58e51a4681148420da74de46e0c231ab",,
7758,"c6d959d28514fe216a24221c1cf7ea78",,
7759,"5a77b7416cf9e0f53f2ecf35691c1159",,
7760,"ed6441fe2a5600b6e402f7f837c7e5a2",,
7761,"ca70a76585ed5b2754a6f3455ebd2468",,
7762,"6a2ee6a40a25af936f15de8ac52ba18f",,
7763,"3bbdb66a8d049cf2b7f85ebfe4d8df94",,
7764,"1d65ba58834fc2c286587cdd55d1e5f4",,
7765,"0a80f7de0166af4f2f33ba011a39a3c7",,
7766,"0e56986088e1eda8296a81ea23d40eaa",,
7767,"af3e3f3c1eee2ee4b2b88e17147af40a",,
7768,"c06fd33f086f5ee9ec7772645fd078f3",,
7769,"51eab553f466ca4d27ec13266ec34569",,
7770,"44498ddd2ba05be69edad5000aa3b3de",,
7771,"e800938aaf5944131250d14c56e7c0e3",,
7772,"3badfb440be07bb99d54cdfcf6c84d3c",,
7773,"a787458d656c8efff2384a1492322a79",,
7774,"2cf8da474ec18f60c28e8ca523af91ab",,
7775,"5b3f4a4c5b3d5d86b7af46c296286532",,
7776,"a8bd6d34a733128408eac5035e5c7655",,
7777,"a0735e5416bbebdd9a2c8047a0678c4f",,
7778,"9a61de76f575544c4c52b36443e18bd1",,
7779,"54380acf55986f4b93bd0c3087609e1b",,
7780,"7a262fc63af3abcbd98749328dad7a32",,
7781,"f53962c849b8dfe8e4be61a3ec3c0940",,
7782,"d438b5161d4b53c035dbacb1a4c51d57",,
7783,"36d0176e192820ad5a67c73fe3210168",,
7784,"b798e29c15b466ef3da1d47a02c794ce",,
7785,"27eeed3fb470b0db0125d04481fe33aa",,
7786,"6954503162df5ea072ca7d352c0d5527",,
7787,"e8d1ffb4d6e370d32eed90f4415527d7",,
7788,"b57a4e06c0e4474607e5466efacda5bc",,
7789,"8211804e9c8eff11e50b4d770e58feab",,
7790,"380cddd206817221f119e51941ff9b09",,
7791,"3970dc45217859944f4a4fb926b58444",,
7792,"217fc2c64fb4bfb7f9f249ceadf2ba8f",,
7793,"bbeed2aa599c5c12b50072dc955896c4",,
7794,"15e1a76c1d12d7dbb083ee7f1ba3e5a3",,
7795,"a3048a590017e34b1cf5aaf5d99e549a",,
7796,"c7b32269f47839206f3780fb00c42daa",,
7797,"699ee1d50c56ca99d3eb017e7724b8e1",,
7798,"8362759bf924a6336b8421e587e0b39e",,
7799,"f1f15b948bed6ac4d7e470c0c75512d4",,
7800,"852025eed1f3daca021335d0ce59a9a1",,
7801,"fcf6fbecc7bd5dc9f0ffe46a93f57c50",,
7802,"b61fe0b77d9c2dd4210f662e17026ca6",,
7803,"0ddd087fb9b87ea4a6e2f79b2db4d663",,
7804,"80cd24cc7a64c86931ebc7459d7385aa",,
7805,"77f761a73496d421ef6a877a2528597e",,
7806,"814d33fd232209d630f97b21a35b5ec0",,
7807,"f2c81d022f86592b2485e5a6310530fa",,
7808,"063defd1299b17fa5e2d14d168049f26",,
7809,"78536e00774e77a38417f73e1df485cf",,
7810,"3649213707ce2d9ab8466afc0af7c306",,
7811,"80bf6a0e4a2562085ae28386780eb477",,
7812,"9ed2bb5b2c15e070343e3b614bdbbb0a",,
7813,"3180314e7568e6cbbde3290a8cde8c4e",,
7814,"9334fb142f82242fa4fa40e86125fab9",,
7815,"efc9dd04f065096e8aa43c8b0a6099a8",,
7816,"38810eda8fe13f0925392f56a33289a2",,
7817,"45a12dac382d88b2d99784216591cd97",,
7818,"4b152e31c8145b6acd0086039797ab89",,
7819,"1e6c33cd5a1fb748fe2fb2c5581c98da",,
7820,"75b9981353ce2ba02c5f05c66324c498",,
7821,"6dd541b376427dfd530d05b4b76e1c5a",,
7822,"43ebeb6412861d31aed9f56319855533",,
7823,"23e8524d6fbf5f03d99e02db7b06a814",,
7824,"02efd362419266ad58ca610ee9e715e0",,
7825,"25bf9cc5fd69b4419e534fc3d814839d",,
7826,"68e7ca84d16d2dc25964de299572bfab",,
7827,"4fceacf111c621d93666aaeafc1eaf56",,
7828,"858f8a09f3c0ed11e2e9f1b9160e9164",,
7829,"d066663b051b383f6769ffff7a1d4d33",,
7830,"8b55688165eb40560468ae647322004d",,
7831,"af57110ecf692d6841a4fc2231de3f3d",,
7832,"42dd5f788d66e6e1b7ebe4c0b2fa9c1a",,
7833,"3a660a6bee034ebd242e87bd8c970409",,
7834,"e5cd2db17e8c28366c233c5d667064ac",,
7835,"1f42adc5774dd0686275f5b140720736",,
7836,"c7705166e89e1951e8c28e2dbfc16dc5",,
7837,"b89732ed30e50720b1fdd0fa23633e3a",,
7838,"a8d80cfb1ca7f6ea0c1c61e0eb56b734",,
7839,"0ba605198c95caee2d14ca283143b6c8",,
7840,"f59a2c497dd1c27179e8da110493140f",,
7841,"b1691487bf9732de0577fb293b1b545e",,
7842,"86c958f1a04f34a1af7018f3caa12f72",,
7843,"baa631d3236311744752e2840bd49f75",,
7844,"732a7ca938612db29d7a5aa55e1e90b1",,
7845,"bb739710e74c4eecece0871086cf41d9",,
7846,"0398d04d508bbae763b9ac250ec473f2",,
7847,"f89227dadffde2bc38f6e5244cab0f74",,
7848,"6f4dedd53f548265f4e1a144f5ef00b4",,
7849,"546c87b1b66f382cd4ddf7dd092f6338",,
7850,"35f12af19f6094e736af3abd15c0dd8d",,
7851,"227a089ec2a662d98d2bb9b3f78d3c13",,
7852,"27b8d73b3c805c674e2be96c57023b1f",,
7853,"2c449e353b56da6abc6f8a86a6291e84",,
7854,"a69afb6ee191d510f7bbed58d7f995d1",,
7855,"5f5c5c0b8a2ef296af0b1b144bb52426",,
7856,"f856e6b01e603dfbf0f8864890940cfe",,
7857,"c5c492133a5601f3a73c071095319486",,
7858,"f9f647cc447e22427a5409ae48538190",,
7859,"27be4b3562bb344283f0af5cf9eec672",,
7860,"0a4f33a5cf7012e9a94772cc5eaeb0c5",,
7861,"261e84f771b3e1025e85f103e397a083",,
7862,"908fd8deb43fbac6c234bba9c0e8f099",,
7863,"cbe2d1f7e0381fbe407aa0d5f28dda43",,
7911,"dcf7b4c23e748363eb2ab3714d79ba15",,
7864,"f19ec8367d833aea5c298f193ea38046",,
7865,"64d7d8efe2e25c3a7951e63634dc50f0",,
7866,"0eb7087854fe90b8ff7ee0a137883d8d",,
7867,"5a0b2d3495ee392b0850072fa9da0a54",,
7868,"9f85b5ce8d72569f15d368b85dfca6ad",,
7869,"8913a8f96d68edff2e2c92813e201122",,
7870,"ad5a80b7cc8997f79b481c90571ce99c",,
7871,"305d7f9a07f5b7e6485887be6bde5701",,
7872,"27519ff32309be7f96e04395df453b7f",,
7873,"72175f06356dc4c00a2c1b4f52d19b85",,
7874,"e14e4c86d8d18bbfc64e073d6818d798",,
7875,"a826d1729bd37843ec6257b5b4c1f010",,
7876,"fa49ea60507a574000cfcd550c662ab1",,
7877,"fdceebb1812482d84f79423355167c2b",,
7878,"ae998c16fca64b0c762cdf39fb3a4a87",,
7879,"dcea4a96002d76cd70f3c6bd9be9abbf",,
7880,"5885061f06e95ab263cbc207e0126a5e",,
7881,"edf08c8351cc44f0cd3f1ec9dbaeb835",,
7882,"fff384ce292a34e9b8b4cc4b108b4743",,
7883,"3bbbd849aba85a1ca8ffcd07a1e4b8c2",,
7884,"e09c69c347f9245f376c8b3be3c1fd6a",,
7885,"7e7bf37e6e7c3f797199bf57f3033b4f","nordic",
7886,"1ca63b018055b9f63cffa5fddd26ffc5",,
7887,"ec0e92df82a020d6f68a7e4e55089474",,
7888,"6c2b87dc37ec6c10a9eec6acdd9a90ab",,
7889,"a1d36b522d179de9dede613e02c0d88e",,
7890,"76c4fb428191641e62746f4decf0f3fa",,
7891,"96006b65f9f55a5adce1c487d5d38ef4",,
7892,"e75ae8a3e16c241e2c13caf365ef840b",,
7893,"f466f1b5e066ffe099f75873f5f0768c",,
7894,"021d576c45bb51efa6b39b420e9effb2",,
7895,"6a743f4e2e456f7783f4fbf0561341c2",,
7896,"04eb3ea182ad58b39690e5f335fb5d0e",,
7897,"a78d00100d949b9c7a8aaa9524f882c9",,
7898,"aedc737a2e53f2ea68831805d4ed107f",,
7899,"0c8ca68a18efff6e890cd5ea176c052a",,
7900,"84548a8b3262ebec9f291377ccc99cd2",,
7901,"692b40175081180e66c314b476adcb5a",,
7902,"5aa8b771ef1dfe55067d66ead60f0250",,
7903,"1f231a03b9bba36b2f8a9ed7f7034552",,
7904,"8e991cb3a5bf58e46aee5eb570147ddd",,
7905,"b515af567d770b6498a027acad791226",,
7906,"d3f2073b179fb727f2f4364cf0a7cc84",,
7907,"3bf62e8d812e2667b1cb0bc24af6fc95",,
7908,"e846fd283d91afa8a0dbefcb997b3cfd",,
7909,"210db5839a00035b9c646a89ed16f187",,
7910,"0c133743ebe4b01778496bfbaa610865",,
7912,"00d9cb13d59cfa7bc50e3ac3be201da7",,
7913,"1153b7b7b3f56b642c433d6371d0f858",,
7914,"3ef23a8f8ca28fa2faa43c284c0b096c",,
7915,"ad3ea9de7e593961e58f9a362873d067",,
7916,"fcbf0ae242e444581f2c7169ed18a059",,
7917,"37f807f85a7795d5c829ae6d4d208d11",,
7918,"a3cf8edd1ceb2661f023a282a2cc9ca5",,
7919,"3ae5253dbc203e61708ab4b29441732f",,
7920,"a73d8c3dd63e3914a367b02038d115b5",,
7921,"016c2e1d11927cb74df13e91647b521f",,
7922,"9e49f35028c8e523987d9af8a41feb4a",,
7923,"62dffd52291975a60b2c079f2b671c06",,
7924,"09de4f0478e52870d5dd833ac3f9a7fd",,
7925,"7692e1535fdb67e65ae1c4b2c1e79e95",,
7926,"088e3853dc6581e8bc14dbe0888ad342",,
7927,"7c524ce87e6df26104db0ae110bd407e",,
7928,"56a745e4b47a95819d8dd7dd69014c6b",,
7929,"b467446a74dc2bab3d02b451c113dd6c",,
7930,"9d3db8f77ba40f7e668910489218d859",,
7931,"b2be114f2fa3dc812819b551dad62065",,
7932,"03cdc80a57992a209f76ee6b8394cb22",,
7933,"822b54480a1c469d0d9eeed3883c7ac7",,
7934,"9c59eb25b7ce141b884c5b4cc22a41ed",,
7935,"9599fbf6fa857b4bcbbe03c4f122c984",,
7936,"429ebb0361f2ae046e1e4880f37a3c98",,
7937,"f5a2a88de898dd521cf472dc3c5e0ae0",,
7938,"b49797d0cb315a4d8417730ede653105",,
7939,"276b274fbb1ced89d469390dd1a5d2c0",,
7940,"a2c85b6756d3803a9e2150ad1214a61d",,
7941,"68fb2a4399254aba31313733b51df09b",,
7942,"80a767054cab3cc9a1d2f5fc2bdecf95",,
7943,"23c94997e9b33b7aac3aff6a90c0aee6",,
7944,"2b011d4f00121dfeacf3ea8f4525ac2b",,
7945,"eed3cc7c6d9271b414c48fc377248b31",,
7946,"f6b12fb9f31aac2ccd76ce7a2750716d",,
7947,"ac77fcc867811303332963689b387c1d",,
7948,"15e305472ad449eb2915b276f103dc42",,
7949,"3436c076ecc5ea9e30d321bf36013204",,
7950,"5413b66d553d7aeeadce9faf556bad58",,
7951,"b1f71b8594f2b00ffa8eafff0e3fe041",,
7952,"04871a53a450ad40b7df9528afd1959d",,
7953,"b8e61098f6f8e2357e5e0e7e8c9d10a4",,
7954,"81f69c3cf301d02793573ce956bfcef4",,
7955,"09dd0ddefe7a96d23ce95a46fbeeb317",,
7956,"9adbfe2d928590e40ee61711041ebf17",,
7957,"d29b28933200f2dedd1900fc2a04e2ab",,
7958,"fa937b6596298b4bbc9edb6df4adca2a",,
7959,"eca88b904cb9f0f075257a5aa2111485",,
7960,"71e34bcb522deabb8e7d65d0b9ff3f64",,
7961,"e8565147eb8f0027e8eacd871c6d454f",,
7962,"7afdf7b853f8a304bcce40c02b15e679","nordic",
7963,"3e68d1f340e25b46248d564b60dd7f74",,
7964,"bd08d911326d84fbf9588724d964135a",,
7965,"f5b6133d5781718584e7a37198391be2",,
7966,"97e75a82962e8103d6af5090a685aef9",,
7967,"853062551633c3d5d74e1447bffed9d8",,
7968,"1f69e1bf2d62fb7cd9cdf87135be7280",,
7969,"d4f65f301f267261822970e01689b8db",,
7970,"9a51128f4c067d013f52bdd26a70e912",,
7971,"77088c5845ca74e52d986cec7bcb042a",,
7972,"9ae94fbecaf807df94e5cc520b4c22e4",,
7973,"16a295b3cfe280ea070727713049a2d9",,
7974,"f8c6cccf3682a386f17d5dcd60c49f52",,
7975,"d1bc0e816379540ed6ccd9f039339adc",,
7976,"4b300b0e2a3d0e8619f15e2edf83c6db",,
7977,"7be8f043b63afd6e778be61941f884bf",,
7978,"66fc631a268c006661f1e7048e2ce5f4",,
7979,"80acf4b553d42a05009a50974605f741",,
7980,"66f39393c9f676f8a295c8b313494b52",,
7981,"f5e3071580b9b20cbc34382ca5e3f28b",,
7982,"eb607303b308e753d4625dce71e35fe1",,
7983,"fd4925e60266ad2e11e9a7d3a06e937d",,
7984,"942bbe23a06e99f724fe8a5dad5137ab",,
7985,"ccc246ef7f40d9ab8c2185ceea2788cd",,
7986,"a75a55053e9ab82d4822ef048eaaabc6",,
7987,"41c077e7f3c54e7f42b101a8fc640aee",,
7988,"2be199e967a391e27ca988afde15cc3e",,
7989,"540773bd30e4713fa32b9eb2b869ef8c",,
7990,"7c1b918bd104aac9eccaa695e4b12d44",,
7991,"c04c09b09ec3621b3d62c5a0dbbbab31",,
7992,"b27f14d0a8c2507531e097db37934825","nordic",
7993,"dc43c8b6ad37ac2811580ded07a28352",,
7994,"3da1eb6b61084e22f1a1c13a3249f64b",,
7995,"8f835973c6e6edca8fe9294b3989fd4c",,
7996,"7c48a7d01b5c553637f85b23335562b3",,
7997,"a6e02cb61048dd82167d33b9d3ed4084",,
7998,"a2e232530ec91f399147efd43115d035",,
7999,"94ce1e73ebd211cc7522876da538fe2b",,
8000,"d7e8959992ae3888568b79e6006a27a4",,
8001,"b0d0cd002c63593e8cc7b949941e976b",,
8002,"cb70ef11cb0af1e4f11f81070953bc21",,
8003,"cb2a40144953e2e87a51c8f60b0aab2d",,
8004,"9c7713d81418ffc25ed069ddae6d1d71",,
8005,"cc2a25a3149ba57fc91eff9dd0a7a520",,
8006,"4e98a87602978867f584983bdd8881b3","ti",
8007,"bba49a584b8bf87f12e4ea152bc75361",,
8008,"95a42374b0f11b1755180404027b0724",,
8009,"cf54379ec591452060ac31e7b9594dc5",,
8010,"f197aea7b9485e336d75a874ee5bf225",,
8011,"cec505a72346acb95913bb15c77b5f96",,
8012,"6daaf76e4418b78bd26e69dd9af3c8d2",,
8013,"feea228ed059c3a998c12031313242b8",,
8014,"289529c02467b4e9285ed81ea6df5815","nordic",
8015,"6aa4682b48c3c16ac50018457d5adf2d",,
8016,"e13e003788784025b0d39ede9a4016f0",,
8017,"ba5339d916d1337206baea675b1fef5a",,
8018,"40bd0ee5af26f5d738e3696b696313fd",,
8019,"31f36388b54916b262f2189851e171bd",,
8020,"ac9c6a9ba60704c19cef1fd7d8551dd7",,
8021,"e0bdab852a236346855244447a17cd52",,
8022,"20fe706fb8ddbd08c154cc86634f3ae4","stm32",
8023,"43587fcb77edaea9956958a09c34fb40",,
8024,"4ed96698ffb24bf9a347200b095e8913",,
8025,"2c4a422af9f0fe3e88fe8dc98b94d0a0",,
8026,"6a8d55d723842d6f8bb613ad590e8359",,
8027,"92ffa5af990ddc3d45a3489c7a5dfa0a",,
8028,"6fef6a3f671c5dd8eac0b65d5fd74047",,
8029,"f3058ba6761bd5c3773070906221e13a",,
8030,"2c7df80be41961ea3c68831edba6263d",,
8031,"8670d4933f206c0bed099b41f31e626d",,
8032,"c64e654c7cc0cc3317bd6d9b6e231ec9",,
8033,"7c57d9286584c7c6c0ceb59a1bbb9a11",,
8034,"249e9b6566fe94de60a94846249a1740",,
8035,"94de16d65a16e7a1f85677800dda566b",,
8036,"eb50934326728861b7ba9ac3cc9481c7",,
8037,"6d18b3e388af9da45b6e043a2063f8a3",,
8038,"4dee2a67e42467e55b6e4ac7ffe7c4ab",,
8039,"fb65187cf6cd1cfa07a7159521a53588",,
8040,"055da5822f792461fbd1d7a8dde932d8",,
8041,"d0714d5913c36f9757486404937c49bf",,
8042,"828a915fefdd1af69ed5fc99d11cf227",,
8043,"9122f663bad697af8881aad118348a7b",,
8044,"b10f3e8a1ff6f6363c53fe80f3618214",,
8045,"ba1417582a93f826d9f3720a9ed84e65",,
8046,"d889a52f9373627875923ae714d04deb",,
8047,"9256f4f099c3554586198fb007d68e6c",,
8048,"d5cb8a99639b71536f7010bcfeb2df82",,
8049,"ea60812c6d7c9888ae0e47596679bad6",,
8050,"875de23f8e58bdda94d5f283327d5ff8",,
8051,"e0e766bc8b1f45c56b97923a4837b189",,
8052,"0a504572b421a0fcd74460114e30298e",,
8053,"62f5f2cb3c9a4009a17c6c934f10a684",,
8054,"78d85e59e44c6e1ef2cc887bbc7b0672",,
8055,"4f9b76466787c18fdcb85f3affc00268",,
8056,"aa29a1ef0f18f624a55afd8e82348753",,
8057,"916397935525767e92fbc2a00c8f07d8",,
8058,"d3694673d26bd1c98b17ae3aed9eb3df",,
8059,"536170275b24a989b7040c01087a81e1",,
8060,"a9dcdc7c3267291f5a28767d8fd12dbe",,
8061,"da968ac0c7c075bb5b5f5d91d80df431",,
8062,"71b200e52da968f18037bdad0deba00b",,
8063,"f86accb58cd708649d8778aa7182be6a",,
8064,"9a39456f0001671d1d6d9dc30a581fe0",,
8065,"d90e45bf1c2f5b7c5d84737da6ab1536",,
8066,"5ff9799b608e07f56e9cc0c6b1a833a8",,
8067,"1e3125403482527e55793da47f8fc743",,
8068,"3c8bdc213b5e872b57be14941d0d701e",,
8069,"5541a937177b99926743559f57913b17",,
8070,"6e1f171bfcb062e86821ad7a185e622d",,
8071,"73d748d1235ff5d134b3c4325770ef01",,
8072,"7021e672fbc6e7a18f523ce5bab3fd5a",,
8073,"4064142bf3f2f10de3fe5654324eead0",,
8074,"bb2a8f9113293d434dda555187e59b93",,
8075,"cb0ae366232c2460700d1071f55807dd",,
8076,"f4d1136d615c2b4865985bd3d094405b",,
8077,"09b7b2d87a710e66b3a2c98d8a25b0f3",,
8078,"edef82bc9c40d428408071507b3acf53",,
8079,"d45537a488327b32836d8202b6960574",,
8080,"9507c4dd1dcf556ee269cafa8bdcebb5",,
8081,"d60d87b70ed56c2575801f71f13f90c9",,
8082,"cacb13d824dc7bceb678338af30fd787",,
8083,"6036c37ced627940f27489f51eb0873f",,
8084,"84e9c360fc36482c2e58e1c4302c8c00",,
8085,"7c26499075107092d4e1f7437b68049f",,
8086,"5ab916864b625941a9f642f5603c7450",,
8087,"f3c35ce0c03e0f6cf33bc9e2f2014694",,
8088,"34dfdfab2363870360ac9b67c67e2ff0",,
8089,"cd749048d0a91f0c39144e3d7edab420",,
8090,"3760c3ff655874495ca66c32ce43570e",,
8091,"0be34c61ce8d5c077d607fff205e6a13",,
8092,"de463f5e44b2f33cc780b14ef1b0f564",,
8093,"af79920a3c4066afc56aa1a975a70687",,
8094,"60424c7a7c7a60f3e7113a872f4c17a3",,
8095,"194b7265fccc2259aba89ad02007b5e3",,
8096,"6953fe029004148c3e4d6f9a91396d8e",,
8097,"b0b3899a18fbd39a240d83c26840312e",,
8098,"4dc7877516b23e09289914194f2c3b58",,
8099,"16c98373c1e07376a7261ddad60aac57",,
8100,"5833a244fd3ffa4f4499e6a847595cca",,
8101,"caa904fd25e50e8f135e58c43bee72fa","nordic",
8102,"83ec02fbd744403a814139ab8459cf25",,
8103,"25cd0e71924420b342fdda43424a1f1d",,
8104,"5f8bdfa7bf6034e54b3db4ad9aee2389",,
8105,"7fb6ef65b70a0a572986db8fecb27477",,
8106,"3ea359586b29b8329b49c1c4b6648f0f",,
8107,"7115fc53713e618ba594e708ecc69dee",,
8108,"740baf002b918197d822de7664bc6c81",,
8109,"f976252ab245a2c3a94b66fdd3d7d220",,
8110,"d0b0323b07c106bb3b1e52c14861a48e",,
8111,"95f5c4135fd2680f32bfcd521ec04606",,
8112,"dadf4dff20bab530d38a40508f1ababa",,
8113,"720cd0bf69bce8b8886ee6794a2d500c",,
8114,"609b383b8d576118308237bc13b5c533",,
8115,"ec8d14d090393c6b0ca5257df222b243",,
8116,"45cd8f70bb7d8604abbabe7a6ddf2cc4",,
8117,"519f207c3728e0f4bcd84c24815bfaad",,
8118,"92030db212178bb75926d97e9b9f5e2a",,
8119,"0a02c085fb4b570427716c42a20fa445",,
8120,"adf75c51a2af78b3e18bc1338a948ed6",,
8121,"22588601988d4e2699e16f1cd36e6daa",,
8122,"3ed9545b0c0b58637b33abfc81906e86",,
8123,"6a75b8bd535cf96025ae0cdfb72968b9",,
8124,"1f5d7beb43d7a0858bccd053e33ed324",,
8125,"e596771fb66da24ea973c0e6a64f37f7",,
8126,"d48b28a4af36aefde181657fc06da631",,
8127,"fc906f6dc3a203e0bac92e84e4462197",,
8128,"be57d23fd8daa56784b52ec41f83e4d6",,
8129,"62b2e358f3efb84246b751d4504dd5e3",,
8130,"490795c8de35525e35dc52b6cd9094a1",,
8131,"f965d96dfafb3a132fc5b9ee93b175f1",,
8132,"5310524117200cbf918ed649bacb4469",,
8133,"2a230a5c4148f26f947adde3fcb13e49",,
8134,"dcf93a0303ada8a6a7d51ff93b44951c",,
8135,"7d3bf61060ab8304e1fe5c091eeae254",,
8136,"7310fae623a33150ffde2bb795ed0867",,
8137,"484ca4a145ccc88c64b821361cdc9d32",,
8138,"3558003e8cb24da617509e09b012a7ae",,
8139,"4cf02f448bd0dfaf64e1f6d2857fb3a2",,
8140,"b169da31b50162f4a94f6a522c28344d",,
8141,"24f816f6f08461449499bd9b40e8b0be",,
8142,"96d2daef5420c2fcf433a5ff6d6e9a7a",,
8143,"af6036a97cde0376580180b5bae32c70",,
8144,"50033f10d56577ac3f90022cdc3d0a77",,
8145,"f0341db93510e4ce54f82d0cbf96b49f",,
8146,"da4653690bd4b7ffc6982c8d51ea322f",,
8147,"ac41a1ad3109e2f32957ca160983bcbd",,
8148,"82c7e9dee114343abd183ef03c530a31",,
8149,"28247d0dcb038b6d17fa107072370bf8",,
8150,"93a7fc6ab305d9f44a0cbc57748af656",,
8151,"74a9b61cb14b3883533dbf0c516660fd",,
8152,"29214a7c2104d0f1d8379e495b037cdc",,
8153,"cc4bc97b54d6c2bec06ebaead65b62bf",,
8154,"dda7d42896f361f25d1b3d27248170e3",,
8155,"484592d0802464629bbd8182f5494903",,
8156,"9d21908a156d5b7fd2c0c14f44a6d606",,
8157,"ebe3d8f98859ab65a284c2b6a6cf2714",,
8158,"52da39265fad72d17a28cb1dac3140d8",,
8159,"7ca2d96f199481b83141d2e0ae088bbb",,
8160,"bf68cb86ca4fd1f6174fc5765918eefe",,
8161,"ff3b7710531029d98d42af83691712de",,
8162,"77b136918df8be32fb016357acaab2cd",,
8163,"f3480acea20fef14ae7cb59f157e5626",,
8164,"5d539c527d0a43a88499bf92c40a7384",,
8165,"fc9596c396674ec431e7cd0abcbbf1fc",,
8166,"befc65a48351429af9804c0b8017abb2",,
8167,"b11c8f169e4aadb536db24d19865cb43",,
8168,"b707009c46b14088ee9cadccdb9a6204",,
8169,"62860cfa5704034da57bf97bb60bf86d",,
8170,"6247fd645b9a12f4960598b3d405d26a",,
8171,"e9a91068dd710743262d8a34c11e3d71",,
8172,"a1be93a40a02342817ed2be5c7a457f9",,
8173,"7ac35bed8875b6995f6d8ffd0675a4da",,
8174,"df335104d9fcc76fc0a1acf4120a2eb6",,
8175,"c7ea09bc34ef7d16ecfcc95a61c38425",,
8176,"a529b260e8956856024b003dc8b1407e",,
8177,"4a03ff013770d2d11943e95555b4a65c",,
8178,"22fa4d32529f01e489f1dda946645f6a",,
8179,"739f0c43a9464f4581bc473726502f9c",,
8180,"04168b62631ec9ccf93bc3b9ad26a51b",,
8181,"58407b04aa5cc9a968e038f9e14920f9",,
8182,"f41e4bb35b9c6c12e7abe6ce36a02e7c",,
8183,"e7ec051cd401ef334e258e70716897ae",,
8184,"f2f62d0eb2a3ee2760abb81e775d57ba",,
8185,"758a6b5f61748f1d7dbce104278250f7","telink",
8186,"051333590579eab214b87ed04def31f1",,
8187,"11ac71702313304a7131da824992eba3",,
8188,"7279b666581d4e80fa91dae4ed4d2fda",,
8189,"1aff6ad8ea9d3fc9d34f0e405d0ca276",,
8190,"6ea2c3105be37a4ea667a53fd0cfa44b",,
8191,"48e3b5aa20bfe919844c71e4f6a34233",,
8192,"c2923cbea4c8d224aa3d0bc5017d325c",,
8193,"5af66522a98c5b89e565455ec28eb282",,
8194,"6834a7236a3e8fffc812c6ea3b430d13",,
8195,"58494ae47bc61071473a3b5fe7ea0d39",,
8196,"7419dad3d85aa7b1c13b69de8f8b9670",,
8197,"f23077520416e41cded2b21ce89bd7a3",,
8198,"693cbb9371c5b9e16834cbc597be7484",,
8199,"9c5af91bc23d0042200f82f78d02bb55",,
8200,"21fddfbaf2c6655a0e0899ffc5ec43ee",,
8201,"98120cb8eee34dd094bc5e9876b29954",,
8202,"1ba47c153fcb2817deff367938ab5d44",,
8203,"6b30655c6c42215715061564af96c92d",,
8204,"46499d5b2ee831927b6a9a4718c338ac","nordic",
8205,"4adce40012f9a1893037aa378c30924c",,
8206,"c4ca9e9e5abe27a2e5a576d2aa1798d0",,
8207,"dc0f7cb5b4c6f40ec87289abfebc3b96",,
8208,"48cc6750ec400ea72d49068a6c08fa49",,
8209,"2e0147cf681f3b87d9d220dc834da671",,
8210,"9bf886aa7668bb6fe5c4f5f5b0b9b806",,
8211,"b8e1cf61ae0a0eea2b47bd8d81e1c045",,
8212,"a70486dd3494c861b403f67f3629e6b5",,
8213,"c344a5faa505592b51c5617e5d653f6b",,
8214,"502249a6c794422e36b406bf39687cfb",,
8215,"4291a16eb57007342dd894d4a61092a4",,
8216,"b5d0dc0cf9bc45f0a202ca291f4caad5",,
8217,"580ef7a97a6cef3e2e76ff0d78640b9c",,
8218,"e3c59822b436b98781136a66c35b5efc",,
8219,"561026603d83c1938f49f6cba76c4b0b",,
8220,"64b7e1d1f5ac80c81c01f02a645f9a36",,
8221,"307933f7504315ba2aa0ccf91a3c620a",,
8222,"5aa853b87834eb1489a996b32c73fb11",,
8223,"1ec673d1cfb05e9001d57e776bcdd00b",,
8224,"717f29226bc754b72cf2bbe6aaf7db05",,
8225,"275b56c9fc5dd74fa1a2721fa3c0a622",,
8226,"16c947e15c310d67a6fc67d74b9ca235",,
8227,"cc5b44e56054aa8dcb19626da4458c54",,
8228,"0332184e698cab68d20b62d585f16a3b",,
8229,"8af48872f4d62882aac8d8dd52932a81",,
8230,"26395b2574731bdfc59106e9ff30dc72",,
8231,"66d53b951954976d9c0bb331eb7fdf83",,
8232,"c429cd012e4895fecee9b754b37e3b8d","nordic",
8233,"82496675e53358d355614f20752a3344",,
8234,"263e4a0931f60ec88e42dc73ed0222f0",,
8235,"bf6155a25936a83c0763fcef96f8b307",,
8236,"884048ac77bed66272b7bfb33622d316",,
8237,"939ab2cdb0b04b1d6c0b5cbc13bb8f28",,
8238,"1e06f17c63672a212de821f74ddaf0ae",,
8239,"f731df0e130617be52f462432016629e",,
8240,"aee9429a4a70b13a9037619e9ab38200",,
8241,"fb79d3e2897b3fb6569616cae75cae01",,
8242,"39dd1fb26e9600f926770a9557722224",,
8243,"afacc40bca125c932b3c3933191add50",,
8244,"2d5746d72f4130f89848f2b3916ee04a",,
8245,"651762f328aad4ed75978c22b1c6fde8",,
8246,"6921b9a64b69c2acbaacfa0706f58366",,
8247,"64a90cdac7726ec2c5da21e6641a0f2c",,
8248,"0891cef5b32acbf4e497cb7a97ce5e04",,
8249,"2f49f150002a5d8a3b30f79250e1e9b5",,
8250,"92050b3d5d288441d27b66280a6a4919",,
8251,"35382107dc85ff7f6ab44b73109e96d2",,
8252,"74b6afbb37d5b2ac86c0ba102a97071c",,
8253,"654cd90a812e7bebcfd481c6591b0dc1",,
8254,"15f0a02a081782f7850ae989b7bb8bf9",,
8255,"2a2937ae71324b6e2198eb575af4145f",,
8256,"200de3171598da7bce4ed59f6557479f",,
8257,"7e29b987cbf9a523fdeec54740ac1b21",,
8258,"8c7c6700067407473dfadbb7cc37063c",,
8259,"c65cff34f51a3a541739baa6475d8f1a",,
8260,"5c67f027d9dfb36c50b078c06c05e3f4",,
8261,"700672f31ed8825190b629327c88f811",,
8262,"69f3a93760da10e7532dc660e4c6191a",,
8263,"e03b3f5201389dcd7e65f7bcabe90fe7",,
8264,"d633ac37b73138ce4bdc3c6691009e05",,
8265,"85cdb20156596a86da39694e53534f89",,
8266,"f16ae7374224802c3ba631a4d1d9c60d",,
8267,"80d29d5d769c3a418ddbb14016cc767a",,
8268,"89fee0df7dcd752d082477f9222951e0",,
8269,"b7aba2521288636309d9a747f9be018b",,
8270,"8677e4355882b9cdf3e2af21c8e371e4",,
8271,"cea4626c660625cc96aa1ddc46eadf91",,
8272,"5b63fa75d0ad911cdd64f9b9b9d2354b",,
8273,"e7fbe11e39b4d0538956c3154202acc5",,
8274,"ca4a2cb7839a60b3a7a69570a045f6cb",,
8275,"5860ab6b60266c867f5333c9aa176bf3","nordic",
8276,"f3723c4416799e6d7160324714d92bd7",,
8277,"c0fec85bf581361bd972b8d69655f735",,
8278,"dbbe87fa21e4d3df53f596d18c2d5dbe",,
8279,"ae8ad336a187b8081c6dc464bf6ab500",,
8280,"b1b92c4d57212d982a7b74fe7116e0e0",,
8281,"799fe054fd4ad695e54e4168ae5363d5",,
8282,"1d59f321c9b3ad39cb06224820dcc8ff",,
8283,"3dea8bdc1c64fa902412546b84a36ba2",,
8284,"46e3f112c3c9f48a9d202577632b23c1",,
8285,"44bf475ade104615954e9f5d13773904",,
8286,"4ede4728624079d4e2175b8957c9bad2",,
8287,"ca4840491b2dd9a05f22599849d9ec3b",,
8288,"b1fe46d9bfd82016fb4b632a7566cd02",,
8289,"03a3073c8ec71936dda1adebdb4fa876",,
8290,"3e21f3533d8a79f089c1672ba758e51a",,
8291,"13dcd4a60133d731eaccf4456b0f939e",,
8292,"c6dfdf8ec7c5c3e44a6304b4be8e3f4e",,
8293,"2256d74ffe8e1e50d4222ca090d5dccf",,
8294,"bece24f60537f612e6fdf774fd01bec9",,
8295,"48927d7c3b66ed5fb1553f237b7ea681",,
8296,"5b4feb3f418fa1725ae7ea2633071118",,
8297,"522a606fcb3597f76cc704c3cad8c396",,
8298,"832203f14476ae3b0648dd8ac058018e",,
8299,"c13ecb41cdbb891c97a058572cdd1a3f",,
8300,"ebe7fa1731915cac0c74f756e1087570",,
8301,"031834d81f5ad5ae5800f2dcb2cf79dc",,
8302,"601b8719711ec545e7a353e8c19ebecb",,
8303,"603be0022bfec22868d30feda494a4ed",,
8304,"6efab206b15a64c7c017b7ffe37986d6",,
8305,"8a04deec7c69311930c9742d59ab0738",,
8306,"1c2608ca7441c4e6f0c9eb784aa0aa95",,
8307,"b13d8adf148202447e526844df96773e",,
8308,"830cb252c42a357787ed90d25a4f3c39",,
8309,"7839557eee327a899ef325556755aa1d",,
8310,"7a9af4e6a0e3be1064bcae3bb4e8ea74",,
8311,"68519d4949c3a248ccf9a5994daa9f26",,
8312,"19e34f6ef1e97bdad7cb21818e30ffcc",,
8313,"42d19583f0f73db03cdc2b3def1aa80f",,
8314,"dac314b406a6428a1275db87533d38da",,
8315,"675424f243a8f9f9a88812ca7890f49c",,
8316,"4ce050f5ecc4db1ef3e4bf468baeee52",,
8317,"4326edb8ccf132db783c942a0e322e8d",,
8318,"7ecedfcb8c264ae1a0baff4a6d412bf8",,
8319,"2d4f0dee2823c95a0a12582c325e794c",,
8320,"b68bcc9025046a46fc5a0d8570100c4d",,
8321,"45d88ddd4be8e752ca2780cd7168bf54",,
8322,"41d46faeda4102edd0bcead9f09427c3",,
8323,"a910f0620fe0dc0feaac999e62c3d081",,
8324,"c17af919c6fd05658f5142042906acad",,
8325,"03cc51217e42bd35920e11a65b2c8a40",,
8326,"7ce38ac95ca33974121971e8ca8986e3",,
8327,"01b334668d7da5818b6c7b650286e81d",,
8328,"5be58cf19d7ef6ab906b14a0a662b80f",,
8329,"89d1573de14a87d8428ffa09b3a43fae",,
8330,"a6d87e7bf2c0191fe9490f6dc6cb83f6",,
8331,"03f7bf217391fbf8c403397deffd229e",,
8332,"1703336ad740e79f71711a434a635941",,
8333,"2a01116c269433f4ca32142a922bd9de",,
8334,"ecb4c617bab0ba24e784de154790971b",,
8335,"3be0492be7dbf9bcb5c4dbe9b301e555",,
8336,"cf45a7a4a5ba0b2a0934739ef237aed5",,
8337,"fa0359a0c88312688262a25cc750a545",,
8338,"016b068eb7e7403a021d6ed8b57ac20f",,
8339,"3f04ec94470fab06a3de0637bd9aa620",,
8340,"aca67b7ad1cb3f95bb74a3bfd8c185e2",,
8341,"ff52a7c2ab7114cd93bae959d96c2427",,
8342,"fb3ad13fce6d28a81771eb677a4462b5",,
8343,"496b6c9e8f697c2ae4fcce17f044df14",,
8344,"b565fb83e1cf46a1f1ff6ce28b251e52",,
8345,"6040f9ec11c689e338df281875ec8f6b",,
8346,"63c7d67756856726ab76c699fdced867",,
8347,"1e3d0d950e6667ff2d96be24d383f73e",,
8348,"737e6bc6d7b70601d27732ff1bf95d74",,
8349,"fe10ca47bbd945052c4d1427541e270e",,
8350,"0706e9ed88de9c1efd33260ec4c743ac",,
8351,"01c13eb6fb22d9b4880d9fd421d815a9",,
8352,"f0bf00df4217bd2b6ae91192261225a8",,
8353,"0bad135fe125a4796f35a35df41487cb",,
8354,"6ed81a33ee6a96296e423673304b2a21",,
8355,"ed5f61ae3667f3103e638f57ec619e9d",,
8356,"0f1bfd78f4477b95b17ec3880cec262e",,
8357,"0206f621b868d869f6d94b287f595eee",,
8358,"2f4018b1fafbf9f22996cbd8a172dfe0",,
8359,"f84f1b834bd8f69443a111b1bd12f9e3",,
8360,"bad858f9ccbbf988e4553ceaa10ffac0",,
8361,"e3498f55463c20868c0d42d4c02d86ba","nordic",
8362,"30c176eb5e72e0cdc5e494278942cb15",,
8363,"3de950216999311e1ae3893bf27f93a9",,
8364,"239f555432107e7cdf36c95966ef328f",,
8365,"66ce9fd5615b97d8440ec069de776cd0",,
8366,"eb12e18217f7ab27d6f4cd478c2c61d4",,
8367,"3519612cd874d840a510d575559d6b9b",,
8368,"ed59fcce4dc88b545d8401ff49c1a106",,
8369,"d483d70c813ddf3959bd69d87eb541e5",,
8370,"3c4f9b85a51cf2d8ed7fb3609a8ae731",,
8371,"3cd627af3254c76ec2167bdfc01da8a4",,
8372,"8132eabf3a8fa6ed6ee0bad78f0de756",,
8373,"d36665969fad7e71ba7a0bb5dc165ec3",,
8374,"a75e8d507cd8af4b771cd0730d67714b",,
8375,"f22b312e5e30d763a8079b3c4948e8b3",,
8376,"e3ea79e7a2f4f70b6bc54c5f805e05af",,
8377,"e742d0d6f4c962a5e599d541e2bbb374",,
8378,"957bdeef6bd108c4d7ec58277606ab1d",,
8379,"878836e2c6c49952fc43e7f74070c376",,
8380,"5b1bf28c9a0c802955f8cedb22892160",,
8381,"9338f55418d40551c73ea763ae4d8e9f",,
8382,"a58fbd913802582ae088179a2d42f3d2",,
8383,"f4a9e768efe4a42c7b0768e9f1b63d50",,
8384,"9ef930ac09d11c2493662776751c8d8e",,
8385,"aee3b1c63ab225a7eb3e322ea3926cfe",,
8386,"d7d62ec7050db9679549e9ddf153cef1",,
8387,"9edc28b0a6a16a3700c2778ca4b4ad0b",,
8388,"e75202f1b3e1ed1896cc679c06bc3ab4",,
8389,"0d7236de3c58a2b59e9b85d55458403c",,
8390,"6b2b2cd76e997283214673044df42b26",,
8391,"d3a1bb7864c9ebc067da87a74ec9cf31",,
8392,"d56944163e5e257cd2b65739d36401f3",,
8393,"1b2dde145683c5f741cfbb6a22768e31",,
8394,"cf1a2cae42652a696b7b2a5bb20ad78d",,
8395,"59661fee2a9113fb9bfdd61c62d1d0eb",,
8396,"a5a1cf585d0a1ed2fa2d9064072bfe52",,
8397,"5922b6356ecf90e3ae45111c2955d92e",,
8398,"4b7f2a3aae45ca058146362e647c1a82",,
8399,"f6b58a9acaec4ae2846539291dcf2647",,
8400,"c6654da5072550b9285e227f477fcf10",,
8401,"8577a1e7f6c6cf446472d543e983383e",,
8402,"bc1ecd9a0181e8a07b67e3c0f826cda8",,
8403,"525b76b956d633cdd7e0f522c10388be",,
8404,"950587e684d6973c67109930a1dce0b1",,
8405,"558fa94ed9e22d7903a47bf719008e0f",,
8406,"fa3a4a00a7c3a63e02d068391b3a08de",,
8407,"57e8fabeb42de6943d2e8d4a2a90d8d0",,
8408,"359bdb882e7fada084555148cd68bd8a",,
8409,"3e08d61531b186e66abbe8ca4b7aac90",,
8410,"8d8e02a8be609c80c6e718a92ab7fdf6",,
8411,"1eb5172da1d8fc279aa458fc045f1d1c",,
8412,"40abb561896720229f328414bdb6d88b",,
8413,"cf09334952a9e13661ef3be5fe0a20a7",,
8414,"5daff360ba8e96cccdbeb7e729fcaa0c",,
8415,"05cfe416999b28c007d61d4487df024e",,
8416,"057b80414b1a2e98b7ab9af833275f90",,
8417,"539543218eeac8b2e4f80a8b5e26763d",,
8418,"d95d439b1d51ff0833a9b5c548ebc788",,
8419,"cf3b8a9e29b578a0938e343436fe90a6",,
8420,"bd538e20b17f747e1269267fc642dcf8",,
8421,"7001f84f6f1c9aa5c0479567c7996db9",,
8422,"bf50e4521f73e5abcf3ced1355366fcc",,
8423,"5ef97d5495cad95f0fbc8c7a616825ff",,
8424,"c125496ce0e9a807f4e26b3ebce5bbfc",,
8425,"97fdb7d168ab7d36d50c73bb76e38440",,
8426,"fb2903ee154bb9eb947c33225c204eab",,
8427,"f09acbe2a4cda7a410a33e85429ceed0",,
8428,"a72f2920d3e42e5195d0dbc997a4194e",,
8429,"d2a906623a83988380d39ae35be3d3fe",,
8430,"ec02382872421c4bec0d80b94fb4988e",,
8431,"3e43df6c313df11a30952517b3f0c1b6","nordic",
8432,"a31525641b45ccaa50bfc8e661f30b98",,
8433,"b8430e4cf1c443343105b4ea241b8814",,
8434,"d78f24d0a496f1ded0a7f19a825acb2b",,
8435,"2cb3a3cfbff7e73dae02472ece78a7eb",,
8436,"1b75d391f5b350ea54a664397d4b0a87",,
8437,"8d191178ea86dd1a82acba4b62b6239c",,
8438,"6b699361e532a55a1697eda840c93980",,
8439,"8920aed693e9af77de524c401a9afb11",,
8440,"c027b0051111ff8a995c844d9d3a8f93",,
8441,"59a2d4c10091e63786d21e3a6ec1b0c6",,
8442,"c3e93f64c2b4d978fd6ea7551e09b6fc",,
8443,"c3dcafddc7de12dfdbc1c2e82f38b5e6",,
8444,"728b42627b4b876c193df8134eae67e9",,
8445,"484d49046e7824f0c4eb79415b6a69d4",,
8446,"08564bde80804d3bb8fec3c2c84c4621",,
8447,"9bf40e7483f226f773adeced80159d60",,
8448,"c348b1b7cb42086b05cc9fbda0792892",,
8449,"e0f7a952006e17c60a64e4f109e1fdd2",,
8450,"29ed8a50df67fe44a5d25e69711eb606",,
8451,"41a66cd0ac51df988e922a39700a467b",,
8452,"2a5d93f00b3137e739ec4dfa62df9903",,
8453,"38af42a415e9c36cb76c7a2f6a12fbcc",,
8454,"d1c76b58134357c5581d74750b8f9a13",,
8455,"ccf01dc7502b469dabc30841a920e15d",,
8456,"3e795aa22e05b1ff4c314798cca1c22a",,
8457,"b26178e398b47ba2b102ba7c621a4cd0",,
8458,"9be0394433f39b638d3d1a710d573451",,
8459,"7e385523bae3143879d79e37d08b190e",,
8460,"63bf9eb70bf3dd52ef056968b06fd1b7",,
8461,"254933fb09248ff2192929e228f1db8e",,
8462,"84c9e06a578a8d4e5b848612d5b73cc0",,
8463,"d6cf7a918a3dddf5c89d246abd7baaf7",,
8464,"94eb41a9077a909c534551f0c6c5ea35",,
8465,"aec3914eebbaeac8e7b332d36517dc2c",,
8466,"468043886f05fcb2bab9d80e27957d30",,
8467,"7cb174ec2ffac708e689f0fdaace8423",,
8468,"fd1d29792f3958b2d4c7764fbac2dd08",,
8469,"a3f37d23eb0cb6bf49b9f0c224026003",,
8470,"4c4363b6e6e66fee778522d1e709488b",,
8471,"410e8bf6da619756a4a14c4e4815c663",,
8472,"ea6e8bb8fdfdcf49b4f67f5f193c37a2",,
8473,"5cad236b35eafd7336a72befe3b3d74a",,
8474,"9086527646ca67b87fc3ef3879ee2aee",,
8475,"0b60a287e5c3a85fbe785f9e0524df60",,
8476,"b131ccf0b44eadcf2c74bc7d227c85b9",,
8477,"26b061ab96c24d031a7e9590f84e3e6c",,
8478,"7fdaf60cc67ad8a105fcbdd48d0fc38b",,
8479,"ac5740f890454cc710d681c6ca50c5fd",,
8480,"b65d22b46c521e7ef761c9d1dfa4ae67",,
8481,"b23345c8782ff9e8419f9890a27ab598",,
8482,"dd7178e1485e17d47dc15be017100247",,
8483,"8b43980498b04c0ffa19bbadfefc5202",,
8484,"b501ac92d5448494a4834edce5b6e5fc",,
8485,"876d47699b466bbc751ce1f4fff544a3",,
8486,"de2e8396c8a42fc09024f8d10d98c7c7",,
8487,"b3fd2e1aa3d0e7c67a6b532aebb84155",,
8488,"de4b1e696ad9ddf4bd19f770d644eea7",,
8489,"d6b7c9fdfb144205bb1122da51a3f101",,
8490,"9f31b26ee042c6f077e2345a04eae4e5",,
8491,"ba56226929f8bc4dc917cb7a07d9c8ae",,
8492,"5d0b0117a5bcb07ef0a6afa968b20803",,
8493,"ecef026ca0eddc4a6362b32662febcaa",,
8494,"41bc2c1bd4a9d3af3fd45bf2d127237c",,
8495,"f50106c7510548adee2cb7138205c63e",,
8496,"57bf1bd9685bece1ce49257c54816a4d",,
8497,"9e311f9b0b77f9552ecbab4aec3373e5",,
8498,"6f06e6556c329b75cf864a53813feabf",,
8499,"b7fefa808648a19418a6b03904aca98b",,
8500,"aa2c48b79ceb58c58004ec1c6c20ab09",,
8501,"af3dc71f068cd82e957636b5977cf2e2",,
8502,"9201085826df462bbde41f1ac6c07dd0",,
8503,"4d16fe764b732140b8d84ac9d1ed0d0b",,
8504,"eeced7de5abefe95ef61d85fe2a51d26",,
8505,"704fd05f08ecfb3ecaab04d5557cf70e",,
8506,"791874df241d3813c1ac3ec85b336613",,
8507,"1be943483684239b87d41c9cf7dee445",,
8508,"5e99cebf449bab6ac209289c72f1e825",,
8509,"d2df911e1b394ae7f7f3c86bc0589e9a",,
8510,"7618e6b0898cfce190f7378dc38b5b70",,
8511,"e517dda3b119da8cba5ed4c7118100bd",,
8512,"033a38e798f903769f281f516d932c20",,
8513,"6b9941021c1e8a8b0607b5f7d3852970",,
8514,"aa9b6ff903e1da5e54cd22f435ab37ba",,
8515,"16a9b6392bd8a4a87470aaf7b2bfbbcf",,
8516,"33b2c43e4098b4097c3bf802b24385b9",,
8517,"e3ef9c095d509bd679546d508a82bb93",,
8518,"aa7c80d936706260db010906f0abae55",,
8519,"6ede44d6f6acc2c454e1534134610657",,
8520,"5fd753644ff52a8ee9a36bcb63cda961",,
8521,"f39ca96d8b75a7d8d24808251a94d4fc",,
8522,"1265bda7137f0b3db891e8c034d571bb",,
8523,"49a61bfaa60731b0a4e3286827089954",,
8524,"e3be332af48eccc7da47b242a0431731",,
8525,"c968f5a1b8e64ad5071618d806209600",,
8526,"757127e3ddbc99c97d2036efb3388661",,
8527,"4143b2cb741455351a351b49467499b2",,
8528,"9d9b1bbecd3905a60a7918d89cc73e1c",,
8529,"d2dc4327d6491463f3c2a8d5d82d6260",,
8530,"46393df04809462e5d45ec40cb0d9490",,
8531,"880e57c4485597744c879dcfaad41e82",,
8532,"eb635a5d14774173d3a5761ca88d127f",,
8533,"ea3b744049e6988183120f8a9916c111",,
8534,"d7263130c06b057fad7c72631c6535fa",,
8535,"5f820dd2418c8b462021b6b1529183bf",,
8536,"0a06fe102620b69d4f8253f94886f5c5",,
8537,"821b771d1671ea44b4065c82f1a9d483",,
8538,"0953fe955840107c3ace4888e12f2563",,
8539,"45fc19682a7ab31fe61a7147cbe1cb6a",,
8540,"0d54b71c440d42bc95e0ad192bfcd5ee",,
8541,"8237d57b600bb2d51c807d05596bf8fc",,
8542,"60bcc06cab0f5451690aeff015a86099",,
8543,"11fe1b881a70e3f4a4a341d5a9f33809",,
8544,"70e66d561e116385fec85f9ca745b35d",,
8545,"aec4c2e928bb9675c6d86dd7d0e553ef",,
8546,"afc36d0033a84a8d197e5acd0a539125",,
8547,"d979cda5e89d555bb97a1a4b427ec596",,
8548,"9131cdd177bee26757fe65cfa905f9ec",,
8549,"47a763d8063242b69427088b3e1b8565",,
8550,"ae5d34cc740f35d3681fbc9b79f955c8",,
8551,"570fcf934ca1118b6347f069420e66db",,
8552,"691486603098c37c5c2327b59ff919a2",,
8553,"0b013b59d84bbba8bca6fda45778483c",,
8554,"0f5585247dc802e466db1cf3174d5197",,
8555,"b0c4eed87e9c465c8619df025eeff39f",,
8556,"0f3a57cb27abb905099113ee628248c5",,
8557,"a0a3a82128f1b19a78c6cd4df2a22a52",,
8558,"5fcb58f3575fe57bcf9c301b97735940",,
8559,"22bc968a6ebc76f999113285eb821953",,
8560,"c59a7c7a134888916545195b0746531d",,
8561,"04423a29e78bb01d9be62256a65354a6",,
8562,"4456f73b42a295db5f89159cb72fffd8",,
8563,"ea7a621393871e579bcca1b9539e9639",,
8564,"4f7f2f9b1f2870f288c23b0ba8275563",,
8565,"9298a145ee9529193e53de7a0d180793",,
8566,"71fd5936a071a40f92c87f4623e0f031",,
8567,"2f4f30f4ee8ff9dc08d013e05482dbc9",,
8568,"67f6e9d2f49764323174e30f47e6adba",,
8569,"4fedd95048150823dc9d40cf87d2f78c",,
8570,"da4dfd809a188b3cf3ee465039feeb8b",,
8571,"218e1d2a50982c6269c6c107e345e12f",,
8572,"f5038f7bc0229fb763283323733ed124",,
8573,"b6e77f6b8c315c517353bbb95058d8cd",,
8574,"e00c8d682ff65ac0f548cc8f8866aaf5",,
8575,"7a7eb2585d0004482bc0eb8f3bcfc34a",,
8576,"0d28514297039189ba51200302776921",,
8577,"a9eff0025373c8f76f0f3599b779af6e",,
8578,"1161030d4910d9bcfe6d57aeac907a5e",,
8579,"6718b9195bc0fefb365c340ec5b93ac0",,
8580,"accf919b15fdb558da2191f5304b420f",,
8581,"79baf20142569875534494caca64f345",,
8582,"70b5b22332fd61e751ca19d47a580205",,
8583,"991212648397d52dc1b655a76c163a9b",,
8584,"53ab8aee66bbd299d4c3d7a65909bd2e",,
8585,"899c533f79f65590e1fe3d0907290117",,
8586,"28d6ea40f9b3c5b1f6804a37de7a843d",,
8587,"d4255ee99243b2be7cd73451ff3fb48e",,
8588,"7e2f653e6bf31a875e50467706296eca",,
8589,"bbd174b68af01dcdc5c8eff99b208fd6",,
8590,"f92f99f98cb155ddb6b1ec67334ada64",,
8591,"04527733ed102396450ccfec1208a3e0",,
8592,"58e1f3dd60b6439b0a18883bae9ef0f1",,
8593,"79e7be2ee7f4e6103e07147379ccbd14",,
8594,"3649de927b433f077c8418c3b45beacc",,
8595,"a9c5fb954453170a09dd9c3d017c179d",,
8596,"726fc664b7dcd761be33f890d8c87e28",,
8597,"ec2eadfcf9d982cdd78eee7b0004a1c9",,
8598,"d014ac137872137b70dc2423496f6c2e",,
8599,"7145241501bfc9c07f583f4fb140d364",,
8600,"962dbb2c8e1a036e5082472cbeed2724",,
8601,"ce5b503ffbd63bc7c92b4ddf06112072",,
8602,"f8689d999d49ee233b8fd674fe6f1817",,
8603,"fa96c8295a2e836f8641dc8df4115265",,
8604,"b22633eb09675519da7ece749212accc",,
8605,"099811087638ac72dfd32d0d2485d003",,
8606,"8ef21365a1b576ec5ffd9253d717691b",,
8607,"d54a76302cb38da11b7dd63beb5d7d44",,
8608,"ec3889b79d2181363cc9234b24f0cd24",,
8609,"104c79c68b696a07e21d7c832c6dac88",,
8610,"beb2f3f76fa17381591b660a3973d725",,
8611,"4881531391c2d6d9c5bfd13109666067",,
8612,"73c1c0a6a1e9d5730d287f5fb22287e6",,
8613,"3261d9db2e36453c75b4536722b75789",,
8614,"2b0923d2ae40143d80a10fd96f09fd89",,
8615,"447a708935465671b19d60d701afde7e",,
8616,"4fceeb69c7488e73da8097bb30e3fbda",,
8617,"4278401b66508b0f551a840de98f33db",,
8618,"5d9630b8f2ed03f6cb39f68143b94539",,
8619,"6d632d31e0a08fc257e54f3555c2b747",,
8620,"5303c6d5c79a50f3397054e9790d8deb",,
8621,"4dc78a51cf70d853727898722b1487db",,
8622,"c7fffc0ad14011f7e3cfa5722ac431c1",,
8623,"0a80247cca10a8ccbe971b2e2abac1f0",,
8624,"ef8fcd229b37064f40fb52e4b0abbb96","nordic",
8625,"8ed8fbdb4c4862133c233c88c34e4171",,
8626,"eda251fe239d6cdde47b62049db3df98",,
8627,"6827ba01d103514c4f48cd84436cf850",,
8628,"e6e87c91e60afed50a279cada184f083",,
8629,"3a30b49a24bf0728560ab5563fbce387",,
8630,"d4ffc0e361c444418c583c3f432c2ef0",,
8631,"daf40c2ab7d5e4d4026a73674c65c262",,
8632,"a1ec5788cb16333033713e5571f932d7",,
8633,"c4ce6cf25a56adf6bbfa0926c08807ad",,
8634,"7d8f66e1902fba0f1869e8ca08949fef",,
8635,"5effa4f5108e367bef395a152d27179b",,
8636,"924b71b5f96321525679edd98987396b",,
8637,"6a759070656c09e4ba27193df7ba5407",,
8638,"470d9a6d1fda9460f2b72bda0ff9992c",,
8639,"a0db99c3845513cc56888d9cfbc2dc97",,
8640,"cb96bbe98ee2f7711a2802ff70ce7021",,
8641,"ad2c7296a6af742c278cae5f5a610f14",,
8642,"2e9ddbd0569cd468e4f510ba78161f5f",,
8643,"4d1183f80a48b5a574594e6d9a38487c",,
8644,"14a5995eff05607d58d89464b68e8d1b",,
8645,"5399c2437afb712853e7f3b471566ac5",,
8646,"56bf99a309ecb4bb1f71448472a297b0",,
8647,"ed53b073e39087faecb6b9a6d0d85b14",,
8648,"ff9e9477784f6610d0db4d1c43a4fe16",,
8649,"4d15ba720da877f6104437181b17f099",,
8650,"1cc9cf134bfbb447896551dec495443e",,
8651,"cbbcd093d13efe0e4c864cbb44971011",,
8652,"8f01b46b19e5085147a168db23622b4d",,
8653,"b38a8fca9f6eccf364fc10fa2b25c19e",,
8654,"941d24ec7d54e68500c0fc6ff5c73c34",,
8655,"a6f7628c5e08434ef0eba93f50516cbe",,
8656,"a1a0cde490b2d160e55b255d12a40d24",,
8657,"c41bad6cd13a4eadcf60ef3c1170a7b6",,
8658,"5c5d84d8301502548a9a89591daa53f8",,
8659,"dd6e9dc2e9d98a57b99d30ddef9246ea",,
8660,"8b3ca52074bf0719576a3d40710fc94d",,
8661,"41fc1f643691713d06f6610c53e1676f",,
8662,"0ef2e3516d367c94859464a8b771be9f",,
8663,"662214a82a27e58625d6a4ee31552fda",,
8664,"e655432d924dbc2f7a55c992ece6f7bf",,
8665,"5fd6031cc9ee0787957aac829d758ae3",,
8666,"4a3e17c53fa8f3985ad3a9f3a8d45d0f",,
8667,"74e919aa002ee910a91e99b0f49ec216",,
8668,"cb401676bc4b2da55f9a9b07145b7e2a",,
8669,"8591958e4e0c0c131dd8b713e9124632",,
8670,"27dfba59093a79e4cbc918a36fd37ba6",,
8671,"9830439520f7f00b26e57682efe1b02d",,
8672,"c6ace8b3623ba0ff53afe4e0ba3cd9e8",,
8673,"7118e797438a86ab5e7ba606c7b118a2",,
8674,"a35347120e4e7e06a7db7fc3339583e8",,
8675,"f7b63ffe36289b0f0c42aa65736d60a6",,
8676,"4a9d6d877d20b65140f293652a25c770",,
8677,"5eeaba3bb27772ae93c89c7af10ff437",,
8678,"47d1b1b9a7fdc3dcc9eec78d13f989e2",,
8679,"ff0d386d54a9099198ffd4f5386d0700",,
8680,"d6fa3b3be9bf47cebd992157fb772bb0",,
8681,"e3bb4457082aa54769253e9168db2269",,
8682,"2c36bbf6e432464262241576d172cef9",,
8683,"710ab732828bd5fb2c47efdabfb990e1",,
8684,"4cc2fee86e598a823fbe9383bbcea939",,
8685,"358e8a960775037bd9ebd3eb4e4a6f54",,
8686,"2ab2dccd923de5a7b159f5d5f71f4240",,
8687,"902ffa69a9c637c994fd70d94fde762c",,
8688,"b8fef64edd5a237db65663aeda476ce5",,
8689,"97f08053846ede0c53a255f64e734344",,
8690,"c0a9c976f2ea366cefeddac3e7bf3f56",,
8691,"23aa973c7c69b3ca99f275b5a4563bbd",,
8692,"42a9b3b157465aa7cb0bc631528b2400",,
8693,"989886eec138c64b142dfbbc07fa7de2",,
8694,"0d252b4182bd5357fde0ae1c6d0666a0",,
8695,"f4051e2081478d769a14673c6adee911",,
8696,"04b169b26c7ec22687091fbb23754537",,
8697,"1df6b11da090ad4ef157dc538d2c3942",,
8698,"998d6637be51771fd6dd8792cb323c22",,
8699,"69f526c49111d210e5b961b41192fc85",,
8700,"baeb87b77f7b7644b1154e6b5096ebb7",,
8701,"837b71857126e731afad27351e38dae0",,
8702,"aa40e7eede5cee6cd2fa8119b6257793",,
8703,"92780dd0f79feec6a5e96f38feb57b1a",,
8704,"9e23c52057bb573dee9ba31f1fdba4fa",,
8705,"22d58a35a1e4d75367a8cdb64eee45c3",,
8706,"4d01bae4748567e845608148de1bf1bc",,
8707,"925b0db9eef3dddddcbd80fa593fb409",,
8708,"1cedf83ea2dfe373c98f205d99353afa",,
8709,"b8ccb284ef71a4e594481eb77779d001",,
8710,"a435f1780415a96683321bdd8870feb2",,
8711,"93a37dfb6cd176cbdb6a7243184107d5",,
8712,"49932d4f45634bbee66bb80cf50ed5eb",,
8713,"0e878c9379eb29d7d614676064b516b0",,
8714,"75a0bfa3aa39c2c891a5c4eaeb666326",,
8715,"a3c01ce24fa456d452803268ae033094",,
8716,"f370dd3ebcdb6708f615e43c228fedbc",,
8717,"1f78e901b159bdb49b505a52bd897a7c",,
8718,"7c2d753094dfa0f7e13fdf588b4941f5",,
8719,"e6e20d10232c227a4df00813b32b901a","nordic",
8720,"5a8e87984e6146908c094dd46daf8e01",,
8721,"825c99a11f1dd29f7486e88a6571aabe",,
8722,"765a96d3ed65e8a4160ded212543bb3a",,
8723,"585d80c402bba2f826d4ae1a8fde7b50",,
8724,"7b51eca7560c4c514556fb0c120bccf9",,
8725,"c6bb90f7be0a12373989bc1488ac938c",,
8726,"b90ee01cae3344d76909e0b46c0911da",,
8727,"8e048c9598ad25d55d1d007775eac98d",,
8728,"dd3ccdb03f62f42aa0250a546d2afc1a",,
8729,"19542cf82e27892bd5585a997b24eda9",,
8730,"3f04d104f6d91fcf22883ee94500a5a1",,
8731,"2fc4fd7f0066e0869ca60deb01bd132c",,
8732,"cbb72706f4b552c2fdd7fc323e0faa36",,
8733,"c295ebefeff3a9fa87cd1b5f08249fee",,
8734,"d68c9985f7fe3d471034799ba0717804",,
8735,"f9ef79f9dc917ba0eb3ec6c25286c22c",,
8736,"b9c85a71f7914f5838ea8036a9de303c",,
8737,"dae2fbcc1ca6dd3bd4e353ff9d11d72e",,
8738,"dbdb739469250ad4977c4c2ab7e9d19e",,
8739,"e36c0e1144d78e4b689cb725e852afae",,
8740,"d0e178d52e637e972d1ed7e4df1ce83e",,
8741,"c71ffb9761be733ea31508aac702df71",,
8742,"283c03f5148c7f8c056e372d647dcdb0",,
8743,"5431704407f71af634f05f2813ead526",,
8744,"7cabe82f00250064935b5fbcc0dde757",,
8745,"255c0e2375fe9f06bff19d37522fb9d5",,
8746,"c89fdb49b166f2f3e754257ab3eb076c",,
8747,"bba727fd9a4f156c38cc2763980b6ec5",,
8748,"06805b924e76cdb17cfcf7e0444507e2",,
8749,"3eaf880ab340c7bd36571adc490a6fda",,
8750,"cf6949c158fae6a6bb45c9ad51d2ac2f",,
8751,"4f41b1686dada1a8e21e6356eed8be4b",,
8752,"e4416be800b3fd1f7c91cce91a67e2cf",,
8753,"5f0e6d9e65398a2054cab2f2df075fb4",,
8754,"e9e7d1399cf69a2384d1c46a53aa46d7",,
8755,"c0ca215a6bc651df4479ce99be7a9c48",,
8756,"585832eb470b4da2055158044d0ebcad",,
8757,"e5f363be47426c81edf3c59ced29b293",,
8758,"0d4379db0611fbc425dd9318e3375774",,
8759,"2e720229b63f46a6fa7d83a0b29b8793",,
8760,"044b2b4beafea90c1f4fe1a8ee620f53",,
8761,"7353c1e4c2d4efe831f4ab6fdfc13f86",,
8762,"2c595762aa96b4723c99846e6ffcdba3",,
8763,"8b1f06d0a56cab6b5df46f29faf22c7b",,
8764,"47f2572ea0b4078cce85b26e61738064",,
8765,"4c3a4024ba91aa78642bc12f2688bf49",,
8766,"5789ec9bed66ae8a526a0ca14dd53f98",,
8767,"0a6c02661fff2ce5171b9730e26dc52f",,
8768,"9c60809729a6b424025c2be1432ca89e",,
8769,"8dd11d2089cdcc4168f7be9d70f4c523",,
8818,"6ab94edc3720e3305548a54fbdaf0a86",,
8770,"f59657b78ec792e7f9ec077949c1da33",,
8771,"221c406497fab2390a921e973e06b1e6",,
8772,"6067c9b42303bcb7c4ed2e792d1636b4",,
8773,"1fc577fed88599665f6df4eac84085d1",,
8774,"08231ecfd3b8e15ffc833d81eaf33d95",,
8775,"ff610cee869375a2d0c0be6b97b107fb",,
8776,"499f40ab7921a98149eecdc2ceb80db9",,
8777,"1791520d14b57787185b7b5a28cc2916",,
8778,"3c0f2b4176aabf85a26739ea53e62767",,
8779,"fd65d54b42c4dc6d9734aefbe1347d3f",,
8780,"3e0ec84d6ca9d3031e670bbd79a4ce5a",,
8781,"dcd55421a2b1265557f4a0773d892ff0",,
8782,"2b29e3367c84113b1ada67d4ae32ae6d",,
8783,"440962ba8297e37d5a7f0ef7b2416cec",,
8784,"47ff8fe88fd76cc951b2ba05e5d857bd",,
8785,"f38b1479067ecb250525e028336f5812",,
8786,"72ef50a4a1eadb275640112029f2df50",,
8787,"0282fba9eca685a889c244fbee647bcd",,
8788,"5896f137eb9539855017548bee7e000a",,
8789,"c81e7f233bb9d82ae0a9bfbbf38aa3ae",,
8790,"2803f6644b90a716158677bcbe83ddb7",,
8791,"dbdf5e7bd3b20605118cd2202ff4e624",,
8792,"efd555fd72cb1e4e8000acfe12cde3f2",,
8793,"16071d3d57e39f130ac60f3c98c9b617",,
8794,"fd5e408b84517c8c77e761d23d8ffa98",,
8795,"56b685aca3b5455dc79761d3171b7d2d",,
8796,"42d983b55d0578be745a6493ccee1ae9",,
8797,"a35b79a5f645b269f40ad122264b8484",,
8798,"29532f3c08682a62f43d28710fdde0e7",,
8799,"ec6ab6e3589c6869fab30f09349d673a",,
8800,"ee1585f049cd3d6e9ea0ab532c361147",,
8801,"2dc431f53365ed1d9b9438aad3d0156a",,
8802,"11151438c4c3248b16a230b031a445c1",,
8803,"8f6253284ff83b7e8247027468c3f353",,
8804,"6bc0c7fcd8e71ccb2534331817a705d9",,
8805,"f1452bd5c065754dbe73f3d03db642d4",,
8806,"a6bc8536e776d0c3878514897660af9f",,
8807,"1b32d7d2634d885b043bc219adf9f464",,
8808,"630e0c266a8ce9a481db5e8728194029",,
8809,"954d3e6979d93e211caa50202162f564",,
8810,"9c70101b6d7230ae40a1da8384857073",,
8811,"4ae6f99408f89a1d27bf5fe6f1820d01",,
8812,"991858e376b08ba43ef2735933f82a38",,
8813,"d02fb41d58291cf1c00280262f58e914",,
8814,"039debcec7cadc276696ed2228a61a46",,
8815,"df921fbaff9e8b25fbee9ff909b825a9",,
8816,"fc6202151edcdebc21f2028c21fd5aef",,
8817,"dda190be754f26625955b73f05fc2ba2",,
8819,"36f14ebc2d054d19ac96299571b3b9ea",,
8820,"cd7ce76484070a61b10a0c6052524f62",,
8821,"f53aa1016a60d93384723cfc45efd590",,
8822,"4089d27e972594e7a927c475c2068f48",,
8823,"777c2b0e35616111144021ccf0808f5c",,
8824,"7a19ddaf99b5bb8a7ecb8442fcd8079d",,
8825,"96fe39f300b474124128f0a50e3dc47c",,
8826,"3001ac9e68a7b98f48211754729c8c80",,
8827,"d2e6ad7050a555d798ce5895ee651520",,
8828,"46514e2b10d9b0488b3506d8ff130d88",,
8829,"687d5d42f38f9850f8d5a6071dca3109",,
8830,"55ae79b82cbfddcf7142058be3c9ec2d",,
8831,"dac9c2add745e652a77b53b1f627e6a5",,
8832,"f4047162743351a3b062e0370dc46f44",,
8833,"1deb9c91dcce82d04b062af97e32554c",,
8834,"24c40ad65888644c9e04fe10ab239f88",,
8835,"dd0ef706f48de9f3dd5335643129d7a8",,
8836,"66d02357994e7d4dd2cc1280cd090425",,
8837,"545263cd30988cbb77b0f72a48b6d1d8",,
8838,"7dc435daff6230101d0d9c9e89cc9044",,
8839,"906bd5d3e13d8323217915479a4f7d23",,
8840,"40e91a86eeb40b2d2c0622e14ce76ea2",,
8841,"a4db43dc1eec4266851a834a30bb0c33",,
8842,"7a6757cb1eecaa37fd80833e566f5cae",,
8843,"9234fe8196e13ab714de3b079773abdc",,
8844,"145bf11bde3eddc3295f48872c96ecdc",,
8845,"c7f485957716679c398a0bf5182c4fe6",,
8846,"3cf2b351894dc0c6ce05ff57402e7c1a",,
8847,"259f4e85447c5edaee4742c66ca1a748",,
8848,"ba13dd629f74db7b6965ee193b24fe16",,
8849,"a33249258578acc98b07a6f2c5f7116a",,
8850,"1c1833917232443425afda842ef44519",,
8851,"80aa5b4559d0a5cbf90d7bf09204cbc9",,
8852,"76f5811f55846bae63f086a8e4a7b367",,
8853,"3717eb339dacf3d4ef4c279243563df2",,
8854,"8438d7b295f8b56babc3c857c846aae9",,
8855,"d98573aadf0656bd1a3082d80b4d49e6",,
8856,"d2b824287074de9fdb4027b40db575ca",,
8857,"bd50961c504fbb50a1f20d061845f16b",,
8858,"6210536ac7b8939d5baa3cdfc91bbd7f",,
8859,"614d5c45dbcb4fab5bbc1e0d51ccd85c",,
8860,"ae78b87e8cb44964563486b0644b07ed",,
8861,"d0dceaa7d38add22cf748ced4ffa9284",,
8862,"1afe0810e17f14764bf8e1debf159746",,
8863,"8081057fc89ddb83fd441344764d1295",,
8864,"05359f7fdc7336b3d600ed4a4f90a027",,
8865,"b154e1e3adcde1d3f229a0227bacab64",,
8866,"82bd611768fddfdbe342006da2c2d036",,
8867,"3dfa3a5c922b12b9d8844ec780fb639b",,
8868,"93edfd04f5be00c254b4b0270211c8c1",,
8869,"a021106ac7ea6587e62b0303a419490a",,
8870,"136c9978ab82d23496cdd4915120cc01",,
8871,"42293f4943fba4c6d814e59cc57f15f5",,
8872,"8acc90c9ebe5f645d5c3509b81b7c6b8",,
8873,"383dcfb2ea9271b25c219323c14bcf01",,
8874,"5a51bafae3aaa06ce8869f54e127b705",,
8875,"69eef2fabef0ed46e7c7c410b3474000",,
8876,"44bf1076ef6ec165fcd7655d0bd01a3b",,
8877,"70abcd9f95f8463fd50782f0e9d10af8",,
8878,"bb0de414f4337383bbe6ab7f3300b15a",,
8879,"3f3f667535402752d608c06233ec2564",,
8880,"851870fc804b18e7bcbca3c887c3fa16",,
8881,"4a47ecbd473b99a41a15a63dd5071731",,
8882,"a02913cecc12056223d17e65505b8d69",,
8883,"b7d90c2fcb99f46fd6dddb59594e65ee",,
8884,"cb39bf597e7ed79b681c540a4794675e",,
8885,"9d140ac6f472ef14108337157936b65d",,
8886,"30c183593df6e36036850dde5d4991f3",,
8887,"3651812a0e6c31463fa468b76e90c80c",,
8888,"27c650644d3d307b7c142152570e9a80",,
8889,"789b988ea4e68de83b643080d66d3376",,
8890,"efffc2838e8ce7fe7083995c61348469",,
8891,"544b579510078d4c62e31f1c6ea4e38f",,
8892,"549730431e3a6c713811dad0e8e71f2d",,
8893,"a93a3d8f07e949bfd801858a4a63541d",,
8894,"5b2e50717686996494bd713e2ff52af5",,
8895,"ed53781914c128584cd4673e1c7a6148",,
8896,"cb268ad78f0af221e3cfac91aa25b7ef",,
8897,"a45d9b80a8f9ed4f9f723e9ad9d5dd8e",,
8898,"544f23f6febef7648a0ec9b0e5b4cad7",,
8899,"bb57eb0090da6433996a8587410f9d51",,
8900,"72e50f2b56aae7bc97b78a16b72c45d2",,
8901,"f70a3ab3b5a624393d8854c3a4cd56bc",,
8902,"b4b1dffba5b35196b6d5571f1b9cde83",,
8903,"abfdecbe83bcf0df2b4ada2ad2ceef60",,
8904,"169fdd923f4252e0aef4d0751a05c391",,
8905,"59205a138c6223df7b38b65c20109375",,
8906,"d16f4ea32a672d3dcafa2e34a8d505e4",,
8907,"682dd21cd42bb4d3cf5bfc50bf1d5c10",,
8908,"28a0890dec9feb4d1d6ae0aa07f94d5b",,
8909,"02e9d703ae6f63279c11f2b2d72a88a4",,
8910,"e77d1c9d3ec8b9d7c8fa7d716e72a702","nordic",
8911,"86344eda12b626b9ee9540801755d7dc",,
8912,"3ea17369d9aa30d7c31e7d035e1613c4",,
8913,"86aec552bf0d2cd79bc420e4222fa186",,
8914,"403b5c799ea9ca07004cce64b93b7a76",,
8915,"200fd952db3cc9259b1fd05e3e51966f",,
8916,"d14f58810153abbb84c3e9cd23ca1d42",,
8917,"dec497c5318b9f1c8960ff55546bb071",,
8918,"f646e173e758872aba8d6ac0c011a27f",,
8919,"c04755764fc138b9586c04504a59ca40",,
8920,"99c48393303f56dc7c288b872868ae34",,
8921,"48640935e0df1d60722e06912906e1df",,
8922,"ef135875a059877b183a3df0aefd2ffd",,
8923,"bb74fe9dcf0d4100351bbfc081f24dae",,
8924,"8c931dc314a618e5dc6193e85e85bb50",,
8925,"4736f9119eae6bc1be99d86c97e39aa4",,
8926,"60c511c20d1c4617775d5c671bb92ec2",,
8927,"0b0a5583d83a6257b5cb0f3d47059de3",,
8928,"c4d90d0b4e0036d546d1c6cf6a777d87",,
8929,"c30272ae31b9be8defffda7376388765",,
8930,"a7494e4c2a38068e96f2b1f0ecae74f6",,
8931,"7658b7d3a389b3d77f7b5fec8d6bda84",,
8932,"199f5d5987ec7e2c46c78bbc28897951",,
8933,"eb7a115cfa5ac2bf44f7124e54b4334d",,
8934,"34a0b44c7a89ed9a0094c659f4523aa1",,
8935,"955bc368046e03d68fe8c68d1f36617c",,
8936,"e3f59f48a584a777d102d9a0b6ba6bd6",,
8937,"fd9998a1f7a7f6d2268ce9b64b120802",,
8938,"f3863f59c557d20dad38527efba9751f",,
8939,"4e142bd74f9472569f1541baeccd4033",,
8940,"b1269116c33a17ce642cb93528a15b91",,
8941,"9032b8154d5340373119ed002b786793",,
8942,"04a63c16bd4d8575804e17ca799c86eb",,
8943,"5e3334995da1f84e8ab67c0ec3052a03",,
8944,"246173555e3baa00746fd1325d20d36c","nordic",
8945,"fed19c3ef38b0bf35fa4e26f17d32689",,
8946,"796fd612044b703c64ac79bc81e4a712",,
8947,"5af0f042aca29d892afc3a645b2f78b0",,
8948,"f91f21f464fad6c8434f40bf8624e618",,
8949,"02fa840a75e1e941608e730aa60d3fb5",,
8950,"316b7ed362617b21f286cdad03d7d1ec",,
8951,"da0fa566549f6f9f0405409519eecd80",,
8952,"ab1e79df3dcc7ed7965848e819ebe7c6",,
8953,"27a2e8ecf2e20f54627782799d7047a7",,
8954,"11c523b3830d7e2570964c27143682d3",,
8955,"db7de218ef0b12ac366af6cc2b2bd756",,
8956,"f25f46f13f5084ba0ec664cc84b319f3",,
8957,"5eb488e51873b5f86d3f17123cd7898c",,
8958,"635a5de6d589b737b010cb81c813db83",,
8959,"a6ae66e261f2649eacb4a22ce5b51c76",,
8960,"be0efa3459ae4b5c0bf20d7eaf66cbab",,
8961,"a007551782a2eb0214e5e17a09b5b61c",,
8962,"c609456759bf531d922d801525112554",,
8963,"f9a3a07436239302d9207900d15c159d",,
8964,"f73218b064036fad35ab06f27fe9c028",,
8965,"d9238f3c3f7f6c501e0d386d4ae4940d",,
8966,"d3f951e63d03e8709a881cd059f97c8c",,
8967,"225483fb09288eff972a2844c485aec5",,
8968,"2869aa253fa375dcd5a060da264e3e45",,
8969,"551375ae05beda0129bf69811b45023e",,
8970,"06bb2ebd6f03ae6cc232ef0d71fa698d",,
8971,"df2effd6f1ca69a213c3b95746ad479b",,
8972,"8f7ca399333332449b96267b77775968",,
8973,"12effd49b540602d1ff9efbef09dbd49",,
8974,"a25cc02075bd0a35fd7c01ba67f4d1f8",,
8975,"490835393d5e91b1d6c13cb044588ced",,
8976,"8e8af6a7e7759ee438e488bb3637b55e",,
8977,"206c1780a397e62c0e15287141575ddf",,
8978,"096a89f0431e3e689d9d2e07553b019a",,
8979,"d17d3463a11533683263945df16370ca",,
8980,"6cfef593c6d924732edf0ba6e3c30783",,
8981,"f10cae6c1fc0c618041a32e8207e8c32",,
8982,"f024f827ea95faf62546d89376e88448",,
8983,"63edbea83bd0eb8e71372c3e7da86bcc",,
8984,"85315ea8468fa1d14795ec4182d91161",,
8985,"598755da308c5813e14aed2d7829d353",,
8986,"a921439f02f5eac0b9c4d77635bc2fe0",,
8987,"19d7c697a4d8c771916db1d3981b8968",,
8988,"108023962e45ae5dc7dc8c3d4271999a",,
8989,"ff40973f0c7b8407b15c562a41d00d0f",,
8990,"7475df402d8b0df9e576f547a0c96fc1",,
8991,"3bdc45ea7c4c6f02cf5da6d9dfd6d80f",,
8992,"7fc0e154fa33e90b2c3bae2614e56d93",,
8993,"e9b600d97215a055e22a45c3478a837d",,
8994,"65468ccdae1f5fb27f5656b6450991ed",,
8995,"e2cd59ea0832d4ab24be41feb0556a12",,
8996,"746bf08d777c426189c0414bf67faa15",,
8997,"1d2c78202d99f8eff20ee9cb93a2a08e",,
8998,"4c74276b2f6aa3252a743782474d7955","nordic",
8999,"14ac5e2ac12f86a12a988e8d7bccf96f","nordic",
9000,"11ca7c832385e6c36989bd098892cb7f",,
9001,"adf7483d232d228aa2741d492b2a82e3",,
9002,"81548edd433d7d09d142d22b0903d7b2",,
9003,"bf84cacfe561a3fe8dbe4d4e9b36138b",,
9004,"cb1b97e0b62163b850d2220314a07607",,
9005,"a0716eeedfa621fc9940d7a1a73f41c3",,
9006,"ac6bb14315803d48d46835a00ccd65a5",,
9007,"0e66f3a08ad2f49ed3eb4c3108f666b8",,
9008,"554545383ed3256b8e029b0c2b746d8a",,
9009,"0019c6042807ff6597ede8fdf571a36d",,
9010,"912c7a8012e2a4b0180425623649b25a",,
9011,"48b52ba8cb8bb980db88a332725e5bce",,
9012,"6b7b49ce60f4f7fae8140a4a3d190536",,
9013,"4b799fb8bdb0b973163dbe39a8d0606a",,
9014,"380798b7c07ce7b044737d4c7ad0909c",,
9015,"832211cc38e3c5c9b62b674388cc4624",,
9016,"6cb3d3f61384dacff3ca0fb2947cce7f",,
9017,"5def969a005c30c7be357e2df524b6ff",,
9018,"58aa1aa6bc0f85eaa5c432b4a9cbb081",,
9019,"4edb085d02818f7d422d9bc78fee97f0",,
9020,"d2682bfdcd04187ff7473aafa3b6226a",,
9021,"3e7fd375e0e9fb4753c1c75457481f64",,
9022,"caea897ecebe12ee8e7c5686219e6e95",,
9023,"146bdb0575d6b7919b943ec15f3ea8f7",,
9024,"8e341dbcbe406b598d44976351d93555",,
9025,"ff18dab29ef878227affdfe6b85d021a",,
9026,"a71c7a96fc6584a2c9115fa23bab677f",,
9027,"a28628894bc6fa430363fca6e4c88be5",,
9028,"b242f274ab8a13d2df0118fede6cf551",,
9029,"6a916d02ff54b53f42354aa501c492fd",,
9030,"1fa728518801f189f178ad97ee8cdcca",,
9031,"e09ebacc82b264f5db1b209a04fa2e73",,
9032,"6c70a2fa3d901bb8aa70ae8cad2da727",,
9033,"1be233041bcb182a381d8d1d64ee7ef7",,
9034,"91f46a3c8eaf713202a926908d7c9a22",,
9035,"9442d3570c64be065ece0979b50f52c6",,
9036,"7e5380196a9876db092a0d3d8903a622",,
9037,"e452a3e224526e71bff358cb5c98dd29",,
9038,"26d30675dc6c232221e758eb3c6499bf",,
9039,"0ec83412780cfe947ab26d5ce1247fc0",,
9040,"0b259701ad51ddfa4e9fcb54e8ee1fb5",,
9041,"3143ad2611eff27e2b5e3fb213e74c03",,
9042,"c346290f74d9580302dd23e428724b6f",,
9043,"8d076ab859f4580c227678c336014770",,
9044,"9793c96e805673887524abb892aa722d",,
9045,"e2c1ddf0df34d8ea5be8b7518031b484",,
9046,"cf51cb485b70bd8dd7830bfa8122ff33",,
9047,"944a92c6e7159ea6905a03a01e0a3d5e",,
9048,"9b0a378d6a12eda42fee0b202a82fe64",,
9049,"a7d1171c44a6d241603d2c0b04a876b9",,
9050,"4d15f62d93620ca1cde6ec884fb72eac",,
9051,"5585708ebe94192cb23f878dbddeac9f",,
9052,"b3932e1dbccbc2db47f9dbb3b5341750",,
9053,"d61e9c3dbfc7604caeb8183c195ef8ca",,
9054,"9f03226b54b741fc45dcedccfe15769e",,
9055,"50250e3560db6c83fa18a580dc03b5d1",,
9056,"5ef8e0f4581f122a3d4d0f178d920a8e",,
9057,"fa94c228aaf4c8c4e6a5318360a61773",,
9058,"7e1de40c2ef5cfe0f50551113350356b",,
9059,"fbfc4d0acf7800f9ef10be9c414af7c0",,
9060,"63d4dbd6a07e565300519d4b1098d685",,
9061,"281c6be80bd55b0d9d65dceec03f4966",,
9062,"ad89e0cd4e9c7944bf75966e29ee16c2",,
9063,"b849c16acc467535ee8fe9487e7efd6b",,
9064,"2bd74f404238834709dc06d57806fe3b",,
9065,"522693661027dbd35a8241b12cc2ace1",,
9066,"fa65813daa3b671aefbbd7308b22b849",,
9067,"7181061c8a452518a84d642dc4b629ea",,
9068,"aca757092105118d44a4a83221653fda",,
9069,"9230af9b5e49c75638a3187fad3c4ed0",,
9070,"40c1ca36a9d4d5e28d658609bb32538e",,
9071,"c3466c330886a86e4eb0768525361a20",,
9072,"842b21f2d1bca0492c7cc68399a2829d",,
9073,"ffd4aa5c2695b6a1a9dc906187954632",,
9074,"2fc59ff08cecd34dd2788b43c99763b8",,
9075,"e5171dd51e07e585e89550e011dd156b",,
9076,"fc771f22e9943fbb6953f3ce8cc20ad5",,
9077,"4a217bd8f06ddfc7295192e5562ee2ff",,
9078,"0a0caa995c8a8a4e397d433a5eb77d5a",,
9079,"306ad5ca73d801a0f955163f528e9645",,
9080,"40fffe0c778d93cdfa5f1eda90b5fd52",,
9081,"f8ddff70746672cc7a2ba2ccaa4d9bcf",,
9082,"f7b6ac50765654d528b0ce051c88f904",,
9083,"04f7c62aeb42c6686800862dc94d9bf4",,
9084,"f741a24456e450384cd44bac4aa2ad07",,
9085,"feea5f872fa635daa39c6f0c3f3fa860",,
9086,"48fc4ea1f658747fbdcb9c53f92c3ec7",,
9087,"358cf9fcf92b89fcd9a9576eff19eb5f","nordic",
9088,"937dccef7b778585c583da6d46637a0d",,
9089,"5bd7f4e2935288cf55612b0a0d3ca99b",,
9090,"33a51256a1693d89e83ccd2bfdb75c90",,
9091,"26b9a1226b332517b58b10222d1110f8",,
9092,"4180d42f0f065e78d83625744b3452ed",,
9093,"82fe7fa6e1171e91ab645cece46a7212",,
9094,"1c91f6a1975ac0b32622c555882f82fe",,
9095,"4cea6779c089c9caa5e3c70724f4cf69",,
9096,"eb560bc26102ccbe6bbacbc2c5f31499",,
9097,"804fa66a6f713f83e590014b1b77fb4c",,
9098,"1c8419cba00328fc0af159e24e659c7c",,
9099,"11cc7140fa7d746d8a6bbb43bd55eff4",,
9100,"621e4adfdd60784d2341d53a2bb60636",,
9101,"cf78fc1c6c274cbc1af556a7e0518843",,
9102,"77cfba0230408229d64b8842af22f156",,
9103,"eb3877349f304e0e8fb97de635f9e9bd",,
9104,"59411ee1a46c6f2edce873543da37886",,
9105,"f57fbb950480e560da44a2df3ae43d2b",,
9106,"33153086b6058ef085b56d70fc2db67b",,
9107,"15d9cc9835fbf4985d37aa08fffb79b7",,
9108,"cc8c56ab950f4ea4d1cca5d4f2b934be",,
9109,"ce50dfe07dbb1bfe9e14bdb315a4b28a",,
9110,"2677585b71ca00ea4c5bad002be8c4d1",,
9111,"1deb74bfe1ceb6e1b21bbd29df239903",,
9112,"d4b8ec3aba6d682775bdce0585ad8b86",,
9113,"51283793bcd9a5a34839f5d462c4df50",,
9114,"660a457a52b58f4d1b4bb9c704f65049",,
9115,"ae70ec44f40a3c0a8d6d36ce258b087a",,
9116,"55bc9ea4195750661f34b4c22e5c5710",,
9117,"e3c73fa9520338ce9aa45fb9b2a3137f",,
9118,"b800cb60490041000bf1e41850debf43",,
9119,"f1d3f319cf71e74b6fc781a9457c4dba",,
9120,"d14d1f653de162c2111d7c238fb042d2",,
9121,"8af0f29e4fb2f8cbdec662a46a8110c5",,
9122,"b57ba638587dd5968a42b925b1ef0cec",,
9123,"7902423be9ff8746117cf82a3d8c7fac",,
9124,"a770aaef7f7bf5c7e797979bdcb722c2",,
9125,"85b10a3b7c452598779ad474c72ce710",,
9126,"8405a68724fcab932817709d00dbe0a6",,
9127,"f70bc70a62c610ecaf38c84d1be96397",,
9128,"3a4eb203e78da0f8df319fefc770b667",,
9129,"f68f98a8a8dbb490c595c54a3c85ed8f",,
9130,"71dfbbf10a2461875908c39c284f1841",,
9131,"2f17035d99277096742065c64f4ae4d7",,
9132,"81674b3fb70eda3217533bb5d2a2292b",,
9133,"8ca71691e32939ceded8a819c897701f",,
9134,"211db755954d513ba2242c086308d466",,
9135,"0a1c4ceba3b82d799d47d9f388cfb7ac",,
9136,"c859362cc977ec611c06894d9d0935fe",,
9137,"fd09d3a959bb8392a96854378e6e5d7e",,
9138,"e2b9b20b6eb98fee17a5ab43540d6420","nordic",
9139,"f5f3dec9718cb878754c7d34c8df40fd",,
9140,"4a9d0cef240370d6a4fc97c0eb4a8493",,
9141,"b0f8b8960ae153b94a3656fd199c7dee",,
9142,"383cd9e78fc5a8b372eea86cbb92759e",,
9143,"f34cbe47f28e59afa4d1d52694bcd996",,
9144,"50c50e3deda41ab1e2a5aa5916fb3511",,
9145,"b4bf0f23c8a989ae60d8aad1e2cf00d6",,
9146,"a3609b2abf3c454660d48a29a9049de1",,
9147,"381ba9a647f55cd38235cdce67288dba",,
9148,"3880c040259e94da108468412051a586",,
9149,"133ac7ca7d7ef541a6b6a33744107739",,
9150,"e11307333b5fa131370a8cf89d66a1bc",,
9151,"d6e4f6223466cf08d7cf7d59372d39c1",,
9152,"8f3be2825190361940d54e3ba25e6079",,
9153,"bc7cdbf1d61814726a8753fc19c98d63",,
9154,"ff057f09470b10c489e51f3269c1a1b7",,
9155,"618fb00785d535582751345e4466cc26",,
9156,"89f23b5d49b9a7cfa64a7c7803b92e7c",,
9157,"066014373b7b075ae1992060b6477f05",,
9158,"a3ebb2f193dbd8e30e00a67d2faf082a",,
9159,"c730999e14164ece77d71267e83153b0",,
9160,"11593a462f50ede4f771210fa9489f4d",,
9161,"a93c1937d9d3c5d61aff29334d03fe45",,
9162,"35e8a36c0ccea9098d96de2476b21185",,
9163,"02fc7a9578ba4f4bb2b48c47febdaf09",,
9164,"7ecc010957b6ae65e743ab714573c5f1",,
9165,"2c969ac5411cfe1ca8b65bcdb6d38bd3",,
9166,"a426ff183b2065cb2bb72f8b2060175d",,
9167,"9064cab27a917cb7e8279951ae334643",,
9168,"a34a1b49602d1e9032bcaaec76bf1efc",,
9169,"1f11d31954427e9c0b9a644e96106aae",,
9170,"e36d33fb4c86506def4ee05a641f6c2f",,
9171,"bf3b6a5922590f76de5be11baf4322b5",,
9172,"06ced91d320d34324bdab21ec6989356",,
9173,"f1048ae2596340416af5362bfcd0863a",,
9174,"a5a29763d80865622b50b42ce17c7f9f",,
9175,"6e2c8b69a47d892ff1520873ef2e6b9b",,
9176,"fe737cd4f98a9e3f81c538d8dedd5a46",,
9177,"2a6424ed24684859b6a40bfca917b9b4",,
9178,"cc92e130c54bf719da188658318050b4",,
9179,"bf51e043396ed8b5fb83f195c102dd55",,
9180,"e4ded0a13ad121a5caac90476e2043f7",,
9181,"ab5a6bd64a20af6c1a0cfbfda1e16a02",,
9182,"d013434d568261134793dbfa9416eae3",,
9183,"5e6a2688fe68e59dbfc8b22993c11fed",,
9184,"5e4368f0f068de30fe3bce450802d904",,
9185,"08963d53c0b608b6b48d8ce1191960d9",,
9186,"a49d1807abb0b9bcf24ad4ae9b1311a5","nordic",
9187,"ce4ed94e5205a650ef38db48ad9c4a20",,
9188,"9a56df4161b522cd395813519fcdad7d",,
9189,"585e33e25bee1b59bc4f1b28817a7e05",,
9190,"9b5f996f998b9e246da64811d24a8b93",,
9191,"536b4dede9183a5e566a805e67da8e67",,
9192,"f8ee65f13adc45fe229a48128b7cd8f2",,
9193,"812b6624508cc4103ed10b713d014f7c",,
9194,"96491ddba9271853c86cbaf3442ca0aa",,
9195,"bc828ddc6cd700abb79a8df5794bcf04",,
9196,"a2447572b0e00e22ebacc86f7b2a1d73",,
9197,"893b778bbfcbe1bbd11ea4da261ad23a",,
9198,"638c3cb75fb6f562923f89ae7c6d6179",,
9199,"97304cf6fd11fba0f5231cbe0a0e828c",,
9200,"fed40f388af48cdd2d9add1eab90b963",,
9201,"45986b8aed2381fa72d99fed357edbbb",,
9202,"bfdc63507f2833144402d9b2f81891a2",,
9203,"276e327c8cab162c6b8b8ee984b6f8b5",,
9204,"d34808399337bb5aa0cac94158fc8321",,
9205,"d846896fb8acd0fa4b5ff6c72b957b51",,
9206,"95c36259ed984b1538203c313887d253",,
9207,"a3f915a35d63980c9526f16ce0bf7455",,
9208,"acad524be1b2a9951a59ffff1d0f7fe5",,
9209,"046c16d07170476d4625186bb054f7c4",,
9210,"a9fb761af11d4a20702153ed4e99d9e0",,
9211,"42602ca32895cfc650e5571648fa2250",,
9212,"ba98d0b28ad8740a85cce6e926c732f2",,
9213,"b431754d96052ce2fdeceb5df4756e9d",,
9214,"ae81308917c741bd0502a50b899d1605",,
9215,"fb2b2ea258957f02332691bb712b2111",,
9216,"814ccce46cb1a0ffb9675ad110714523",,
9217,"c9b52eefd3ceeb078c22fe684a860766",,
9218,"1a4f5b8452a8e9b23f35771bfc55dfac",,
9219,"97226aa9743bc1135ccf4aa91e12f505",,
9220,"7a7099fa3d0625bc07ef8cbb0e196bbf",,
9221,"a3d85a2fc200569c4a69aa38fd8b4428",,
9222,"37191ef8bf9355389ba916a45570b379",,
9223,"c5ee97bb08a994923ef852a4e9e93878",,
9224,"e5d09e97d6425edd16369ffc1587f05f",,
9225,"03f931955e61c2c1f78cb222adb8c6db",,
9226,"f9343cfc9d5e7f93e1c6b4d282d1e335",,
9227,"a0c3dcfb8488b3c4ebca95ca8f1ae70b",,
9228,"19cf95faeac4100bd031e18255e25cec",,
9229,"68ae3214f168746aee12733e527d649a",,
9230,"c6ec7237508ce7b936f717d12c0439e9",,
9231,"2b59e009f8377bc085d854b8c10cc106",,
9232,"45f8d96a57ef65e56fcb24aecfe9b409",,
9233,"f6d6cf0b8780a6f28cfb679a2da0d9e3",,
9234,"129cb75d903babc227f94092fa65c76b",,
9235,"6d69ec268c034bb43f35a3dad3e107a4",,
9236,"3e6da46938bb44d1dc6a1cf1f7b44c37",,
9237,"fef160fca97a329bd92851f27c2658d2",,
9238,"282e061fb91252fd37737f013c54ad39",,
9239,"bf67d0b518845e027d20e8c242cccf2d",,
9240,"74514ae038e38f6c0960de1d755c7d2b",,
9241,"6b66e6b15848a52f6968dcac732d418a",,
9242,"ef3f48ba13b28e4690eba52c39149e9f",,
9243,"90d79d9d7ae4e1d8aec2b659d32600cf",,
9244,"164fba002ee02dde771c1da4b9099a0d",,
9245,"83bf1126c71066caeecdd54ee1ece7f2",,
9246,"3ce9731591f72f33e616510a82c6138d",,
9247,"5da25e1a9700b9b24cde36f6a1705ea1",,
9248,"97dd688c2e5e7a8d651555edac2b7a64",,
9249,"ae2eabdffad19673426c604bbe3568c4",,
9250,"5c5e34867e0dee3804de1545913320f9",,
9251,"cf837a092e91cad416e2445c7dd08ec3",,
9252,"d98d579f79a553c3487a7a7062024739",,
9253,"93c71c4eaf6382c3f1b6e90113e757e6",,
9254,"6ebd539644d0427eb49cfa9b1dea77df",,
9255,"fda788164c5df132a3364b8cd293b7ef",,
9256,"6a32de8e12655ec7df63c89c4ef36dd9",,
9257,"581964b1cb8dbeae405b7e92965b17c9",,
9258,"151b265cc75738290f2c40d03a38ee0b",,
9259,"ccce0360abf0c5208d128100c6e068ef",,
9260,"dcf5f59ebc0a956e302d55d992e50847",,
9261,"51d9e0e2247c313c5bfc8fa7bb5b213d",,
9262,"280116b3d2d4f123a79dd22dac4f4f02",,
9263,"5c4e9effb859f20a8c4114181c2fcca1",,
9264,"5ec45360729b73ed68a6bcc549d0dc87",,
9265,"8074eeb0a8dc7d066ccd5934d48f6620",,
9266,"334ca849e207cd32dcc7e35e65652bee",,
9267,"f3b2502cd99800cfef6660c0662284be",,
9268,"f745458c071a3e0eb0916e035cbaee35",,
9269,"daf97f8c7226fb7df3c3aaf76baf4447",,
9270,"b0b7f2a18832add0369f19e75259379e",,
9271,"0a0c183f4c8e1dca227d03a740d176bd",,
9272,"a2ae94c058c75813327cffb688400dc4",,
9273,"6d1906c69065a53505cc7036bd2aec43",,
9274,"8f456ca8bebb43499a357333f601bc3f",,
9275,"970594fd9a5434a60fd802ba344ed1f3",,
9276,"e5104a80314dfd897e7a09b1834f5fc4",,
9277,"ef4f3b023211b2f4d6de9f2e54f4cd14",,
9278,"4c31deaf93829fb9e991d2fcc5feb1a8",,
9279,"0861db9f331b60ac76923dd0f536d2e2",,
9280,"02f5bbdd6eb1733a504641b056b941cc",,
9281,"a80d5aaa017e429ab67d558d4b41a0d8",,
9282,"a441e71cfae319c141bec66d3687c054",,
9283,"1ac67f6a889f103e078af097e73b6069",,
9284,"be06d703962921f9bed8f372da5d72fc","nordic",
9285,"55cb8ada7d45340d7c358f45af54d611",,
9286,"9f01ad374b145751aa5aa13ad570e05e",,
9287,"406e175be800bf83f5901cb82c859777",,
9288,"6b5d1491a90163dd4e558341a6ef1f57",,
9289,"97b62df3f599ca064f1b885b3ae7d7b2",,
9290,"4459c0c25fd51dbf8590801ac833c20f",,
9291,"72922bcd7578c0655384a636cf5a0ce6",,
9292,"fb128bd261237d4d0722549db268cd7f",,
9293,"8bffbecf10cf0bf163d2bbaf77f6b1f9",,
9294,"8d3ddabc50e9d23f9ac1f6021897a526",,
9295,"76547757d9637a50625a1b42fa307da1",,
9296,"6ba3861f7b60268b2fa3acd6e69d5501",,
9297,"3126b4ad842f37814825161ba7cab4ab",,
9298,"43b09375109cee599e4f87770ff2be2c",,
9299,"7c946f68e17ec3d72378310ac76de990",,
9300,"1501ca9ffa317d6c470f2b940ffeeb77",,
9301,"66e72a14c9a593abd6e295467727aecd",,
9302,"c6ba478aab2b1951163956befcc2c3d3",,
9303,"d4b9806acd506aa9df58674f1f266d51",,
9304,"5c1442abe58fd9449bdcb177c4487379",,
9305,"24c8f542a9fa4fb5a5c6076124eb5c57",,
9306,"b22d1ebece9b9112489dd9cb615fe612",,
9307,"5aacc0b2f24393a649ec8edf9f79a74d",,
9308,"573e1d97a4e05ed0ad994c754df08bad",,
9309,"94be0c1b7179a305863ba27f184f5066",,
9310,"a5dc7849ca8253b0de41e4e2890b95b4","nordic",
9311,"b9eb5e3b2b00f07a7901b50378f8f3e3",,
9312,"995a5cc6f81e55ebf16eaa4654274a09",,
9313,"aa0bf509b42c85093eb7a7c0dac4443f",,
9314,"87d8265d612331eb307a79015e0bf351",,
9315,"91a1ceaff7a0ac10b33b080abc669cd6",,
9316,"388258546311fdb65e8602a91b1a96f1",,
9317,"8b890b2ad4c79451d066e0feff0896a6",,
9318,"7be37ba835e9eb47d0a24c60ac6dc32f",,
9319,"50eba03ed8b0f751dc70332981c19428",,
9320,"14c2fb3e4e4dff4571ed2a46b083fbe2",,
9321,"ed1f2071b61447924f50fe8670cd51be",,
9322,"eb1e35d897750dc2e5c1d7c0b7be4808",,
9323,"b86fca100ab8dbb10560a07b92d87fb9",,
9324,"bec9d3b05a304866030221bf5ed7888c",,
9325,"b8e1c7ebaf2537843fcca886b69e357a",,
9326,"c6b30751efb35637a81b5ef91f66e6ae",,
9327,"4a856b9f24d93c13a316939e96838f13",,
9328,"d099c987695811d11347704b9834e49e",,
9329,"1fdb49cc8a6d3c6dd8e0b09eec4ef02b",,
9330,"3fdb5fcd6e3e7b20db135758dee15ecf",,
9331,"19afb9680c9365ba6ce9f1709c8e86bf",,
9332,"49dc9d2b976e0bd83d3bdfdc3825130c",,
9333,"e0c602a6e7b2278ab2225ea1df598951",,
9334,"6f02a2ca974291b922e0721458a46a8a",,
9335,"93b6d915ee4cd634a6604dfc804602aa",,
9336,"222b34a68cb258cd72961d95165ed601",,
9337,"50bad0e376a6826d9817100817853106",,
9338,"e3c7150135b112983bbba89fa83ec441",,
9339,"79a20aaa3f9f0acdbe44bb7ad7e86ece",,
9340,"83f7570e55a5dda601ba42c41db78d92",,
9341,"e6614425c28de629cfd17a73e593b036",,
9342,"691309a93a183e695d35e923797c698f",,
9343,"a7f3b7a99ba2de685bb271720594b98c",,
9344,"8f96beeb5f8320ebc421db4bc18378be",,
9345,"05c6fb5eb7ecf66406b2f0f45dd561c1",,
9346,"22a31ca42fefcac753f6fda0112788cf",,
9347,"4f42026ebe8fbf80d085542ac6187cfc",,
9348,"3e7167ba14a2d00f9765007e8c561562",,
9349,"9f76bec56f85e18a4c76c2dbb4ccfe95",,
9350,"4a10a6212374b2125b7a2244de1977da",,
9351,"2f6aed145e74c40306b58affc3de1a2c",,
9352,"2cc863bf9bac3fb6995b55e1294624ea",,
9353,"29f7badd1cf7e7de463c455dfa51b6e9",,
9354,"666fb9b25416dc9232dc426806ea8232",,
9355,"2fdc49f6b979bab401d32a30998a81ff",,
9356,"1aa4f6cce95866780b295b3d4eaea464",,
9357,"804f15eb89f917c89684ebbe60903c6a",,
9358,"761fca6a976f97666fcfe3154ac9671b",,
9359,"e7f57ff0a1dde900492b4cb4cb851527",,
9360,"c33f120f2c5ff96cde7c7278341d01ba",,
9361,"a6c599cf67f0ed4c8d08e1c06f687cb9",,
9362,"18fb97e26e266918cd5d5386c9cf86e9",,
9363,"36590334c375c1241a5cc23dbfcfa3c3",,
9364,"c24421a5e51731a5fb6eff3a5d2500cb",,
9365,"f703dc0702ca661cbe135c9d1c8e537f",,
9366,"8f244714ca90d0e2ed39e72c530585a1",,
9367,"604c8715ff3a3c933861bee7d076c21e",,
9368,"5af1d7f730a31249d9dd18dd4962f050",,
9369,"3d6201a77f8ab127afa11c9bbabf9da4",,
9370,"cd8583b16dbdec31fe1b818f1a4eaa54",,
9371,"4c6cc053c09b9d054f6c22bd251fbb16",,
9372,"5e9c58c22de3eac4809d7dd75d2d48ac",,
9373,"aec0f2497ec81a6d5c78491ba35e1977",,
9374,"18106f0a236e8d2beba9be08111689ff",,
9375,"0bf47093575e761be8fb2cafa08e135f",,
9376,"a3c6bd61c606edcf538e26247799dbd7",,
9377,"93d8192a0fede4dc0bbd82456d7c4f24",,
9378,"1ce709e40e4d17ef6da5da8620cd8e87",,
9379,"5176143eb3806982e43e7ab62f69b048",,
9380,"24621546335a3366490c44c2259f97be",,
9381,"6ee44136f7735e9d3bb83060753c7cf8",,
9382,"e998628eb39fa1d78309405b9b497af7",,
9383,"46b3883550e1604ddfa8b22d8b58365e",,
9384,"57952e4ea1d61d1ac1624d4581a500be",,
9385,"53ca543d08a7c7b480c0c226432085d0",,
9386,"7eee9879d6697025d6ccb74d5a8741ef",,
9387,"50d65e338054761ea86332983201e854",,
9388,"cb3aa94fa8af9dd22a95649fbba35a52",,
9389,"584cb05fb9ed2d46dd22cb158ffce153",,
9390,"5b9664c4f1a5240ec575d75296a3a098",,
9391,"8780f8dbdc7ba99ba97afe446c0d18cb",,
9392,"92157f05d2cfaad6937a9454883816bb",,
9393,"422fdd149710a9d70a9a85fb51c049da",,
9394,"a330e4496cf0a71b8623d29efcfcaa09",,
9395,"b541b09f6b34ad177d559deb9ecac532",,
9396,"ff17c44fb78c5dd3160ff0b685f55e6d",,
9397,"82991af5c38beb6cf7c442afefcf3dc5",,
9398,"b085a7c5fc987e7fd248a890fc51ef84",,
9399,"29facd6e8b3297c7ed571acd468aa1c2",,
9400,"a041d2aa62b3a2adf049a399b3cb5e32",,
9401,"9a604aefcddc238d2714feb3eb43715f",,
9402,"7000dc5808b2268dbaf5a904a631e6c3",,
9403,"668b1408e0395b181b1c319ea9fa197b",,
9404,"fc887fdba834c35082a29a04ca345ae7",,
9405,"3e0e38812d9887eb1efc306aec05fb2d",,
9406,"e28f171f37896b5387f43519746c2eb4",,
9407,"212590a85fd104d265fe39db74e200e7",,
9408,"6cb470bc64cf3b9d9e481bf212206b0e",,
9409,"8dbbdd1676b6783a8a3a151031403d47",,
9410,"7d72614f30d56b40583445019df5343b",,
9411,"fdf9e0b7b1db0a9fe2c24e441442d1b2",,
9412,"b00a5dca87c04f2434380449ee6c8fd8",,
9413,"2bf72912488ef3ecb83b27985183d155",,
9414,"46c3a7374c5ba4c46d75f027f95c178a",,
9415,"54e064145313a9fd1919b0f96d4f06f4",,
9416,"83a4a81ac8f550d16dc82d0be2e7aaca",,
9417,"6a0de31ca31bc6be29b01f1be629fc58",,
9418,"e4b6d26843389e17022c834699914dde",,
9419,"fe25749501045d601810d4fe283577dc",,
9420,"872619e27e4b1f26e3ad1266c7242ef4",,
9421,"0e5ed0dad6b5096d9187f3c34cbee049",,
9422,"24ed59c5c5fcd46efb4af19ab1603407",,
9423,"c0914a64f42196c951602eb902a1b8c0",,
9424,"a1adbb02df6cc6934a3a6715c6ddc0a7",,
9425,"5f3c30e37a7e3a2361115e5e8eb161e5",,
9426,"101f21c071437856416713c2ad5c4dea",,
9427,"cfeb498f7124b7e375042ea8bec1fdc4",,
9428,"8a74089ade50ee1ada07d9ee047b9f56",,
9429,"259b4f9e4aef57a5051f27a201653262",,
9430,"f39f48f803922e90f515a4fcb976653d",,
9431,"19cf54c229e7f0ad7ad3c851b7a61403",,
9432,"8ec7ddbb4d73bf67b2c6f5adb8ada2ee",,
9433,"59c0c8dfe44f2b927154b0c2a19a4fcd",,
9434,"04106929a1de3b88abd4d5d4edbbe0a5",,
9435,"070dc76c1f4a2db0a4668b6177a12234",,
9436,"e32d3edfc92efc443188eefb3f1cd79b",,
9437,"ba4e264988557f34ceab4a0ba10ea049",,
9438,"a7c6873d223dac945f96a5b06b1cff1b",,
9439,"525bee8bbc90c628a73017e979a8dd32",,
9440,"e4212b7cd4cd08cf481456889e77dbf0",,
9441,"fcf8cd53c7b9f819553de8c3c859d30f",,
9442,"7a98cb2c15363c0ac8b698f11f8b24e3",,
9443,"f4fe293bcf80f4cfd7faf796cc43cf70",,
9444,"7924437fc064cb08e3d9bec1ce1dec68",,
9445,"b9539ae93957792fb98c62cb96e6f4a8",,
9446,"eb3a440c9a587d624910ca5308efa047",,
9447,"948107ea5c981723d497c0fdcf96943b",,
9448,"5c4a2b33595f292198d84c8294437fd0",,
9449,"9ceae708ce627ee147739729e1096c70",,
9450,"a4bd68d1a19a13b2ab3b4e5f1400f780",,
9451,"2b588048957c738a4d7d67f3a6b24df0",,
9452,"c1a5ad99f5d715ec6ce426b4bfcec979",,
9453,"1caf3303cea043f3af8d6fcac44b74f8",,
9454,"ee4282542f9f7b5a21ae767405d77d75",,
9455,"71dff3a3a264143deb1b8945a7d3e4a7",,
9456,"c1bfed0062731b75fddb2ee240a305d9",,
9457,"212550e5e02ab0a0caa9863315291b0d",,
9458,"a78f9b36e023e1b6796604e05e09b24e",,
9459,"2b244d41832f46382bfbb8994522dcdd",,
9460,"fddc86e7231ac5f890293a732fc8bc0f","nordic",
9461,"00260d8844c817418b199ebd5846456a",,
9462,"68b5bd79e141539358ecd4464967994f",,
9463,"e6439e641dbe2baab5c6a1e15e0f4dea",,
9464,"30b2d25c5bc27000a798ea2dac11ad20",,
9465,"917617944ea5c4cf05d7b65c3c4b2fbf",,
9466,"13bdef95053ad5c75a695abff162b50a",,
9467,"426b075d83ced3ed9f78786db3858b6d",,
9468,"1ab72a517fa60f041600ffa293ffa1e3",,
9469,"9cc230a41d297f1f74aa943120f9c741",,
9470,"e082f66ade2c759c86a58a1f35b5d7dc",,
9471,"df52f86eeb98a8d70ca048ab550be785",,
9472,"63a869bb917892c4474d92b61b3cadac",,
9473,"edb9c690cb3acb98bb2fb7b8e7034824",,
9474,"3a4e387336abee87b89e78008d900730",,
9475,"4cc8aa5cb5a8d9caad4541447c28cd02",,
9476,"c7dca743b0f67bab34c4fa47b5e1949e",,
9477,"c2bedc5ef5036840bbc7b04c6d33e93c",,
9478,"88f6957ce04c5d37a714d9aa48aa894a",,
9479,"84ce34b0260fa8fbfafd35a10f989d53",,
9480,"dcadb2587d16e04f52696bdd16cec130",,
9481,"9523b7cfb66e18a691a7cdd40aec0c51",,
9482,"d7fd8af80b2d1d4fe731d4f31a2151fd",,
9483,"7cabc2db77e756614ff05fd937514d1e",,
9484,"7bd8d356f3066c6834badcf8edce6fcb","telink",
9485,"c630a9337770cc6937693f45cf71d9c7",,
9486,"4ccf01f17f10004d136e3bd02e14092a",,
9487,"99c02b490e881b156e400b0808c8a402",,
9488,"d3207714cd1b475e5e1d7fe8500ec8ba",,
9489,"fe1dae60337eb2379173766d14b96858",,
9490,"2cf575490cde378b42eb29d5fea0fca8",,
9491,"b5e70c295eb2d279e4da9cab379df737",,
9492,"4b28b8a859a903af5a161ea5d8968642",,
9493,"b1582196ad4964d90464150c0bf0eaec",,
9494,"86ea6d0ead36714d39631d71c24a69b7",,
9495,"206f8ee3dd901929607f54f481b8c2cd",,
9496,"ce9b96a553fffcf11e7e59668c8c8b73",,
9497,"a9518bb01662b0dee2145f33a89a07b0",,
9498,"2a33abb7bf716b9377f3193ab7953e7c",,
9499,"8d52c59ac6e21138be028f63cd549c2c",,
9500,"168284ab9090ece7f08e45d7ee4aa17c",,
9501,"2a083685e10cdbfa144e17153851b352",,
9502,"45b4bc33b17c9e7af4d79cff015d4b1c",,
9503,"f67060c5fd5727359fb4d61da844c4e3",,
9504,"12006a447a8592842061d6226f677967",,
9505,"5778f01d97d657bc7aa6b6e0066ae98e",,
9506,"4960613062d68c792dd49eb9bbb8241b",,
9507,"adbba83586d290e389a400f9bfcf6e1f",,
9508,"f11cd38ae433c06ddca03cab51161613",,
9509,"41df6a557909eef2b48ca72a5db31d22",,
9510,"ed7fcb35184bf09cccf320b96ba4015f",,
9511,"60f2da751c2264b486959bec180e47ff",,
9512,"d26c6e73016a0b93ae2881f4197e8158",,
9513,"54bb251074102aa52cd0605ee3843a5c",,
9514,"31ff1ee781b7616245a67944ede3e0b5",,
9515,"16cdfdad4e3b5fe114da694435b9a779",,
9516,"c3920a9dd47e71a558824739a67e0102",,
9517,"f01a254fd0b526b72b881cabda1adcbd",,
9518,"5b242eff6f929f3adbdd71f0f6bb3c38",,
9519,"354fc3af12eaf630255db176353d103a",,
9520,"0db874fec2ae4c6269002984ea170ca8",,
9521,"70415a6f8cc6c53e3f9db07e114bdff3",,
9522,"20e9b02408284786553d8cc8af5dfe39",,
9523,"63598d2441c1f22b984d71f5eda68a32",,
9524,"04f66c0d1ca214d80f0cb3964b2cdd30",,
9525,"aac5071c9d1a200e0f326ac391c01e29",,
9526,"c032979de5e4846cc8f460fa74aa3e7b",,
9527,"a618aea3af5f31b9e36d76f2c2f8680b",,
9528,"b0a7cd18dea5a0c491a77131614e6097",,
9529,"27243f99dd2595ee086cfbc2ca0af48a",,
9530,"096d794671a175750270f9d009b21e9c",,
9531,"3f07ff1517de3fda2a883ab12392b45c",,
9532,"f2991768f0034f1d258921289b25530b",,
9533,"1a81cffe8a10460b8ca9eaad537e7286",,
9534,"ad2d35adae605ed48b0d0d5100b2ecf2",,
9535,"f34bf0a9c2ec4361a1f7228f2f4a169c",,
9536,"acaea9e63780606ea89cb325ea1aced9",,
9537,"72da072d8eacf10baaaeba74feef07c2",,
9538,"9d0da9e72bdcb9a4eb0caf198603dd15",,
9539,"924281d895d28701a15152a9a8b2e250",,
9540,"1d77ab1bf092e79f449e8b9ce5e0f944",,
9541,"58d454eff871076590545137797fedeb",,
9542,"ba83c82ebae1f85965c97aa45b896172",,
9543,"f880fae0629fb9a6884d91696e9f2ded",,
9544,"9e1ae69486138ac7c7ff519afb881a6a",,
9545,"7a8fb013614aec76e472aae558a8acc8",,
9546,"a45e813cc3837c6d8ec73071632867b3",,
9547,"a8f9e57b5a64f3812e7b5d4cf1a04eb6",,
9548,"88975a6dfc7a26845fcf553c06950c32",,
9549,"5e84f69335bea3d85f7cd7317d60bf6c",,
9550,"49bfc8cccf69b9377086c2d298153569",,
9551,"eedae7aa9ed3a01d3218532a37654320",,
9552,"0a95ac285606413f5e81a055ebc46cd2",,
9553,"688683c53e8beeee15a1bfe8b8f23964",,
9554,"cd1a1e93b258a382320407acd57a7101",,
9555,"88dc75012fff08ee969fa127cf950f29",,
9556,"b48e61868d4eea281e82845cf8bd31db",,
9557,"1cc08339001029970f2c0610f0c27241",,
9558,"0a8dcff44ba05f62cec55d357cd901a4",,
9559,"4bfda63dd45b0f41c36b1829a4fe2f52",,
9560,"5153ea165492acca500b93805d0df9cf",,
9561,"9c9e9c47947aaf551dcb7657d605a433",,
9562,"600ba465677ca5e81553f4b3b729b7c8",,
9563,"4100e4c0f32beabc2fe0667503728889",,
9564,"e8c92250ca935cdbe3da63e05780f0c3",,
9565,"672fa4a945ade63e2ec419339752dab2",,
9566,"c9135b660682dd8f995a06f302b2125d",,
9567,"73def88517294db3681f9c8a0b1aef7b",,
9568,"b3d7beff1b97e26091d9f4199ba0c2f9",,
9569,"997a2d12a6fa8b1d8000cac53315dc8d",,
9570,"5fe67b37f50577cd3c86af296078fc61",,
9571,"e6c2bfab2ff7cc5a59bf36b848ad2890",,
9572,"32270a72cef68f9cd4f0fc254c0cc080",,
9573,"092cdc231f746e09cabc26db5b2d184b",,
9574,"b57b9706f819bae9ba96e877983cc434","nordic",
9575,"63fec2e9b36e2adc341ec1910ebdc221",,
9576,"1d472ad725e198d9babe94625bedb12f",,
9577,"6383b81b366b1b25039e225580d52357",,
9578,"1f891125a6ee4bfa3de2b6135adb4544",,
9579,"a36fa0f186d2964b2a860fe89fb395ac",,
9580,"7120a8434354c5d526124b427f337bf7",,
9581,"412c877e78df32ca2d6f4b160acc6b6c",,
9582,"cde5bbdc6489cc948fb99a23d4daaebd",,
9583,"7f35dbb5f37ebcc861bd3586ab626624",,
9584,"f4c8c09642f1bab416ab170d365cfc8b",,
9585,"c2e634145186b040a83b3a60a0bfa740",,
9586,"c5d28863a54475f0b7e25c477f7710b9",,
9587,"8d63ccf00fe2b6d057dfdd3150cac98d",,
9588,"c60d80e8cf96db05a52aa51a4fc7c830",,
9589,"1abcdf6d2151d254d33dd9e1e58fcfd7",,
9590,"0e02cbbdfdbab72f2ae0e819e9cdfebf",,
9591,"df931ccb6903d84934431f2e2f3093d5",,
9592,"1b87b6fb1bfc9b1868eb45748cff6423",,
9593,"e908b3c345c1aeab75c2144ee8551cfd",,
9594,"2b64a5e02f098398195ed0b4b6af08aa",,
9595,"7259b30f2cc38e53759538d2a5da6559",,
9596,"659ab8b684f20d054ba027680d04ef90",,
9597,"e1a9a005163d566efa190559a3817599",,
9598,"c2800200eb49ee85e385ce887e66efd7",,
9599,"5335fe3b47e8ca957b551760e1f14873",,
9600,"dfa1b3e83e1e23c0b1f2d6451a6f51c0",,
9601,"559335b0695afe41d85e4bc71fe9a1a5",,
9602,"e6e4b9f04306d6c703e23c36c9df5fac",,
9603,"ff19bff6bc04e777a9dd1d428e6584ad",,
9604,"04315c4e5ede837a0baac38114f561eb",,
9605,"5057f2e4318554d11696413547cdb236",,
9606,"aa8a16b5d663a4c82cb00974bcdf2601",,
9607,"e36b1da2ffdfc99ef3ade465de8b978f",,
9608,"3281531e156957b37caac16988936ad7",,
9609,"888f777da583778f7e212fa85ea39569",,
9610,"c9f90bfef1064e7143280fa1d684f302",,
9611,"b9da42b1f41d26f56fd04c949bac4b6c",,
9612,"a43230da200df1326bd7edb22b3cc936",,
9613,"7ec2211a542cad9933189c8bf35b95e3",,
9614,"49a62673cad61ff2774058f0808b999b",,
9615,"ba74872addcb2d02b481ecad74d50940",,
9616,"d62895cf2c0f9e7f0724603db2784a1a",,
9617,"6456299eddd62b1834f71e81b4d6bb67",,
9618,"587ebd7bd165f4002bbfdb65720eb0fc",,
9619,"0c66f529c35b5cc75cb88689f4da71d8",,
9620,"5b9ffcffe3ba73675124df8da178903f",,
9621,"7bf5973c2d7545548fd33ebf9d677437",,
9622,"5656e4c2ebae17412301f8cda5368f98",,
9623,"8d41badfc79894e8240e9a7d548d6233",,
9624,"a7cc0b2d12508de70095a1669909dda4",,
9625,"8df6828c6cce9cb3e046e459b69f4ff3",,
9626,"0db5bd3dc4e5c93bc6c24cbd67dcc87d",,
9627,"f91d67a7370a3299cd9c97a292772a4f",,
9628,"93bfcb96169deea187eaa9325bc79f3c",,
9629,"aaafc2d1dfbf692e30d5ef5fb93b897a",,
9630,"07fa52bd5b7401868cf17105db7dc3ab",,
9631,"9fdd6f4340442ee22e42937149eaacd5",,
9632,"1b5a55d2077585ccceddc81e8d84d148",,
9633,"3dc71b77348250cdfeac85378bfabe20",,
9634,"f4685ba34e23e1f6b94ea946438f1e2d",,
9635,"0ddefb2757fbdc21eb912450f71c5c75",,
9636,"cbf57d5a2fcdbe50f9e7a87bf107e989",,
9637,"a3a2e6e378c58762ddf2f0e8338c3e20",,
9638,"d6eb4f7ce86b701db56e44c429ad590b",,
9639,"a99b1c14b36256cc702c82b054d88a2f",,
9640,"22b375c8fc65752186a6c679d1e3219a",,
9641,"d90c8e3de74072f7b8646eac40f3a652",,
9642,"497b546e5e33a0cf646bc5dfc81af0fe",,
9643,"4745fc239db4d826d5b2205a713be041",,
9644,"f7efa6802cb6793bafdfc0fee770e6cb",,
9645,"5a46a1ba1974246bd3092597389b3e3b",,
9646,"cfede86ed6bc463f365947dedba1347f",,
9647,"62e540665cf25e682864c1ef67b893ba",,
9648,"64e96d44c0cabcab7be79dbc1c53a3a9",,
9649,"f6d7c5bd0a11fb8e1cd4e599a9428508",,
9650,"2893433e406369cfc7347a6eafc523e9",,
9651,"9419f4c1d432d0d1b39271e773e3f246",,
9652,"cda6422d11e828fde57a6a7a7e2e2a90",,
9653,"eb6c9d450d94c9cc3e9bb79501633c66",,
9654,"a0fefa9e536efc44d36e2496701e5703",,
9655,"351b9554923625de2e8681c69f54a73e",,
9656,"ec8e02f5a19adb50a98acf3dab1b9bbc",,
9657,"ee5f56385b58d860ecb4294ef1e7d0fe",,
9658,"20b19dbea98f0d3b4626abb418d056bd",,
9659,"118af41bad3ce44d7b688af119292a2a",,
9660,"35d7805fd1dd99c36d01a1f714d86b38",,
9661,"d741e8cda8bc18b406ba6417c35fd311",,
9662,"56015693e8989d9c4f29e21c650adc43",,
9663,"122c043a44c78ba045120b4f4f2415fd",,
9664,"e5153d72c7b7ab6d2bfebc328a5b85a4",,
9665,"1ca16781bf3bc0191949259ce9436644",,
9666,"a7376734964fec125e59cf417a1713f5",,
9667,"9a864c97d5109f66dbbaf48ac6f2c120",,
9668,"785d9dd2b7ede2a8017fcffa0d86d808",,
9669,"55fc58638593221aad3c22163b2aae24",,
9670,"8f9eb89cae2ea4f807938fddc12878d2",,
9671,"0eeeb688d639d17a45230fde380d0187",,
9672,"68d05ba02692e022b34be4c3d24400f7",,
9673,"6d981149edc2c271af689f16a7829439",,
9674,"e56d0992caf6527532b6795b76ff7766",,
9675,"ee92f4bf1437d30e318cb56f4e3d7b85",,
9723,"754d1948d79327cd07325c8e7c6e5bd4",,
9676,"b6ae3086f948ab6e7ce6585768be7bf4",,
9677,"67606bc287b6f32b364b87d387344257",,
9678,"67edcb5b9ac9d11c6799bf0034642016",,
9679,"70825f2da9343f44b49f64b54fdbd55a",,
9680,"96e026c7e019378875bc5032e8f6cd2d",,
9681,"88ae7f448ddf72508496892835e81d75",,
9682,"c7e1b8a49360e78444bbb78f182b2955",,
9683,"2cf7ac6556e1a6a5fe3e096b04650b8b",,
9684,"99c49647013be3b26d342488a7613d03",,
9685,"27278b0d84bc95d5de314486192dd5d9",,
9686,"84d319dda2427c9437fb6ec9961d0ba7",,
9687,"a6fd3f847afec5dc3a3a252b983dc246",,
9688,"9a0f70711a5a5a8b199b0b43e26c6e29",,
9689,"cd540f9f7624dcde7195bc0b673b2be6",,
9690,"18de6cebb4faefddf16ecdeb3a215870",,
9691,"c319c9f04b8ce45f1e934226d911a814",,
9692,"61733645c8501f878e66cd3fb61bacc3",,
9693,"43d1360ff23e10469c00d1bfd78a8edd",,
9694,"530facebcb816519db5b732cf2c79aa4",,
9695,"10ab85140dce09028252876154c1fdde",,
9696,"927037371b5793e9eb0a6d3e4d9caa21",,
9697,"5657486d7d38eb1e72e41c1a021855e7",,
9698,"d79527699f4389d8936f97ea330ba199",,
9699,"b67cd348b75bcc1a2230136fdcf1965e",,
9700,"2f52603fe75a93d26a135b5e42e2e45a",,
9701,"3aa1988d91944bb276caa067dbdf6126",,
9702,"71c92a5f3fdda290d9b7178d1fac47e0",,
9703,"40eae7d1bea5ea8474af655d2b665d2c",,
9704,"41df1d53663266577d25e928f1ee5c83",,
9705,"94b7d362e6a3dc92e11fbc545a54f920",,
9706,"4b47db024c8a0cba872c3e98e907a378",,
9707,"09efbd18a7500e653aa689ab517abdef",,
9708,"d512951595740f4aa850de46a2276b95",,
9709,"9f30ce879bf303ee1d4ca1ffde8ce53b",,
9710,"df3813e2186ef9df634fab4976e00e52",,
9711,"6dbf4a0307442add78b9e2538b8bcde8",,
9712,"bd988c5deffc29816162c3dd3423f694",,
9713,"7f40eb4083e88849051a19b953c7621e",,
9714,"7b4383a3a59f54288bc004d453539d37",,
9715,"3121e48c339468c67caab868d1955195",,
9716,"90593dbf9036126da7f1087e2ba649e1",,
9717,"72ac9b4e02b488c50abc777ee6b64cea",,
9719,"e06f71a0b959e15cc02d902773606f1e",,
9721,"597dc206f6d1ca820283de6ab5f771fb",,
9724,"51aadadc0d93efee4ce1ba5ae3348287",,
9726,"8907362fbb4ddb922ca54822c4fcd90f",,
9728,"8d8a7147c141a8ff9abc1ed5d5d9c528",,
9770,"a71e4f9ed703b71c0676377f6fa00889",,
9771,"84cb3fcfc1c96137b436226e55b811e9",,
9772,"7fe78ebd6b1dc22020ebfc56b4fea9e2",,
9773,"876e14d4c125ae552157ef8ee96c04d8",,
9774,"9a376cd1cb679262428c49f4cfe5f0e1",,
9775,"380c00e22528a8dd029c9fd9e5e45b6b",,
9776,"0bfd0ca4b378c50f099909534e676a97",,
9777,"8a5be655f1ff9b9c20eb92ed17052548",,
9778,"844376d4dfb89e841fb399f54b23a023",,
9779,"186a9294a9a9619280eca477b4d73820",,
9780,"84e227d05b915616973de7290c20d2c6",,
9781,"2586e5943fc4d8925b1e53ad0a98bb9d",,
9782,"328ab5abfbaa2aa7d9a5bc3ed52ea78b",,
9783,"57d3aaefbf9560c887cc0df99c1a508c",,
9784,"855d8f46e638cbb056694af0a60705e1",,
9785,"9650e7cd0d6dd02ed29dabebc747eeb2",,
9786,"ec8ce486daa1be6b192024041bb28965",,
9787,"d375c71708a88fa3a0a33350215a6c86",,
9788,"19857bdfb7022f4131bbaf7f4a4bbd5f",,
9789,"dd07776a94841047eb1dc515b87f1ae3",,
9790,"6ed85d629829171bc93d4ae5cde9a0c0",,
9791,"bc51f049521df016288f9a9dc4cb51dc",,
9792,"6d1b8f05cd0539e1209a5a074a471347",,
9793,"f077f644c6698e98778e7223e2f1ee72",,
9794,"6cad263aaf7f442c0fe6a03b17bfb26d",,
9795,"f08c8c8fc2d528bac60b5b1fb26c28b3",,
9796,"a0566cca718dd81e9bff3e1eb8ce2025",,
9797,"e3732131b616fd46fbfb161d556de7ac",,
9798,"174d1c8b667c8c7c0bdb9703e6ecb9a6",,
9799,"e6dfae6fd99fa5919eaac82bcef57b2a",,
9800,"4df235482ac6c083e2b51cfb4d85c0fd",,
9801,"e1aaa098693d60ae04257344b7ec6d79",,
9802,"d65204dea9e057404c12494623d3c043",,
9803,"15593c14d0247962f6d539fd2f259d10",,
9804,"92dd36f4d7619f7e4ed1e75a4c95abae",,
9805,"56db1a7e73ce700c492295deed7bd6e9",,
9806,"93dbe3a35814c2e8bdaa42658347b2a9",,
9807,"aaf6dd3fedacb270af64a158542cbcc4",,
9808,"e60d44ca3c90eda500e34fecde7fc148",,
9809,"315d7a690747400d3d6c228712e783cc",,
9810,"01c7d857011d3b6a6138026eda35f3e2",,
9811,"8477c5adacd4188181c529c435f29348",,
9812,"ff57e2b1cce9536a9bc02f0786b69104",,
9813,"fc1a642f2e63b1ab8f52cc0751ba1ffb",,
9814,"91cf00f6267b7982abc089b7a3a6f6b9",,
9815,"86bb80dd692e87a1292c9cd45df376de",,
9816,"39947fdebee5e99cfb1605513e747444",,
9817,"b08d560e8f57d700fd67957584e0567c",,
9818,"7d3bb956dc9df0eafded2b56ba57cc42",,
9819,"88a35cebace27c3a93439972660f034b",,
9820,"c7e9297d5bdd4ef3a7784058073d3b78",,
9821,"1ca142830ac5811eda7821a0273265fa",,
9822,"2141fd16eef26b339161766e68034c91",,
9823,"c5d459b4a181eefce526c4b3527219a9",,
9824,"b3c57fa378368822c1cbf4187f5df516","nordic",
9825,"94da90c047e94ece020e3b3e9e92e90f",,
9826,"ec5c01bb55e6481921925b6ececc3fdd",,
9827,"68a929d8ed6eba1bc9f20f605a19daa7",,
9828,"a72dd846b7ff3010a56602eb6c14d327",,
9829,"6b1d16913721d7adf5d6b1701a42ca63",,
9830,"c3ea53e97c9ed2a06c1cfc7ad498c807",,
9831,"96d92169a68f5e65ec43a5ec70a8e168",,
9832,"3943be6bf075936ec2edd47b064e47c6",,
9833,"b46d83451d99677cdae1bd2e42f2f946",,
9834,"eb73b3182269583997f9fc16e293ecb0",,
9835,"88d214c33435a40e4b381c273f7b6a91",,
9836,"f55d4863eadbeeb7b22c82d2d2575318",,
9837,"e4b6b2a59db5206b821cb240724d8e9c",,
9838,"7e40e21956573b92bffaae4685023489",,
9839,"9ce513265e578726edda7b0a0fded807",,
9840,"559756c4c51e4d1caee7a23185418d84",,
9841,"d33fbee4334d812193b9d25c360af212",,
9842,"58a551df48345c9f794818b22b6e60f2",,
9843,"c1e96c9d39cab890b6391ec370c11faa",,
9844,"6e918ada16fab971a6e0d90c3fe85c60",,
9845,"8fb852098241aec63af1d9adaaab8a0e",,
9846,"043e8b1ff018e6a5f804317d1e4261d6",,
9847,"db8a232eb9585b1411aa2e13d8f2d0a0",,
9848,"e37877f14282f1959660d28e3fc4b372",,
9849,"c0e28b6486abe466455ec8ff8bd21f3c",,
9850,"329f0221e3c73ccbb8e297e462119e63",,
9851,"6a1eecbb8d08e177500fc7cdb1693617",,
9852,"d634c78c44f3cb8c2f23a86e176da469",,
9853,"e71a2421565fadae228b3924d9510bcb",,
9854,"69995036cfafd8f64d2d9ebae8fd689b",,
9855,"a474e8fca745bf90b7ed037caeb33e30",,
9856,"141dad2c9a55a64779696c0fefe79096",,
9857,"3d32e13954a0d05341eec11363b12ddb",,
9858,"cef2591e6c87e450344296fa6ffe5ab8",,
9859,"547a3d27d3ffee02a60f8e0eaec4256b",,
9860,"30cc6ccb4e862e3eec6be02c1089a145",,
9861,"30a72a089141e6b9ded529a0d0eff4f4",,
9862,"866a03733bfefec178e3d3ecdbe8d230",,
9863,"54dbce248ee0421b7571d85f56416559",,
9864,"108382a7a5bb6b80e4b6da2a9001f0ea",,
9865,"94497f41c3f2d51d78d35785d4091739",,
9866,"5faf8f2343d962830d080e88a1d3e6b8",,
9867,"c2e9e276e4971a865c8f7bc1c332d2c7",,
9868,"b39077dce73a7a79689cc8f5f9a15978",,
9869,"c52c30f64de42d9b5f2b8edf95320376",,
9870,"e07935799ec3f390716275498a7dd7ab","nordic",
9871,"c19aa1e3da33c040995bbf74011aa7fb",,
9872,"d9cbb14931bffe6df58b8f31bc811a91",,
9873,"7db2c0555c1fed4ac4bb34ad2885ee75",,
9874,"89ce3bf03c4e4dbdda5c13ce4a3e4123",,
9875,"5e28f02f671129e6770412bfefddd986",,
9876,"b85138c26c664be406289801aa36b19a",,
9877,"5acd1dd31b838cdc3c55c786919331a1",,
9878,"e867d42ea77a1de30e88c633d7f53115",,
9879,"637c542c03ebf137d1e6b6963305cee0",,
9880,"248176388cab0804af9bbe201611b9cf",,
9881,"d49e45bcd0511572ed07950804a65dfc",,
9882,"17a68fbd31b031f2827b33380be8c58c",,
9883,"c2f20499956e238b68fe6869dd6cd1fe",,
9884,"88565b26303e5693d47746fb71fdfaa3",,
9885,"9e9d78aad44477dd1c5d7deadda08edc",,
9886,"6941fba3cfb3afe3623a9c81c496e1d6",,
9887,"5e65ac74d66019822bae2e0e38a7fb52",,
9888,"25da75a7ec048f280f2975c6b5131737",,
9889,"b6669a46db43ddc8d57c2a92b61c9843",,
9890,"8914f8d1a9c953211b10a8809c7375d4",,
9891,"5ca9ca36d3a291c30cb8624443b980e2",,
9892,"2c2ef259713013066c9b4cc44cfba789",,
9893,"12505743caff9ce814133aeaff061725",,
9894,"f6989b9441ff02edf2fb70f24343421b",,
9895,"b6bfc7c50ebd9593bc363f69b682f628",,
9896,"617a0d0db952a52ace32b24c5cf24052",,
9897,"3b1ad8f972e586122d00a32641055e30",,
9898,"a70dc78b8fbe30946303a563b2e31664",,
9899,"c900b6821f3bd70d8de8d996c8ed2541",,
9900,"b62821c1ff7a392531d92b98c7cab189",,
9901,"977f6e170e14f2d326e13392a1dc01d5",,
9902,"35c8d21042107a667c1041b90b64c093",,
9903,"e70fec9b2f84040e80e0102b100a3c40",,
9904,"469be218328f6ed93dd73b21f1f188ee",,
9905,"f488cddc0f9e71f73fd12313868cff69",,
9906,"6b12e5097047d8b6d904c25a905aabba",,
9907,"f00e9b8eddc2d4453f6d9d8f2991f71d",,
9908,"9d02c87ad9c7bb05c67e37c5456b2578",,
9909,"528433682fabce95297bc7a3159c5e5b",,
9910,"7ca489f74908dbd39ca6e469c80bb27b",,
9911,"07bc04bf2f95884b333ba6609164aa1f",,
9912,"4da56e385ce7e7f0649e086951d94f35",,
9913,"9244ea535153ef5f54e73f8ea6639f02",,
9914,"f70071e4280096768c6292c01333d452",,
9915,"f1603cbc0be1a73796bd1da777bc3bef","nordic",
9916,"c592fa18ef2e10cd42baa31bc5805126",,
9917,"8d961de197c0b1b33fcefe90f085b503",,
9918,"d4218dbbbc273c2d9665ca4d40faccca",,
9919,"e7d611152619c9c63c5b2a6ccef267f5",,
9920,"e9e4107c6302a2b54dc6f7db3d858134",,
9921,"d5707abb0175a813274b54af613d7736",,
9922,"32e4a57b97a99bbaa4a06b16c7d47dcf",,
9923,"e3a58c6716acf7476b68768fe6167404",,
9924,"4d26fbecee87bbc66a29a96638c78031",,
9925,"61de09bf72af0231a12758822cf15454",,
9926,"809e0626455ec4bcaa947094a4b9179b",,
9927,"5364eb6df5a5347bea91a9b9a5f4ef99",,
9928,"568455f709485712c63f048fa571bd63",,
9929,"fe420beee67d7f4c0eaa25f36af0fa31",,
9930,"85b25e5b059cc1c931478da294647894",,
9931,"fdddcdfefcaf2aa5462542e9a906781d",,
9932,"5d4e34ba7bd32ddd40d4c6deb5fbd6dc",,
9933,"c9b06bd3df1f96586a6c130b711fea33",,
9934,"7559b0bd509969335de75ac1876c55b2",,
9935,"5488bf6c2d102de1e585660874481576",,
9936,"c0c6bc16eb5aaafde117b7779db918b8",,
9937,"09e1776afb12aea310c2e4f853cef17b",,
9938,"470558535bc1b3f93dfb2dc5ab46c1d0",,
9939,"8d4ea43b9f6a9bf1f6d9ec0cd088dce1",,
9940,"1eacc447ca3e3d0af593ef2b27600da7",,
9941,"32789085bb556724e566b38f0b5e4c6b",,
9942,"f23f5988bafba52f300b12206cca2729",,
9943,"a3cb58f9f5e102a6b09ae48910ed95b7",,
9944,"b2caf284adf8568b698a3e2663e9c050",,
9945,"d4861c0f84705c459c057acac2f4fdf0",,
9946,"32a4c328689bb369e8cf4c50b18b2084",,
9947,"1278a97ad7a358ff72544d7ae79751bd",,
9948,"ac74e82e32b9e00c3b8603a367292635",,
9949,"1b2f16c47220895e258b9ca543a6c53a",,
9950,"16c3ef229c80c09d44c35f583c915b9d",,
9951,"ddefb7cd65a5c99b4f980ef6a42986cc",,
9952,"5d131bbbd0f08b073b391c8fea00c0dc",,
9953,"7e5baadabb31c75e2928d76f4e61d4f7",,
9954,"9de36b143f9c1ca2af51606aeb0822b6",,
9955,"9e7cd2cf1ec49a951df207f30bd3d970",,
9956,"f7515faaa46866349df360170e1759b2",,
9957,"982a0a0382c8aa6e417bfb36b6db6942",,
9958,"bb29ec63158c75dc563241084c293f59",,
9959,"875b3ef8fe334eb32671db558f2bb0e1",,
9960,"696cedb8e76ecc0cda9f9b0d3972c64d",,
9961,"b15cd623a600e733bb981ed3134d2964",,
9962,"c62539f3d972a0d29e78c62ad54cf7b3",,
9963,"a8e39102e8d4c3374628769d0ce778db",,
9964,"0f5617c35be59c26952a457679c57c8c",,
9965,"71f3acfc538795a31a675120c5bce0c2",,
9966,"414094219ca092cfb6c521983ad46fc6",,
9967,"a1bdfb3290ec67131d90c07d56bb5ab8",,
9968,"5c00e6467651a7dee8ea5a0ab7e87f33",,
9969,"7ab78364a012cbde6f424c8cc46fd6ab",,
9970,"8e5fa2e25678f47a261a5950da183f6d",,
9971,"e78a75aab3eff021b41b9ae31ec3afa6",,
9972,"ed043d41d7c86cdd8279c04c8942065b",,
9973,"e3ff086cefbbc9360bbfd56a9392abeb",,
9974,"8a2b1407f82fe96a9bafcd69015d2c06",,
9975,"c02169d27b9b5cf5cbff0750a17ef601",,
9976,"fbf1f78d76977aa32d1c693665fc2429",,
9977,"86c53082b4f92c1cba4d1a682ddc9b84",,
9978,"1594c7cc65ead447b709ac38872cbc38",,
9979,"8f67539c07a196e67542f76596be6e70",,
9980,"64a45ffe1b1a9838fd913303d270106f",,
9981,"f4cd150e08b72f00c073b5079578d53e",,
9982,"d97b5821b0c3cf75ba98315920032371",,
9983,"c606762c6a2346dfc57c55bb05e2b1eb",,
9984,"22f246a33929f180d221aca5222619a3",,
9985,"3dfc5d8d0d2d4d8f449282725cdf2351",,
9986,"ad6adbe0e72d7be05b84a1f09fd7d8a9",,
9987,"a8420df68ddf5ab84755d67b40eddf45",,
9988,"ce0f3bd0b24aa698a58eb088c6475504",,
9989,"249258e89932f2d3b966a04da5ff7a0e",,
9990,"48b0f5e9603d0707de0acaef6ad6ed65",,
9991,"a080a461f3444db555607b7c75df87a7",,
9992,"cc83ef003a3da8eafa932d5f1bd8d394",,
9993,"9c8278d4bdf3f530d1fc8c8aa63e3c64",,
9994,"9cb6f42bc6b0701b3787f399423732c6",,
9995,"3c5cf1966600bd82427f429a776d519e",,
9996,"50df262114be98d986c80df74e88698a",,
9997,"4e26feab9a8ee96eb9dce6b4aae69115",,
9998,"85e1d2b862c17d6573603322d519f549",,
9999,"dfba36b3e76dfb0cab856652cea3bb98",,
10000,"4072783b8efb99a9e5817067d68f61c6",,
10001,"d9dbd59ebcecaefeb08974ef57dded3d",,
10002,"0e3ebfdca7108972a2963939fae3dc7e",,
10003,"6e810e4f7bbae0694883aedf1f2ba187",,
10004,"f99f1c9ca081f45bac90118f7a1a7b50",,
10005,"ab5bc0bb25856f991ec5045be1ba3d3a",,
10006,"c84bf6fb3599c4d2086b79846bc97110",,
10007,"809daad3f3a5a62ce570191e23673109",,
10008,"ed8d676d7bbbdbc3207a3b2ad9c5b199",,
10009,"b00a42070daa9582037f642cf710b3cd",,
10010,"9de0579a90a2b274a804407992d3e203",,
10011,"d79639ed8cb33797489071e2a7603332",,
10012,"f1601c022efb8637f300439200df16c0",,
10013,"4a1bc7427fbba81776904fb01b046509",,
10014,"b934d883a68a90bdd80a5f89a8c4bc5e",,
10015,"e1eb260c23fed29e2252f8acb2cb16e3",,
10016,"fa1c14983695827a2c5762248875c333",,
10017,"5e2aa9508226d23f33a7b60c27aaba7f",,
10018,"ffb5543dc30b3e2f0d58756413f0a5f0",,
10019,"66e0bbd32654b691c3e8b839f4e43a33",,
10020,"8dece3db362bb19d0dd7b84a8f18c0f1",,
10021,"d63511500cebd3f5208cbc06818075ac",,
10022,"62b7802344a58dbbba7ffacb43ac1eff",,
10023,"58d3527d698da525a72ebe73a92e3eec",,
10024,"7c6aa4967880d6873fea5c54dd2fb709",,
10025,"3ce881a9e43d903437135054ef7f9a88",,
10026,"3cfcb3c0f8ce52983faff45de711fbd0",,
10027,"7aec6f1b7842f2f0faacd62b20007ec1",,
10028,"cb52d97af362fe7d4030cb6c1bf4a3d2",,
10029,"1fe2393a54c3cbc11983bcbf1a112c54",,
10030,"195ee2124de3038912df9390600c0156",,
10031,"2a78b32cd27073f8f8ea4e5fc28fdffe",,
10032,"0f5d525d82e31a6048828714efa6b880",,
10033,"911453962b7379b95e817d0250136266",,
10034,"06417e153d6cfd83456e915de7987d7e",,
10035,"e9e7c9cbae1851337ce4da8fe2fcde89",,
10036,"9e2d431c1e5a869b1259e30d5f5e1529",,
10037,"f14ac492ffbe68ba317fd2e7154ff58d",,
10038,"08d47d581b391e11abd63e446a84ce15",,
10039,"10c82a5a2ba8a5e388b112af9881c403",,
10040,"2d23afb7f272728d6ec5ff65f4474fbe",,
10041,"f10cbc6ebc497634c1a7e2682c0e0eef",,
10042,"e2b28c076f144a07371c4ddd3be33c2a",,
10043,"13966b19637f18a0b836c15a32654fb2",,
10044,"cbb1feb005ef01043ccbfb4fbcb53667",,
10045,"55a9110bf8f76a9857d001d9fa670ab7",,
10046,"049265585d638ac982aa778b1aba8e44",,
10047,"1b54aaf4205bbd79010997ca157c41b4",,
10048,"899bf694deed57cd2492d30ac0be3438",,
10049,"2190001acc5e5bfb30998fba61abaa31",,
10050,"53bc38e27432fbcfa93370f27d32dcbd",,
10051,"edf42fd72836a1e8d4cf28ddeb54e1b5",,
10052,"6bdc566c17f0d51e37b5511acb07e7a5",,
10053,"dee7635b35fcbd8bb14058ed2f278280",,
10054,"09cc6a307071da53bc4b5473a749c7a2",,
10055,"279f2d584a162cc7ca37c24232ab7f6f",,
10056,"e8af1893faf0b4d0e197caf8ad9bb6c8",,
10057,"072e9af7a3dae972b9b4e0d3f3b7841a",,
10058,"2c2fc02dbc46d5dd1ff5c30e3108105e",,
10059,"398d164d7b8d9325a172849c6374ba67",,
10060,"075539e1072908a0c86ba352c1130f60",,
10061,"99e4012c61ed5dee2e50ed02dab343c3",,
10062,"2c98afb6254e07d3c51ac1629bd35f73",,
10063,"f4e4743e92306d43887c36cc323b83ae",,
10064,"8deb3f4afc27063b60d5c9a0969668a4",,
10065,"6d18c8b11353ec2c2f08f9546672e779",,
10066,"86325d0b3e1b130953e7b05a21ac055d",,
10067,"a944307139d4cf86826aa305f08b9d19",,
10068,"f9236962d93835276b172b27dc43f184",,
10069,"486221cfd4b0c4050781948c4e3e664d",,
10070,"4091dbc31f1b5d51e48da89dcc630a7e",,
10071,"31350833555fec024902ea054065d0bd",,
10072,"4346991c3b81fb9bd15302c31db15cc7",,
10073,"e732e09176f9d44a30b6eb654cd2d2e3",,
10074,"b945cabf7837c0fb4ceafa09a701cd80",,
10075,"63ffb6553d8b5d093737f3c518f1f02b",,
10076,"051407a9e4ee2e521a71c68365fa9092",,
10077,"28f5bd2634e343a81ea68641f597b14f",,
10078,"3b6dba54d31b8b369e932cfcbf2c68d3",,
10079,"17b794e04c75c1077fd63e83618bdea3",,
10080,"ca0e44a73c6c974d4392b0822111c582",,
10081,"7296e8d85510cd28f9cbcad0cde08ea9",,
10082,"70b9331bb064cc212bb9afa34749a4ae",,
10083,"f711157a585c71f5b88ea9ad7fcd9059",,
10084,"39297f6bdcd09bea5dd105cbfba877e1",,
10085,"d3923433bc7f883021f66929d540af1d",,
10086,"a6142fad6011bbc67336bea14b425862",,
10087,"fa835e6377e3632dd42990a09269f838",,
10088,"d0a97e3862b7f9fe1ebb068439987b9f",,
10089,"3e44a0efa24c4e4a381a696215efdb85","nordic",
10090,"d312578ec33d70a1615ec3c64c22e109",,
10091,"4b85268a324174c75dbfac7a9da3f2ad",,
10092,"8c77efa6a99a504e327b661f10e9b1bb",,
10093,"4d5ee1a9b4e5ddce8a08baf13dff6229",,
10094,"9f03fc357fc12482a431931bc948307b",,
10095,"58295ab780b920670c6c5aa827ed007f",,
10096,"d90c4b0e3f81e72975923ad22024d51d",,
10097,"0b954cbc52ebeb2fc9ad7c7756e2486d",,
10098,"64805851b6ce3c8dbaa3033b7c3cf2fd",,
10099,"eb96d26b396c07baf076f21917b2cbf5",,
10100,"9f5e721bbf4e8327744feb7edc30b419",,
10101,"1773dfb77444ce8f5195bbdeb23c96e2",,
10102,"f5d7bb785a623be84334b521dc09dc36",,
10103,"22ea0a2dc8424eb7ed4cd4be20301c6c",,
10104,"2f0c2fa8e5b1f1cac162a136808c8fba",,
10105,"4b85f71bc9293a0dbeb4d5b64a0a45a0",,
10106,"16c8e2645131cc8ea5f29bb65468172b",,
10107,"65b9dd2242a293c1bc2e6c5b56ee6b07",,
10108,"d5c3729d50e749534465162aeac7214b",,
10109,"b51a3d15e1db5a8c3bae4d3fd59d14ad",,
10110,"553eaf8ecdbd490b8f67af5178542cdb",,
10111,"17f746e4c73377f14e2946cbbd49cd61",,
10112,"ffa5f3ecd23d68cd76815d3eced2719e",,
10113,"7efd28f35fd67c2215f2adbde37e8bce",,
10114,"4348c2dd593256d1d041e9cee12eeb07",,
10115,"c8979e008ac1af2a65f16483f1a8da8b",,
10116,"66c48e6c27eaedea8e87e6a72aaac2be",,
10117,"2d15fcd49b7652a1772d0567f93ced94",,
10118,"758c001dd3ecd201049b956fc99f8cbd",,
10119,"bf95b4b75c6d96c2cb04348640606bdf",,
10120,"71a810ccaeb0c282bde634dca0f4c24c",,
10121,"dc4c4f65f2676cddbfbeffded7638562",,
10122,"68d07914a8523a065a59654e881ad9a7",,
10123,"1b65397ed69ea981bf4917e7662de6b8",,
10124,"315887f63a4e8f8c4534b711492d3a04",,
10125,"652a7707514a2b9be75ceffdf47be456",,
10126,"05238234a76f07b9ac89ab01598cbbe9",,
10127,"2f54cfef2c07762137d30e58c06ae5e3",,
10128,"282b7a23c81f2fc6e79ddaeceb11735d",,
10129,"688923bead8c06569aab89b51bc84884",,
10130,"afa8c2bcb841fd557373a10951af4171",,
10131,"36912032f3d59e9967490564cc7cb986",,
10132,"593a6364b707c777a5cb7bce3c2dfd4d",,
10133,"ef2998f04e8a530d31932bd5e31566a3",,
10134,"286886285a17df71b730fd0d73f6a422",,
10135,"6d64c49f12858ac30c42c76fdc870231",,
10136,"560d0a036d3e67bd67dd31c3550436e6",,
10137,"afce708e80c602a11ab71c02693c4bb9",,
10138,"c34980c7073bcb979630eae678b06aa7",,
10139,"ea26a24fa5625b3fcbe83ccb0da3b91d",,
10140,"5688f6e2cd2f2f7daa7100c225939b13",,
10141,"6e3800de914966d6ef0d0dba9bf79f51",,
10142,"2d8282cc397088268e90026e9a732877",,
10143,"bad391098b8533be69299f07ef12f6e6",,
10144,"daf6cdd9c48f6c3e4c63c3cd8e1c171f",,
10145,"0e4b8fec2f9b62f4f95a10a9bb5f4786",,
10146,"604c388aa71ded1d776a8262d87a7d35",,
10147,"ba8700f300edcb7d4537bda3d35746de",,
10148,"c292e2426d84b03fa274d24bc2f1886d",,
10149,"cb7800285942331906e51e43d796fe96",,
10150,"27ba60dfbc67ba4c629695e9d3a1722e",,
10151,"0abdfafd1f9b52b60ddab34864191793",,
10152,"d78b8a707452c6282c930205d3611a22",,
10153,"1a2d2f51c606b9ed92b7bbe7bf8f24d2",,
10154,"533fd2e5f741130a9c7641036c2807b4",,
10155,"4bf9883cad714b11e46fd90c71194600",,
10156,"c96220b70d31fb43829adc5330f49f44",,
10157,"e00aad10ff03ea08a30cd8a8d2d912fa",,
10158,"a0b8ae6a62170f06fc47705376f7f0ab",,
10159,"dd64fd6766fc8ab1cafd56a9d38f5b44",,
10160,"cf4d16afa4d336e4e8052ae20d0cc78f",,
10161,"106cfa812ab70ebfc24be29f7829839d",,
10162,"be140f047d8aea1f6cdf1cd6a2fa3356",,
10163,"6d0135c7ad36ffbdaca61f297bb2fc83",,
10164,"3174856366eb0d59033b12e7d2b173ea",,
10165,"33fa4fdc443a5608f000cbcd8e36615d",,
10166,"d5d11d18458f54f4c21649437a47f770",,
10167,"15976f2287a0f7d879837d5418886ce3",,
10168,"2b2e9cc203e78d79d3aa35a8c489ae78",,
10169,"29fee410b20165c779c399fa509723dc",,
10170,"f14fc7a1033dee42420787dfc29eca10",,
10171,"d84cdf7354a2767e595a23cc131987b6",,
10172,"4840104d885d514a4a2b960a1d6eeae1",,
10173,"be79fed71d2d886c8c402a8770fc3bda",,
10174,"aab7956a6cc523af64582099869d14cc",,
10175,"ae1f9903e4c399fb15d81becf200c926",,
10176,"17fdd3283b75ef57927316ec85a2da0c",,
10177,"4668632aefcce14ca1fcc4909ade286b",,
10178,"7664c9660ff582abad1f137dc59e13a0",,
10179,"d2bb3173667768ea3dbea1d0acbbaedd",,
10180,"659b255fe209170da577941848811bb4",,
10181,"496490bc3de0597b4fa2d0ca802dff88",,
10182,"77a48fbeb7b9505c6ac4d01504c4b9f1","nordic",
10183,"ff6dbbceb910d90206ff288793a590b6",,
10184,"97433f0cd869be675fe4f244c3cd9357",,
10185,"41f2972a86cbad1212dc316f4be6a981",,
10186,"9e69dfa792a158d30f2c52eac900c456",,
10187,"9a88bc6e8d0f43f523aa0721fed7b738",,
10188,"3f1d8ec009e292f0cfda3b58efe6f4a2",,
10189,"9b5bdd41689aac1459631d4c2c39682e",,
10190,"07a8d09ea2a39c93141bb7513b852eb2",,
10191,"3cfcee707815776735a218e7fbfb73cd",,
10192,"4ae060ffc6d799e8c7af87292c75203e",,
10193,"dd2c1193a589c2e381a05a41d6b06718",,
10194,"de4f454bdb09aacf31e9e7267c8ed86f",,
10195,"e257835f85c750bdd958779cb498e851",,
10196,"cc8d604c4e82a72e84298644679be3e2",,
10197,"cc47d9ad36eafef876abfa37954a4948",,
10198,"c37602527d630b71e552b4e068d645fb",,
10199,"ab644eb5c5a16f03f77e020f3c2b1380",,
10200,"6d45dc12b7489acbc148edf0ae1b809d",,
10201,"e868fcbe5af1fef5a8712d2e5a083e80",,
10202,"0a9216434e5a5b6ab84b03fcfe8d84a2",,
10203,"781c0c635f69a67bdb575a0ca6647664",,
10204,"1b537e794107eb1c376ca6e691d44346",,
10205,"7d40dfc56802711e02317402095a3f96",,
10206,"ad0f6808119039b73376d9f7472212fa",,
10207,"4a338461e62508f2bde81185e77b699c",,
10208,"43041f3e1824a13ec8bba45488cb8ff4",,
10209,"5e96c3f4c414b33790ed143988a52efc",,
10210,"495316ce73cc02ce269df7db8cf5d488",,
10211,"0da9135a290da66bb9979f1315cf32e9",,
10212,"474d61c55863f52fc47acca99fc18802",,
10213,"ccd03f3f99ec91dacd2a6a9375fb60ee",,
10214,"b5dfa4631fbd99f3fe05d33a98f83674",,
10215,"df6276fa181e7ed45910f545f2d397c0",,
10216,"e53f0420025b0577f4a82b17f3fe0b53",,
10217,"06072a3a28fc5790b1bf327f4688133f",,
10218,"d7be661321ababf712ed8bc00e90e808",,
10219,"dcc407b32a6f6e27fe07f3fc5101bee3",,
10220,"b728f71684559899804c04658b663bc4",,
10221,"3ec8b8ac9465bf9fb9f855eebd702cf3",,
10222,"938cf7c1ab53bb8fec8ef866d303d654",,
10223,"a63de53410ed68aa29701ef876ef46ff",,
10224,"bdc448028fee6402b3460e5f9575ad92",,
10225,"dc44d8ae3d24ae1868754be35e268a83",,
10226,"54f556996459d84371f497073af5d5b1",,
10227,"62506d80acf579efd0aef0b38c1bd10d",,
10228,"8ea05738a3372038351762497799cd86",,
10229,"a4687da95a9899b57a6c2d93b25709a0",,
10230,"b3363f17ba07a53bfd891fe1b4072e0b",,
10231,"655cb3eb513cce825806e1da648e5250",,
10232,"6a06acdd798bf474e7953de5279cb364",,
10233,"bc13bd3acfa0d79cac49cd98892c7ddd",,
10234,"590d017c4d9f13c294e3cb18c501ee1e",,
10235,"3f5927bcaabb5df46061426ae59d0b0e",,
10236,"3fa9fbeb8cde125e86db01c87b1efb4f","nordic",
10237,"02b04b621e106bc6e21e91d8189686f7",,
10238,"ba2fd12a0def2575ae15e1668cd7f1bb",,
10239,"8720b434cd2b816b48205fc1dbd98b51",,
10240,"eb0898cfe5c2a3203946af5cc3939547",,
10241,"71d93caf3e3221c6ae21e1b126a26fc4",,
10242,"471be4927e782c3684b846a8b0a46628",,
10243,"cfaeb68c77fca8b19ad39bcfdc820234",,
10244,"63a8bd63ac6ad06d7a116983416c2875",,
10245,"d413de721362bcdf5e52c1c79c7eef46",,
10246,"64af892a615ff49e16600dc7fe2105a6",,
10247,"a7d697c2de7b856e18fbe16408f86523",,
10248,"26f9258012eabf3a460304ab16fb869b",,
10249,"0e622520634259b962410b281e0624f8",,
10250,"59abc311fce49c5a180b5a8a3917912d",,
10251,"59eebd7516d6d442462d714cf01a5568",,
10252,"93aab8a606ac71eb190e903f61f22fc6",,
10253,"f6ba7d0ab9c23c64cb5ec2e49c9da3e0",,
10254,"4077113034a7b7b4182536f3d1ce396d",,
10255,"afd11c5c993418e4adbbe3fa2e95f23f",,
10256,"1f7da5bd934d4e82ac6ed1c557d7d68d",,
10257,"6eb3b4a08e1ae094403c4ed1d00aade2",,
10258,"89992665a78acffcde2d7c8015dce116",,
10259,"e79c69ecae27b9a316c7fe3425254a24",,
10260,"e3beda08b0d66dc35fb978b5efc921b3",,
10261,"e1fd932658d45d869a075d9d1f0ce79b",,
10262,"b3080e3a34cf882ccc7736cc61c100f7",,
10263,"db4ecb60124b4d23aeb04232ad7fe0c9",,
10264,"3ed8fa0bc6d0c66b1b7e9ca2efd6a81c",,
10265,"3551855fc368340f5137c15b364957b6",,
10266,"c76151357e9e1d2fcd6660dbb45d6d6a",,
10267,"5d64fe270586b5d15e6c0e9b3011978b",,
10268,"aca58d409108fb9bf0df17a8a1181738",,
10269,"d4a25d3ccc7e0f7d601b79dc66625173",,
10270,"a534f07b97484c8f22390aa36229eacd",,
10271,"4b0119e2615324f941c6244a020ca768",,
10272,"a5b3c5df9fa1d83ef98009989d98fc38",,
10273,"4361b8948a167e4cd52879017dce3359",,
10274,"8f074c6807646c286a4a3c625bfb6775",,
10275,"a1bdca3d8d1d61f081a1d399a47f0de9",,
10276,"8be6404bbe4defd0e04b4bc6bdf7f7b1",,
10277,"ee3eb0d4ca637914e8811b4f4071aa8b",,
10278,"b03a0210485a85da6f6cbed909c1ff8e",,
10279,"6d4e464e15ff9b90b0b8c031fed02081",,
10280,"23fffd06417fd6113b312ec1ba9c32d6",,
10281,"fed548c5d8308b868a486a50039eb2a1",,
10282,"71960cf70e2df01e969d9b722dbf0cdc",,
10283,"9ddf1df2e9c21386e324f19e3f5f1d5f",,
10284,"e4c6ad0bd570f39617d1db69111bda3d",,
10285,"9f3563b32ba00b6017e83f67c24e7654",,
10286,"b6b613c112749f45ea43d5b076071683",,
10287,"33556400520eeb168e9f316962fefc41",,
10288,"ef2aba16fb5b02c88bcb758acd8787c3",,
10289,"70dabf0a74ca26df6ca6afd78a62c780",,
10290,"8840d793a59d136c2562d29e1f43d002",,
10291,"4ad58f7a923b126fa504db28a4af52bd",,
10292,"a6f078b35f3319c3e91b797d0aea9f51",,
10293,"76bb9ad47b8b3045ff1bae78914d81c5",,
10294,"e5e9bfc308d42933d24d32ec3a7d6c36",,
10295,"fd5737b7c8482fd84fd51e744b5ae4a2",,
10296,"a175825d9f3ae7fdd789f4415cde0b3e",,
10297,"b66209ad5727a8ce3d866ce8c17a9185",,
10298,"3ef6f392a01e8aa7e6689dc39dcefe6c",,
10299,"eb4f0850f69f927a6ec3b1072334ca08",,
10300,"d19880d3686f15b7981c209943fa325e",,
10301,"d23907ec1041630564778828ac6ad8b8","nordic",
10302,"6c999ed950d70eed9b8bdc59826f4d26",,
10303,"2f2a56310ef4d5929b064d0559209906",,
10304,"53bce0218f68d12fd3cdd6d9f2ec71e1",,
10305,"cf5fcc3b5cdb42501d6e60a4d42d84e3",,
10306,"32cbb42bcf0d18fa130d9b2a9efadd11",,
10307,"390e060fc678f25c455977f35360828a",,
10308,"bc47200653940f20ed9c196883c001b1",,
10309,"64102c5632db89c496c52df750e5666b",,
10310,"be6526b754fd515f08f13c156079f496",,
10311,"790d0da7c56ee7d47a2e2b9ecb140ed1",,
10312,"081297e2cee1d24197ae4a806e572a18",,
10313,"e8a253dfcb3e8ac52734ddc0b042c13e",,
10314,"45aa2f6078f1680711b6fe3158fded13",,
10315,"9dbfc35ff17810dc2a2cdbcde5dc9b24",,
10316,"8d08bfdf92db5b1df58af9b6adf61eae",,
10317,"fde6c014905497d32293d6218c9f773b",,
10318,"7c467375f821f2c0d2249d067a5b17f2",,
10319,"3ff7d109d678f57106b619020d6f49cd",,
10320,"bafaa684ee9ff2944b12413c73ad4ad1",,
10321,"872ca8414f054b191ab1b674d1c91878",,
10322,"d8348aebfa43fdd4689f9e2c6be60f83",,
10323,"21496163e824dd9e738f45dafa42b62e",,
10324,"510a2d02790ff87f7266249255aa2acd",,
10325,"568de03534f23a2d120e57e88e81d5fb",,
10326,"9dd5892d4366a47ca07f60d8aecb36ae",,
10327,"429564df47eed474a6b934eabcbe4a45",,
10328,"adef3a157ea6d054a442d848d0719779",,
10329,"2cc49830f9aa7160fa18da3e1dd547df",,
10330,"e02cac83b0d737a48fddc0c5059c420d",,
10331,"a5c850b985edffb7cae097f207f0611e",,
10332,"4d10e24ab31ef4fb3cb10871804ea6cf",,
10333,"a837b007ee4ca9ed85a477ca3ac8a06c",,
10334,"a6783fab71e766f4c795b227a8bb828f",,
10335,"74e19f35ddf2d263d71d228ec17eee14",,
10336,"6b3a8afccf051ff0e58a33ec44d71e15","nordic",
10337,"ceee01499ae7ec79075bfe7a611f5763",,
10338,"f803009ce00f3fbd7ba6449c6b436d03",,
10339,"ae9d121e42bc5343ce59d305e62e3f29",,
10340,"c737bb228b9937e455b7fc4c2dcae8fe",,
10341,"759defd485308753d1fb41126668654e",,
10342,"340e8c2dcaa1f15949af60f1cf5a06ad",,
10343,"68eec61804c9b20229a8768f6e6edeaf",,
10344,"33f5db54cb190336126d4204e4e92758",,
10345,"27887a66e1e762712d44cad8ff74c4e5",,
10346,"4e0418be55f3b79ce0f55773a3500d27",,
10347,"5312571370419456d727ae85c462e9f4",,
10348,"baaa50dc07ddb92b16597bf709526c22",,
10349,"43fdffde418bb1f6a43137d5be8c5cc9",,
10350,"45acef691965d090017afd5f17f9e5c5",,
10351,"57e29e0455fa2884452b7f4edce5a2d8",,
10352,"af83b479eb42ab9e5d01a21c6d005f7e",,
10353,"11fd617ce861ae9b47bfac257c21c0c5",,
10354,"616a046ddcdcbf33c0664576e5a4cf00",,
10355,"a065cd0e5affb2cffc2c0c16bac59e56",,
10356,"40c94c43e8e7791de1dd4aedc76dce74",,
10357,"df6b8b5e38cbd4706a10295bb42a5c49",,
10358,"685eccf03a4a2c350185e8c920066747",,
10359,"edcef969827d3b673cc5fd225c8aa76f",,
10360,"56219c220bb4c3661453a98951b156dd",,
10361,"f7cde3b8bf1a1d0989a0d600d6d24f24",,
10362,"0f27cd74c7f02d92ad8985d65f56dfe4",,
10363,"ba9051015cf2baad2ec19a8a6ea285c7",,
10364,"956afce1addb5cb15ca03d69cd3af97f",,
10365,"a3e162705012e104727b2487bd690837",,
10366,"aca6cc7fc4febb67c0925a8a4ce00104",,
10367,"0078168f8e83ede9b283188a61195293",,
10368,"73ba13d5fc6f750c9972e44671f93afc",,
10369,"e04c3422378d09cb7a5189b1b5a62ff7",,
10370,"e7ac8e09495b780d50a2d920edf566fe",,
10371,"e51879094cd7e41b7a84b11bc2dc07aa",,
10372,"f70b36f6b33f6a9fee220d95957d9be0",,
10373,"8957e1e33d9834d0a1b98f0377cf769c",,
10374,"4180dc35aa66f62ab8a3e202b4712560",,
10375,"223f77a1f82918cf17c83a8e0c43b6cb",,
10376,"78e93e22f3d521388d91a56cc5a26f40",,
10377,"5bdad6fc5a2bb47352013c6674af4e80",,
10378,"0cdce6d45efe0f1af72d3fc21b93242b",,
10379,"b2cc93441df6d1f2612d078880810c26",,
10380,"d91352f436da489e63e13749fb099183",,
10381,"cabda8b35cf7175011c93fb3a3509a84",,
10382,"564cee43d1e1edbb1751ccec7e2ca4c9",,
10383,"e670ba03f0dd23e6e8aba87668965c13",,
10384,"9069bab204dbb527e6f8c29894a279ba",,
10385,"2dad4f50fdac8b62ebc9e682983faad9",,
10386,"bcfa46a568dc675169ef98a3fa3d0905",,
10387,"f4d8e6822570394192555816b80615b6",,
10388,"e5feb660faed89b0608754ac41913fd2",,
10389,"340ff46002092a92e6aa7938607311e6",,
10390,"f2432caf487c4b586a2c391435f3749c",,
10391,"373af6418543c6fe786f3f972bc01350",,
10392,"f6557145af2103d442ee75d3b359bb3c",,
10393,"109da133f95ce76d21fd60529387bc7f",,
10394,"2a71aae89bbdf84a5def7958721c0ea4",,
10395,"56f050d874e3da0f627dfdd49a3b354e",,
10396,"b9d773751be0c4a9154452de274fc432",,
10397,"1c723298d2e5533657a4fbc50f585f87",,
10398,"2c67adb5125287b3e2a87c91a176fdc2",,
10399,"b45bf92ce67ea5407c8298eaf3128c28",,
10400,"096fe116273565091d582c735e2f008e",,
10401,"14046f38c88a806d6b2ab3b2fc617f5f",,
10402,"da6e17a54a06c2ccdeafc769c27fde60",,
10403,"f667b8e1d1962ddc64ce2785f3f16196",,
10404,"dea0a8b61d66845176f8b7dc0ec47ab1",,
10405,"1c72ed47861b908b925770e82b193c12",,
10406,"a2ceace817af72f93397fe4b37670a6c","silabs",
10407,"cb8c64ad08c0d89655d84fe899ac9a2c",,
10408,"2837a3745ec1cce612d8ba12c659f030",,
10409,"75eda1ca9a7062e634b3d78527c68e2d",,
10410,"f8dae26f9eea614f32190fca8de09cec",,
10411,"a89cf11dc26df2ec8cd192e54855df52",,
10412,"f20e0577c901ee18f1d75877153c6842",,
10413,"93c02308d16806398815e3d2dfc982de",,
10414,"aa86b5d53c79060339b435cc4921491e",,
10415,"5972ae9490dbb386e34a86aa92156b77","nordic",
10416,"6cff63aa04e7603ef01eba73016c44c3",,
10417,"f52c674974d16ca451e7894cd9be759f",,
10418,"94a3b1f965545ade238d0b0d6b4a1688",,
10419,"3a7c66b00c169b5ae7cdc58795b69165",,
10420,"34a5c76f4909c4dbc1c54cf02ccff327",,
10421,"952974fdfe59a0891e0a9be3abbe5558",,
10422,"0a562d3f8993d391bfe443407eeb355d",,
10423,"f92bc81223890fe958fa47db68bd5e41",,
10424,"3eabc38c880585af76e06a79f5e05e46",,
10425,"f8e1be9207d7a73ab337109a9940708e",,
10426,"a1ca6a8a8b93afd543492cafc032caa9",,
10427,"7062ade4381f27f486991acf6c8889a9",,
10428,"afa09a3db15dc4a401f2eb5c33b5069e",,
10429,"1a0222d1d3c2f3c0baef0eabfdd56378",,
10430,"a96fddf702d9125fa36de12104580b5b",,
10431,"e1f537d020c61fab34f8249136ec309e",,
10432,"3a73d22c7bce1142c250e7ca9b3b53d6",,
10433,"3df0a0a45644cb485e8e239f941728a2",,
10434,"096eb59120da50b09570e96e71f45992",,
10435,"9e44a3a56c085ec70526698680c0fca0",,
10436,"e8742dcd62d5375b5a511cfb818e3b75",,
10437,"e10c1e1c092b921efed3b4c08101dbd3",,
10438,"67e5f64d30deb8f5e5f8427e6051c412",,
10439,"bd05f9b7a7d462d8515b1bcff5e4a8e4",,
10440,"25f26ba407a9bb13528b903c617209c8",,
10441,"2801fc8cdafd14c4eba7a31b5f05da8a",,
10442,"d472b9fe247329eb4733cf6e63f91c47",,
10443,"8fe34a7b0c138af52a8b3a21f7085e6d",,
10444,"b44ad078fd5e5d4bae88bdf016b44756",,
10445,"cd2de5b864a7dd15da562d4789ef3c71",,
10446,"9f051c54b59bc63f412d12efce117883",,
10447,"212c54e2648ec3d0226a82574cac97d5",,
10448,"9743efc09b6862a119d358696bc1aa89",,
10449,"ae59eadc08567c62fd70353d2ab784b2",,
10450,"d2f7e491124b05aac54b1181799306ac",,
10451,"f89e91efbe4e36f0794645ad5ed6c359",,
10452,"c78e3e6e060ad2e4dad7823d9833f4ee",,
10453,"bc3a8bca08acdeb2daf4d94ce2b0e240",,
10454,"24131d3dc518d50f3941d0ae0063fddd",,
10455,"cba67b53a37cc5138fa0bed58ae9673f",,
10456,"7cbdb268ad44002f1e891f2e50ad063d",,
10457,"eee79e29c3edfc782aa01b93fa316e2b",,
10458,"33480e5daef82d4039cabcc111917478",,
10459,"8723eeb49ca731dea8d24cfabea4f1c6",,
10460,"bf17fdc97022205f1bf25e0879c4f75e",,
10461,"89232a2247df21c204a8e179a90c013e",,
10462,"f90d69ae2b1c1f3c7f84ec79cde8a0be",,
10463,"5dd7ada53f93d560caf58bf2d9cab96b",,
10464,"e3b8238e5987c60d2a833849278c2d89",,
10465,"4cd457c7dac19040cca06158ef8e5714",,
10466,"43038ee9dbd55a8cc17814c92365db53",,
10467,"02c47afa6a3290304130182da69f0e1a",,
10468,"87d87e2345bdb6f4cc7bdb7c0648c7f4",,
10469,"4103a42987dbeb55d6298a17e7efbd10",,
10470,"e37606510c27cfadefc47fe0bf67d204",,
10471,"44679988ec05d8273f9c592145d39cb3",,
10472,"5ae93d7efaf016c7322908f9a5e97a06",,
10473,"0fa7e7b2c89f529f5f40f1edf545c9b7",,
10474,"0eef911a16ea26a0f94d7ab13d39945f",,
10475,"b5c007023cbd0ebd0b44408aee49a7f6",,
10476,"f390c495ecd3c3231630924b8d6db616",,
10477,"b6145b20379f9265a5c74ea8dc112393",,
10478,"071d6f9132288b72a0bff67c5fdf8ef5",,
10479,"ec2941f21f82fd27591b672f5d46d8b9",,
10480,"bc0cffe849b1d9ea74df4d0de987359e",,
10481,"64044ee914232bee27c36f206d7bb110",,
10482,"d71370182db25b5fa9358321565a8a07",,
10483,"0e1fbaabe17728b85a42eceee069f69b",,
10484,"f09d8e4c7396fbe1ddcef923ba35d619",,
10485,"8b3862790ac4fe9a359ae5d14d83fe4f",,
10486,"088fd009a8ca0c01cad7b283e7243783",,
10487,"c4d317554762acff046dfc1480fa0987",,
10488,"65e82ee07982c6ef19c7f193c88ec7c5",,
10489,"5f3d232be3c30dd331ec6947021a3c14",,
10490,"313bdd9b7b0716eb267455942d5ea18e",,
10491,"e9e59c7f2481ad71a7a69935af1c76b9",,
10492,"58fe47bbc10f735d00ae1c032089cd9a",,
10493,"a8b5e961e264e9334eaa163a1daf45a0",,
10494,"0908d79aef7945c82bb091d3e6b1ee68",,
10495,"972f6cb3af170b5d5d21bd277ea0ec73",,
10496,"12a95a8566c8ed878f3923cd0253a061",,
10497,"1ab6df97688ac4b7f149cf20c933fae4",,
10498,"8d7e51ab36a492be654790c57073f303",,
10499,"25714fb2b7aec0ea5156475c3d757e84",,
10500,"539cff093f59bc8f5061011609c7e0e2",,
10501,"fe21841ca08c2cbc081ddbf7311022ae",,
10502,"3c5d3d8eb9f50ae0ccf8357c12e02c3d",,
10503,"7753d5f68209edc67e343b3dd5148249",,
10504,"c3fa92eca239430b70d0367dd9cc2076",,
10505,"6af3bbe1b2c994edfe9ddecae319de81",,
10506,"4ce6114eba008823c71612e0f686ba07",,
10507,"14c1ea7a4090a41244a9c66cac4297b2",,
10508,"e3d6912f9c02ea8a19150b92edf99450",,
10509,"0ef29921a83e53297cc4fca2281e028a",,
10510,"1080439d956f74d40494daf8ee72072a",,
10511,"97a7d0ece2dadc6347fd28a8a10fda71",,
10512,"9c9556a0a219aec5cdaf548285aaa14f",,
10513,"df9cf01f9c23e159b6fb2a37b2ca73b0",,
10514,"21693ef6f2d686ce79ebb3716a099970",,
10515,"b4f4897e5ba7a371815533d881a1547d",,
10516,"0588317779a067aaac2d75e57a5d873b",,
10517,"fab9442e97f887bd7c155d1b05a5e359",,
10518,"5559b2485d06697ad8f6542e086a5342",,
10519,"e3ee975829aec37f7146d35e9b1e8ced",,
10520,"49af093c3b708970b951e4038771a5de",,
10521,"bc6dfe5ea6166147269d3896e0ce2217",,
10522,"14ad1c408fc7833ef7c62a2a2a3cb7f0",,
10523,"f9564aa55f4619d64b18e88c1a58d817",,
10524,"5516b0e5b5a0442778c99867242a7c67",,
10525,"41efe9ac246d4a1981717f1be15f36b3",,
10526,"cbd4b6df0a4c2dcfd33fca4db0b7ae7a",,
10527,"769a212c3f14fc4bc0567f853fcab2b6",,
10528,"d38d0ef8f3310c4649d27b52f740febb",,
10529,"3d43aefc40466dc76ab5493a01237225",,
10530,"77dfda8cd58fedb70f7e04e9ef1c44ae",,
10531,"eb3a6c606eb1359c5916e776cfa97205",,
10532,"186db3c87d57ecf7ec0020d80a6c0749",,
10533,"87df5eb44eee47f9cc5f31b8610be3d3",,
10534,"7f1826fcf8a4151d6f497056cd7ef287",,
10535,"6e85acdffd3fc686ea1bc2e642d530b3",,
10536,"7429905f729fc4a3b5a78fa0b117d7c5",,
10537,"ebd8c6b946ad6b791652f6b1fe5c0536",,
10538,"82e3a83378140d8cbc44de69e1b42df9",,
10539,"a4ef953b0358709a4550e16589d1d4d6",,
10540,"e36849873f91d32dd793fa0ae57c44f0",,
10541,"ea8822aad402a762f1cd1cfe3c6de802",,
10542,"1045de388d1de77200a75e2731014c38",,
10543,"34e41a1ba2bcc86c0ccfed8e8f7423bd",,
10544,"a31e89442d5d1fab1ada4ae28c344483",,
10545,"ff8b802361dd38177bd36a69a8e4240a",,
10546,"16042651c554de5b924320c865c087b2",,
10547,"bed59bb4627d1fcabd966b6eee31b2de",,
10548,"452336778b96f1b3b5fddb924471b0f3",,
10549,"e9758943cfad0543bb875ee485482ba2",,
10550,"b8b2f08906ce27f21cab39eb5010b800",,
10551,"564704de9ca199fa8b091372ea5c8131",,
10552,"ece81befb82eddec4d7f37849c40549c",,
10553,"44990f5bef49c863fb17d541871e7d3f",,
10554,"a175aad5a2d2b5f1e964d505cee8e6b6",,
10555,"a647cf87e95effca8a3e9e959e669669",,
10556,"667258058afebc19d892803a890c469d",,
10557,"41f990c1959fa70e668aabce96b0ef36",,
10558,"6546717d20c29d98d23c82d056441405",,
10559,"b57a2f8358cef12b36e7021e4b951e1b",,
10560,"08622eab65a87458faaf8d6686354ad9",,
10561,"a920102b4bcbe41e2e078c1a738e8ad0",,
10562,"ce51107586589023bdab150f81cf1d7c",,
10563,"99d0c614ab7ca1e4f5ab9281aaee2f11",,
10564,"ec4aad0c2a7634dfe88e6e956ded833d","nordic",
10565,"68923550aaa55bc32b91c4f4c18d06ac",,
10566,"5f8434deb73013d2b784650161c06a8e",,
10567,"8c2c98777708067c7393d75f36b4d79d",,
10568,"3bc219a7611ccd9c5470c2f37aa9273d",,
10569,"54147177afd643e558fed43e2c6969c0",,
10570,"eeb9b947a6ff47e7267641ced607c323",,
10571,"9f81a060ed274f76cd605295da77f7a6",,
10572,"219ea95d8bfb70919c77ffad5957be4f",,
10573,"759a85a141182a0183335bbb94dcb3a2",,
10574,"819dafab2a97829611b64badf1db3a6c",,
10575,"0bc20c0eeb5c7c96ed413f794445c9a3",,
10576,"291667b718bf0052e1905b0d38b91391",,
10577,"6f1c51491e5eef3aafc0bd00d1db8cd2",,
10578,"792b0dac9f4e82d6b3254e66fdc557f7",,
10579,"ba70f63a9c7a485bf56578536a1b72a5",,
10580,"5afbe501b80be6f3096babb71b1395f6",,
10581,"b2e9a3c5421110d8148bcd56c69dbd5f",,
10582,"aab8fc95f677e4d330e967f302e50856",,
10583,"fb608dec0c2fbc73e8d232725d6660f6",,
10584,"25419cbe56416f24ca105718fbf2e837",,
10585,"3b1f048e8e9cf069acbb0495c68a8de9",,
10586,"b634b77e2a78c6830e7931ebef202a1b",,
10587,"e368906e821bad4eac91be769a0734c5",,
10588,"1cee5d69bf0cd848f997497fa8e7449f",,
10589,"332d3f6a0bc8c8fb02a2dd5d7086537e",,
10590,"2b754842c674678052b7ddf72a0e8dbe",,
10591,"302ea970721c82aae32599cfd24f4a83",,
10592,"0ddba935ba4671d13665eab5f611ba78",,
10593,"b299f8612b4b74aba90f4c9a65574b26",,
10594,"61a42104f2f3e2e063f00e02dbd4e028",,
10595,"6dbe82be8020e1467646c5e3ceab403c",,
10596,"78cba54e488befa66f8a175fb6384aab",,
10597,"fca8ed434a4362b07929cb825545d98a",,
10598,"3f0d2832a578a0b8e46f0c4c80a97dcf",,
10599,"420644ac88c2e9a0b30a3978345c9422",,
10600,"625e7c9e2915fc839e5d2a51bdd6fa2f",,
10601,"f33865fce9f32bdcd7b2e75493134db2",,
10602,"9c288997be7cbdf88df55e0c7b4c7b59",,
10603,"cc82dce46da1da77add46f8b9c549169",,
10604,"4ded5f93961a1a2a29b5da9701e1571d",,
10605,"a64bbc944608bddfd8a2f59f6faa1888",,
10606,"a848ebb127d9e0f9cf0db0b40ef59ddc",,
10607,"930b0950ebabf1e93b9b92b99c69268e",,
10608,"a4a666f4127a92c59230fcad6de9afd3",,
10609,"06c7ebb361e5d307990c3800714b9261",,
10610,"5d13b593462353ecb077bdb91291a8bd",,
10611,"ce37d6a0bb92c5e1174f2990648f7baf","nordic",
10612,"22d03f8ac4b43699d8572c8d7262d61d",,
10613,"c67352a971c09ba1c97ef807751920df",,
10614,"7a190363e1e5351ff0fe3396901c05ee",,
10615,"980bc1925a106f36cb73a7c444008135",,
10616,"04467bd5db608b0bfd3846087cbfcd62",,
10617,"72d7f410699854a0c0688a17b353656a",,
10618,"bcbba2348081ec1789e89e3cbe61f446",,
10619,"8a678edc20ca5e34f02de3c43e9b7f9d",,
10620,"05529f1bde74b72738c1cb1ab530c1cb",,
10621,"01525cd18745f96f7e3af589283c5081",,
10622,"aeacf40207a56bfd564535bba7672a8e",,
10623,"716898ecaaf50172de92e962a56935d2",,
10624,"1c6fcc403a472d4e014161dd700fbf3d",,
10625,"81fd7d4c7459de54d66786b308e918f0",,
10674,"14c46f91922f0380b2f4b828551fdfb8",,
10626,"0c9ac9efc5d92fdc4dc284614fda7d15",,
10627,"7d937bb2919031a8a4ed5427b5e6a108",,
10628,"9e5749eda83e69901339b0496c799012",,
10629,"18ad6e198fa28a4d7eadbe515fd68ee1",,
10630,"99ebec58c292176d5d85598ac107c0eb",,
10631,"8205292de522db29f1a9ebd81bff0b31",,
10632,"29eaed27f6e001a70a6dbf122ca30b7e",,
10633,"f2fbd678cce6ad0cbc22f359a4c231e5",,
10634,"0b85e66bea0704c38e221c460cc032aa",,
10635,"022523a2a9af46c4b54ce8c2eff8bf5c",,
10636,"5f430ea7a879c9677e97d45bc4db5609",,
10637,"3feb17499534fc4a006a51a0cb6cfd41",,
10638,"4fe1df4eecefd95e56144f562b17a15a",,
10639,"ac8589b1f9e28e8d6120d371179edea6",,
10640,"6a486b8b27b45578cc233200f46c8731",,
10641,"3796337e396b290827ddb6ca393de6cb",,
10642,"483677f3bc5e54518a714afbd146eca3",,
10643,"910b25811fe888df760f5ac87d68c4a5",,
10644,"203d093dcb2046b34fa294c45ededda3",,
10645,"1cd7535b1a2ac50d6beed02679fb63f0",,
10646,"0a225d94763f6f991dd96f94bf6a81e4",,
10647,"33611b6a791384f15022208d0c35f9ca",,
10648,"884e3e06f18092653f037b4f780ee463",,
10649,"c00f1ec291cb022d22693870dcc5254e","telink",
10650,"466d29f573fefcb60bae26b8c867d6e5",,
10651,"8169cdd8ff4fa1cbdea693e24b7e1184",,
10652,"0a2ba0d95627ecdb617e9c74abf1f3ed",,
10653,"a55d462d4bcae3290c813b7ceea51528",,
10654,"4352eaf9032e0a9cd1cde51a5d1f8c2e",,
10655,"d4c5b9057f16ad5e1a4abcd83c6dc4e6",,
10656,"d59c4bcf24eec3bb55e5830a17d1334e",,
10657,"abd3cf03b34c5ecd4037451f7a1aad12",,
10658,"07193d45d9bac4860d58505f6811a543",,
10659,"d8336fa6d747ed7ed4105137d8aab87c",,
10660,"cb162b0510aac17356b933527e1c797f",,
10661,"95b042efbdccf1d69e6501fbdd034d97",,
10662,"1c1aba02cf8d27a563d8762b7df4759c",,
10663,"903a127441c3efce02678525c2e3e5e6",,
10664,"3fdaf61f7a4839184f082844fc24a589",,
10665,"946c28ba9816a453642807a537ea4b5c",,
10666,"0194dc79c1006399d4a7411e8e9a6c9b",,
10667,"561b5090984207177760ca0351969042",,
10668,"01a24ccd4416c0993c239f8703fa4b66",,
10669,"6b629c43c48d5316606a9363bb2cacd1",,
10670,"42e517612bd68442f5f339e98f7fc468",,
10671,"68919f8e2a77144a8d4b036990d369fa",,
10672,"bc9a6ffbebf7467a2c77fdea444a7dba",,
10673,"1e20400fc551e093899713279547002a",,
10675,"b192238680a63a8022cdec65cb02defd",,
10676,"9dc73d2aa6904ad0a311c2ade54a3dfb","nordic",
10677,"0fffb229544256ce5714f7387dab740e",,
10678,"5ab8cf66b355050f049691e6b0b61978",,
10679,"dcf9080f402488b511d906a41fb2c7a9",,
10680,"ad8957b9b5516c3a7d9c41450f578f49",,
10681,"04f6f41c09743a28a013f8996ff98072",,
10682,"388448020af7c82757f81a9126156f8c",,
10683,"1d9c6e1d4bd090cd28d1eb5c6f706848",,
10684,"3544e01b9ad02f04631fb9465d4ba203",,
10685,"dfd954648b13ea8e7ccc2689e1665c35",,
10686,"8e590977aa6f9188c62d86f3a715027c","telink",
10687,"75e58d6ff6d89c7fefae1f0baa996120",,
10688,"3610ddb9ee8451846ce39f43875045d9",,
10689,"754ee5d50a057afd8107e458e5433acd",,
10690,"083098736662f5cffc44d587e44e3d34",,
10691,"15da045812c5a937855c3166401fc7bc",,
10692,"d3aa35944b455e28242b8750d6519198",,
10693,"a9042a862d3771cfeb2c1e0e008cb20b",,
10694,"aca0a45d85bce3c014abb168efa55b7d",,
10695,"6a0a3b041d755fa5f3601f2fef3ad248",,
10696,"5172c1bf6b2339053d05e7ae2c86d502",,
10697,"edf1704112d84c06b1f9b21521426f6f",,
10698,"9cb00a9c572bb7eec2d7d110ab54d338",,
10699,"d288445f1fe8cbb14df0aebc6ce1d71f",,
10700,"fa598e26883984987bdc66384dd12790",,
10701,"d5940b051911480a7ae4e7678577277e",,
10702,"328f33030b18d35f2d905686b9ee47b9",,
10703,"a2c360c14823e0ce568e808b65fb7f1b",,
10704,"7f08d2f27c3cec590f6538987b23e3bb",,
10705,"b4639363a245e11b14be68e24fd5c826",,
10706,"44a7b3b353699ff1a513281239304f63",,
10707,"d124d94f39b9055f3fdaba522a89239a",,
10708,"24fe069e729bd67c73f2164038a1e67b",,
10709,"058b082f7c004fbd47a06b5f7fe88e1a",,
10710,"4a49a09d6d679a03d6b3c892ef1ce4b5",,
10711,"b46b23cd8f8aada9c56ca3869e34cf85",,
10712,"7ab05d638c28963f504130d503ed228f",,
10713,"b87ce555beb2ff733e962751d71bd135",,
10714,"afe4f8ca92a620632a5615bc2664575a",,
10715,"89fc14c0e06e3c07940c5cd9389b48a6",,
10716,"d71e67ef0eabbfe6adfe7fbec06e0858",,
10717,"48fd0920231f7352b2ed8e49b9e111cc",,
10718,"d7d797c91382868ac32acd19408bcfca",,
10719,"e65350fb639afa9e2938993acd8088fb",,
10720,"b5eb598ff1f30e494e90a7055d9940d8",,
10721,"acab9fe3c146108060a9c605b1b07762",,
10722,"924d401952828c04fce352291559a1e0",,
10723,"9cc37d92a72ca04ed69ee71b4baf61be",,
10724,"dcf2c3889be8942f389cd7a3907cf350",,
10725,"d8131637d1ef1931b836c2625d805778",,
10726,"e800483dc58cda59cd860c1dffec12a1",,
10727,"9ea041a824c4ed67f57667268655c3ba",,
10728,"7ae4b585b941265ef7c3d357ed778333",,
10729,"2e354ef80f2aef084ffa55bbdc4bfdb7",,
10730,"e2a1fb791002c7ce24f770d234700104",,
10731,"42fc7c57d98198e6152a9d23d22c4df5",,
10732,"601ab4389ffffcb58218eca1561f8b16",,
10733,"ad641ef319b07467430d7b8548b657f8",,
10734,"d02cefba158c136bbf6b53051635ed6d",,
10735,"3f2a89200db525a69d79c84458111a7d",,
10736,"4d8216f5f79fbecb3fd3ff9fa4f3e54f",,
10737,"315b3b9fd402e9c549c4bf9a06e2bf27",,
10738,"456f294b7faf33eb74c9039e7eee7258",,
10739,"3476bbe225e5eef56a96f0cdc80b2290",,
10740,"9dc39b43568a9208f8957ddccfc4ee0d",,
10741,"308345a19da55dd516c7efce698a4a7c","nordic",
10742,"ff6fd42bb799592d9db6c399b92e314a",,
10743,"647aebfc16de836ff90b203f357a4882",,
10744,"fdef0bb617fd6df0aa52b289d3030746",,
10745,"a949ba413cfeb3cb7d8b97070d11be9f",,
10746,"82508e293d6c0a45db823a389501915a",,
10747,"87a8984963a76528b220328658da4f7b",,
10748,"5f1a26a593f80a898a576905883e9302",,
10749,"ced7e2772862eff7cfd82b412ac969bd",,
10750,"73379a5e06a096445a75c5405d8d0ea4",,
10751,"25c7e9e6172636b10277d2297bfcc7a3",,
10752,"e737b3ff6f265210f3457ac2228175c0",,
10753,"7be52bb3c6cc5a139ebe549b992a3de8",,
10754,"fb58ba3454306b293f8b2037b50ef108",,
10755,"f0079e937d8ec224bb35905dfea342fb",,
10756,"ed22e182557ceaf75356044c0f2f7199",,
10757,"417f193fd055a6842d5a4cad2ef624e1",,
10758,"eb00fb9eb5c947b060f5903162a65c66",,
10759,"4ba61bb6cb8c31d2a3d37b3505473666",,
10760,"0629c03fc2d025110fbbd31bd7c64e5d",,
10761,"96db45eee4008f75f83c11af8baf5780",,
10762,"9486833bbe2529337ba95e7ec5c24c89","nordic",
10763,"52e1f0b3f6e3f6c525deacc4f32fc47b",,
10764,"4bca57c891a5b42bf3cc2eb450b72d51",,
10765,"dd089f07bcd2d03018c62f57d43a451b",,
10766,"c78f37ceb2e7171b81a167eb16f35c64",,
10767,"7e4a017483040f6b726f4a4bdf01d315",,
10768,"3c29c53e03bfa0f64b095d296a5212f6",,
10769,"490ac0dbec456a9142561f961de423b6",,
10770,"00eb274c599dda5e5031964cfc304711",,
10771,"c22242cd0cc5273f8de55ded8f1a9426",,
10772,"4696d6aae2940dc0b9f2e8f40133b6a8",,
10773,"1da58198e88ce5f5364b7bfea5e1162f",,
10774,"4a62dbc599f24710defc23691676f01f",,
10775,"a1f38d4f36871597530d645752e0b2cb",,
10776,"cb2468bdd163bb88e2ee8cfb13af756f",,
10777,"f4c8676fda09671bda6923a916de8a99",,
10778,"fbfff8c085cb65252a7c4bfc949a622e",,
10779,"8973cc9c00c4319942c1f52d53a48770",,
10780,"cf4ccde4a7fa4faee391bf09f36314a2",,
10781,"96f020fb8a5f73925c9dbcef263dbb54","telink",
10782,"83a2a69afd4fa770084e1eab64d5de8f",,
10783,"975c6206543391a12322b90132f89cb2",,
10784,"22d799c85737f398410f35b327ff4db5",,
10785,"f578404c6a0f2892f2d991ede8bb2fed",,
10786,"be21daceea4b329004c098f92056c26e",,
10787,"3804aabfa24cc8a45b2a579b3398b96b",,
10788,"8f7bb2f55a175e026b2a024fc39f9f5a",,
10789,"f97441b4e8c2818112d7266fdbe2f5c1",,
10790,"c6caa669c870436cecf0874e91ae1a8b",,
10791,"c01147e85fc65d6b43f78ce8b6e8aac1",,
10792,"7c776f114c0d4692d94209134426e4e0",,
10793,"06259573c517de8aed8da250d2195ea3",,
10794,"1d6ffaf0e2668165e81d20faa76e47e2",,
10795,"c61b32d8e3e6a8f6ab0a929b9deb43e1",,
10796,"edd18fde0f3f47a717b5a628507fa8d3",,
10797,"23b5dc41242edcfed9500c9ab97b5e8d",,
10798,"4cf54822b94a51d5f3d7945784db93bd",,
10799,"767fb4430f8be4d3f003d79e602ca6ee",,
10800,"8681a851dbd5d9d1063d259bf07c4859",,
10801,"e2b3dc89b630440a5fff31a31975cbc2",,
10802,"3bb901168ddbabb803d479642c14e4b9",,
10803,"6be37dc23e313b4a71fca65fab0e4031",,
10804,"fdac4f1fd4ef6c5b921a3f35b1855969",,
10805,"8a390fc209e5ff3f55dc7377f0ee37f8",,
10806,"9cb1e19cf656841852e28ac0ccd54906",,
10807,"b13773abeafa3822c32a569e61ccfb6b",,
10808,"2194139124ad57b442e0fce139c07483",,
10809,"5392b560aafe447b6f6f9a932359bbc4",,
10810,"43881e2f442009ceb8623b1bc4fc1931",,
10811,"fb7d013ab97084585fd958f62b432875",,
10812,"9e80d1c08bcb474736f15389d659137e",,
10813,"d0fe55170c5ccdf4537cf9d8edf73e73",,
10814,"3057c693854efed906f9f9307256c360",,
10815,"3cad307cc09743565492f2c3b1ccca97","nordic",
10816,"0bbeb4ea9565c14dd07216acc75212e2",,
10817,"34cfc13a9474e9d2c3ecd4c3aadd997b",,
10818,"00b577c3bf3b05122d752ada3efca0c3",,
10819,"586f4be326ab5388a4813accaaf8ad4d",,
10820,"e79ce5731a41b8bf988569687eb061ed",,
10821,"e6b794971f8be2f4b1752f30dcf7d0f8",,
10822,"cd8ae8d60be217a5a2265a5fed49fb3f",,
10823,"1a8035ad728c120d9f55cb8ba11f786d",,
10824,"bc012fa24748819b3139585c246e151b",,
10825,"373f167ae587c0fd0563dbd8fdd2a847",,
10826,"763060df0421c29de7ad38213ac3ee26",,
10827,"bbc7614d119be6be0bfc0d974ebd3e83",,
10828,"fccc4a7aca57a06fe47a0a7bd203b891",,
10829,"d8188b0ca84749c029f7012d7aea17ae",,
10830,"9d151c6933d168caa89f7cf133e38d6b",,
10831,"db65c66fa7cfbb483830610b79f1818b",,
10832,"648db7b7a646865be7751c0fac070d6c",,
10833,"8993a64029acc8676f582cf411da1885",,
10834,"91c4d5db919a31ceb94c982af8c6189d",,
10835,"7216a3ccab327b7a75b3b72e11aae59e",,
10836,"f92305a8fa3bd3297c76d9a83e12e7e6",,
10837,"bc9760f6fc3987e3371279fb035fb256",,
10838,"9c251bba137e876563eb63cd83e03dc4",,
10839,"9018ed090a534728908355c69d66945e",,
10840,"a56d898e292c5c871e202702127ed27b",,
10841,"9d8df94fc41116557d95d6dd4149666a",,
10842,"3100efa5fc7f4e6fea1bea1f7c23113a",,
10843,"ceb404a1209ea29d54c2939d14373f71",,
10844,"b5e1d5570d87a0578839c93ca809f242",,
10845,"1653615c8c998bf174fe4a06f1de420b",,
10846,"04749d13564f47d6fe3a9b97d7e3bf78",,
10847,"3ff8b4b79f976e30a2c169d9b026bd57",,
10848,"0f0bd02a1067d328685b4bb7d9c5b3a4",,
10849,"a49651879e466d2576591508f05016a5",,
10850,"fa50589f29776aa44389b8e484ae6b4d",,
10851,"b909664278544e9f571a0bcdfa5c1281",,
10852,"ea51296f9696b3d91d31a9a98c72f763",,
10853,"7b674aafa7c1ae8de85ca5f83a598e10",,
10854,"098527cea124d650d69d4cd8e0599535",,
10855,"5fc977df7c45c9f13ec3c9a6cfa61394",,
10856,"e2b940d1ae79bf7aeb78f2a8219c6c8b",,
10857,"80e83fe7df1c285899859475967efe2b",,
10858,"e14380967b9d7e75a05cc72c57545e86",,
10859,"76cbd21450b8795ed002b58f14360f95",,
10860,"633c8a5c9039eb5dc4b77cae67094d0d",,
10861,"a0959a56a368ae503d653cbe1f25388b",,
10862,"920f5cb469b3bcb710fc3ed24b3eeda2",,
10863,"f80cfb1ce6fe37a2499bb91f57de4ce2",,
10864,"57fc1a0714581e8c60c2ffe612965cab",,
10865,"41b7cc97eb26ba681576d774bd45b200",,
10866,"3c997c191c07c20d98cd70ef91f2894d",,
10867,"889819ada81dd46e2b458c31212cb1bf",,
10868,"992af075ae5381d1030418f88b927e57",,
10869,"8ed63c8735e99b73927a49663b2f5660",,
10870,"1873952261a232e6a496974fc3198ffd",,
10871,"a41affc9a08d761f2bdc35eba9ef6d81",,
10872,"ea35627b38887d49abfa94ba19ba08b0",,
10873,"96ad77955435343b62cd8aaecf3d40fa",,
10874,"47b01f20553ef8902f4c7f91d5a5dad1",,
10875,"10b235c46dd9433ae986ebf029b52ba8",,
10876,"635bacd232a95090405d6659a79f33b1",,
10877,"9817b3e1e7542bc460fdc43eeb5c4767",,
10878,"dccac4ff270383d0cc39e0917f567895",,
10879,"7b635e709b9ef32097f7e1edd4431cf6",,
10880,"f39774cc9ba8ba588cf0ad827eb0e4fe",,
10881,"632891a5ffc5f1734f83af72b5bc960e",,
10882,"0e5318e13bc49c29d6bca64f8dc83909",,
10883,"f03d3aac0b3fd122f94c927d71f1706a",,
10884,"f75ef19236023b8cfb85a6d67ea4f29c",,
10885,"61a667188cd2e3c8d8a72345ab89347c",,
10886,"7e513d54955e112245586f37ebb9ed00",,
10887,"8ccf71840ce6547f53482f9faa4d1d4a",,
10888,"f563766b38006b8028d804f16ae253ef",,
10889,"a40a74a527066c8f1cd13bd97153693c",,
10890,"5c815dab59a945abcec893d0f5d2e4d5",,
10891,"a2676c0698c55d6bdde87f537f5cc81c",,
10892,"a482db14b4fd85cfa525c4359cbe9947",,
10893,"e2bea9fecfcfb5591b46a926ea6f5dce",,
10894,"2dc16ef989c4d64e64c37d6b14f761f7",,
10895,"c6908817b83724800bb76b0114eec7a5",,
10896,"137edcaba76e44458a7bd9cd3f746468",,
10897,"3193451a6bcddea5668744ea31f56246",,
10898,"eaa2ad3cfebb0a4295fe84b80a2422b8",,
10899,"103a6a9f35968d0f937edebfb1555004",,
10900,"58c828dbfef1946faddb7e3c9738f880",,
10901,"6636ae66c8b2d160e7044f3c984cd38d",,
10902,"2ad065467173995658214f6371cae3a3",,
10903,"694b43205ce59e806bfc9434d44a95b3",,
10904,"0336188227eae1e333ed1145c3af02d5",,
10905,"bc35a9965c4f8af4835f237b57f4496a",,
10906,"db0c4c906e8a3e12bf574ebd9053d3b1",,
10907,"72125810acadd063d28e2713eb701014","realtek",
10908,"24e5f6f1e15c7c92eafb52b58c218dcd",,
10909,"994986b6fb7d41235cad5d3a1768dcd4",,
10910,"dfd4405f644923b9f7f8e21529669a01",,
10911,"2484344200ef83fa95bf1f64304b167c",,
10912,"4ab1ec62c4abd93c6c57fb8afcc36cde",,
10913,"db48fb42d751159bd14bdec7df3ad844",,
10914,"8ab16a9c084c72018a7a1f719a765525",,
10915,"a18a5a8951e8499e3b14ba9627a9bb2c",,
10916,"4a53d2c052fc4bfda19d0dd8d8875799",,
10917,"55eadfdd757364930c6e61bda7702aef",,
10918,"a97e3ac6b10b67396a1dfe4dc5654d83",,
10919,"82f5076a7ecd710d5c5ce89784a8277a",,
10920,"eead3e26ced8913f1ba060677476c35d",,
10921,"607a252285e600bad2574e438fefd8ab",,
10922,"2bead97009137d9ee7c3a3676fc9498f",,
10923,"5b775ddbf51d458e44c34e7164adb18e",,
10924,"f836869505f14b83d188490b63af76fc",,
10925,"5e2a8c85367337d950379b25d63ddea6",,
10926,"28f37bd240f2e57d083c6ee196e4ce83",,
10927,"a6462b2b3661e2029bbd3a3d599d3f6a",,
10928,"66c8c2453d8400474b61b08de769bd25",,
10929,"d0e6c63ca68b89f8c874bbff3ebde09a",,
10930,"9fa331e8dc556651f1adef2bee5ddff3",,
10931,"1f6fb8ea520eda6373b0db04cba7118a",,
10932,"5539ba455af698b5c9415d1dfb7419e2",,
10933,"fb23b281dcc94a035d374e709c9842bd",,
10934,"c61446bc337473742e9a36643a08ce9d",,
10935,"bd739a9611d851bea33837e3beae5ec1",,
10936,"be6b965421cd6faa61862b8f7c6383f7",,
10937,"683ce0c6ae0581c8c8a2abba3f9b31ed",,
10938,"7b5bc4a05cf432ab5db7a2c66e818a4a",,
10939,"4c5aca338e2b44200eba4c31ddfd0c59",,
10940,"2e3ef4161789c705ca96163df6f4e074",,
10941,"36ac8fcc0f3b1b6183ebca9aaf6a6db2",,
10942,"8b8a0900d9393834044a879d61303423",,
10943,"eb74bd90343e91b5c191b3f7e1c55716",,
10944,"754eda3356d8e6061c419e0623eb67b3",,
10945,"e0b3f188739953375ee7c2e1ec7e3656",,
10946,"599e19aac99810c26c597e313cf34ca9",,
10947,"32ffab4a14d3b66724cb6094cfeb7ecb",,
10948,"01361b2c1bee7363f66f7eb2058e0131",,
10949,"51e6bda37bd27ddfb95f5ebd9fbc0bfb",,
10950,"c5c770922ac7f3ba0bd487fe65c63e95",,
10951,"77b4c2d7ae3b2cf9d095b30ae09f5f88",,
10952,"8682c90222bd183c5a79ccbf54b810c2",,
10953,"de002feeca5fab858f47001281bc767d",,
10954,"def555c5fbab6d81d3c41940a88f4598",,
10955,"067cf5f35247c5f5116b08d26db05ffb",,
10956,"2725bd4118791b94c3714621155b2bc4",,
10957,"83ceff40f62e19d9b4c076d765b5a93b",,
10958,"6757c0e7c394902aa0b3f830baac6e24",,
10959,"9019410807a30bfe8a830f58fcb66fb6",,
10960,"f7c2ce7f1d61fe9f52821b26efda7298",,
10961,"ef3cf5589e03f7225a0aaeb168bb1f97",,
10962,"b92281a321de1727427f28c8350b7f4d",,
10963,"5e38f55719df3d0c58dd3bd02575a09c",,
10964,"0072415b7ea0811bd9fb2f99703dd4b7",,
10965,"e59925dedf7ed95679e629dfeeaf5803",,
10966,"d1baf1637eff30f3fb2ede49d8fa2099",,
10967,"724e9518fbc3587c6d3127ba66cb0e05",,
10968,"be85ecbb52ec6c010f2cc07170a56b21",,
10969,"42701b59eda8b09b7dbdc4b53d8c5f4e",,
10970,"af3bc5858d7f3ec1710440b19ea03acb",,
10971,"241279adfef30a5312e5760d731059f1",,
10972,"8dd48e1c5780289b28357749ad80d31f",,
10973,"822d3fa84c7efd1a58f78a4952cbf5c0",,
10974,"bccbdf86b4d74f36219ff088cf87f607",,
10975,"55a0df424f0f53f87c8d1ad271a297e5",,
10976,"1af9e449f9e384e56ea3cf982392ad56",,
10977,"bf3cf6e31909edadf148c4e212a68218",,
10978,"4baf9343202c96f0e84f6559235b6b26",,
10979,"a256e63e22f5c4c6bf69c9e3648dc85f",,
10980,"16077492405d178c5198b86b3cec7eef",,
10981,"e3cb311e1c52f83f792279f7256a03dc",,
10982,"c1719d4fadc0fe6e8a4b113210715372",,
10983,"b708f8b7f7c8391bea994f795d3f7b41",,
10984,"00c39a822f57582710d0729dcc353115",,
10985,"cfcda8aa166b0251ef581a53bb4507e3",,
10986,"9ea6e54436617d72b62693814c36fa4b",,
10987,"22b1fdde5a54fe1e12500385a7bc6f09",,
10988,"904b5de3964dd56026305b0338d137f5",,
10989,"e0be7460f62e702a83f0d745ad5f82f0",,
10990,"f92b09b8ba5f2e61d15dc143369a0aa4",,
10991,"3283fa0b8d5b5096e16e806321427b3a",,
10992,"f848c3e25f58d5930ca487f2ac84c79a",,
10993,"f33b91fccd1bdc483a02ff89751a0547",,
10994,"ebd2caf3963516b833bc2eaa86b286c9",,
10995,"6738301918307714cca5562cc8bd9389",,
10996,"6f69d32dccef9edc39f20015d4cd4a50",,
10997,"9ccb211049646c8c951bdf03ca3d0891",,
10998,"1dc3f97ad0893af430e7c02201e93ab0",,
10999,"026b55cc30c91495e22f7058dd6e84fb",,
11000,"b745901daf3070186a968400ba9c131d",,
11001,"69f9b47786723c00402b52b2eb9ae180",,
11002,"de09fb592070b462a79acf8888d22e1a",,
11003,"bc6af127c7d22c57e60e146f6b6ee43e",,
11004,"a8319c836217488c0fe9b7e3df771181",,
11005,"765af86eecc8616adba5096589548419",,
11006,"970d69cae7d3b70a54e294f94b7e6485",,
11007,"521efde07d20fa74704903e02486799e",,
11008,"625e1212cdf318ba45d8c712e8a31f82",,
11009,"dc15e93e47024cc3ebf8b5960f8cb195",,
11010,"289d483a999ebbebdd2efb962d1722a3",,
11011,"7a7ad8f69536809d634e75a335e7af2a",,
11012,"45e94aa76038fa28c9529b4c0a89d4ad",,
11013,"35edc4c809cf263ca53069072b3bf8b6",,
11014,"06be98f48f8b35f813495ab2c196b4ce",,
11015,"9eebe158f312ceb03a7168ede5d8943d",,
11016,"a2c99e1bf1c583ee68c9b76cc9181786",,
11017,"f638305a0ab9e8c7021ae4dcf0c96161",,
11018,"8bd792cdade4b412d63105dd5742b67d",,
11019,"af9e95d2bdbcb979534c5c8409e8795d",,
11020,"ff2d36fb5ebc94fc437dfb9cbf80398f",,
11021,"b7cf21934545bcb5ede7ed8e9efcb33c",,
11022,"b6cc3da77ffded391f6024ee0598f199",,
11023,"57ad70f31ce31d3f6ec46d1e16802d55",,
11024,"3257dffcfebd88a9e4ff5f5049101fd1",,
11025,"90f4bdc51e7c54c03c945fc421c05d1f",,
11026,"bccab07fd5dc76085f72f3893b8731c2",,
11027,"4ec9fcc09a2fa6eb6e3d4bf136fc8680",,
11028,"ad2c70cdf7e5774edfed76d78f1b00a5",,
11029,"27e7d902db230f30921d4b9f01a80779",,
11030,"e56fc8937a9e90d43e10bf3134f9564b",,
11031,"3742d807b2a92b06a2c674ad2289b341",,
11032,"fd08321346aeb4edc900c809575663f6",,
11033,"dcae9befecb0b204a637762ad5ec348e",,
11034,"89782ea34b98106bef7d3c77a19afe5b",,
11035,"45db4808ec99fb4792ffb3446c88cd2d",,
11036,"b8b448e99c5e5fe7fa0e6c7db23f6122",,
11037,"6ae80d2b9374e5e33375513ef690c33f",,
11038,"65cd1b244ef16b3e0ea67190111ed891",,
11039,"f2fced30785bc364da2e8529b870ba3f",,
11040,"d33574650ead0c9dd4f12976f90865ee",,
11041,"2bb5cc8753ca39a964998d1d5cb78484",,
11042,"2516dffcbb4c88937f5bd491d8d0382b",,
11043,"acc638c336a3beba3501bc95093221db",,
11044,"b0f0d7f21a877533723222f47a5a6267",,
11045,"7ec363031832fc17c55ce50264a548cc",,
11046,"31e4f146ea0cce83a0c5442545620b52",,
11047,"fa748d345ac7b92844425d4d64eb3b10",,
11048,"eb40c107c6b3bed91fd54fe2528091b6",,
11049,"fdebd2712d874f1ecfda11e4c483374e",,
11050,"8c447d830b13256fdd790cf266eeef64",,
11051,"2c764179be07955684fbb602d35f2d5a",,
11052,"7286f8c09a9b8093a36407691cd678f6",,
11053,"da2044fa63e1ef7b0dbcc89560f97477",,
11054,"859753b7c26d06eb29989d4eef1ade07",,
11055,"e635f1c640691bde75e143822c05de68",,
11056,"179458fd6089571e56a6ae57aa7ecd4b",,
11057,"b9a6f2c1073ad4dff8c39ebca04cc038",,
11058,"d424401fc1872534aca73eba5acaa1d0",,
11059,"2f7de20135582cef412c91df579c2597",,
11060,"f5c3805da278fdef71fa142ff3e1c7cc",,
11061,"ca4e41480d95c519d319488d3faed622",,
11062,"fd2d7ead54a715235a83355dac974005",,
11063,"d9a3cdc955e1cf05274698c1f8b96f46",,
11064,"6444c5e70a580cb40c005813f00e2dc3",,
11065,"0cd756827e295cc980cc603751ac5fb9",,
11066,"bebf8de7bf0aa8ae3eb395cc6be2e762",,
11067,"5ba2d32f0ba00a5f2a53c8ad9ba1f091",,
11068,"d1e2114f102d84894739b5b391739d2b",,
11069,"fe0432b9b6ba5dc811e8e35607e66b49",,
11070,"5a9141f18fc6252f534b05ff3668d528",,
11071,"8ef9d5b0cf11d964fcc95d9fa471c9b5",,
11072,"240d20133bca81bc388070f6946be25b",,
11073,"263cd80992c2229693126b304dad33ca",,
11074,"c32c12af78c616d0c7c7b0ba976e998d",,
11075,"614b0f672c01ed9e0fa08b6fbe6cb50c",,
11076,"54af35149a8aabeb05a92f713f9dfdc4",,
11077,"7dee84c22b3bcd57a0495e472ca07aef",,
11078,"f5bc7c53de276cbb302de5e91e64ab52",,
11079,"c768fc2efc7b8d03cbf465e117507abc",,
11080,"ed66f5225b0233950bdb52c81fb2a123",,
11081,"a292a5af404a5b629471235b274d7fa6","nordic",
11082,"7f4365ac27afd93c35c68979519eb490",,
11083,"4f137f3e383d3ce3e64d35f39b766d5f",,
11084,"92fe106ae337b9ce3aac060ffbf22b0e",,
11085,"d4ffe959c943af3d1cd2bd674841c0f4",,
11086,"39c0976ff77dc07d0ba361866aadec87",,
11087,"76612830f558d8001175094043f4f5cd",,
11088,"1ec4b3c36c94554bb79f38a7fca8ca71",,
11089,"e83dc9ed35ab22e9a29e9116e093cde3",,
11090,"8c0c0f3fbfa4803d24bab667c06b230a",,
11091,"ee5a12a95dacc243b4e82c6da9a1dc64",,
11092,"84b8e27a11d4c9a8a3f2508437627316",,
11093,"c10e52adf817c090f6a601e70ba3e9dc",,
11094,"0594e56f22e0d389d78d0be22435a5e0",,
11095,"709efba1d8e8d49da5e6f790ba96d9de",,
11096,"28f7063fe3a253ee72f9b14c7dda1c08",,
11097,"e9d9b70b6c64bb0923bbbe3cb3223b2d",,
11098,"0004d1749d65c9f70b90d94da070da1a",,
11099,"393a076284178bc88ef51e6d97396fc0",,
11100,"fcc1fbd8d1cfa97b80d6b7e8b478c6a2",,
11101,"f6536ba45c2f9f64ec31438217b6a027",,
11102,"633b3f4553ead823b781c2a694d42bc1",,
11103,"6a7886e7cd48e751109c6369260d5d00",,
11104,"f44e210c3bded486b8916930cb9b369a",,
11105,"35db5a27cd180dbea7192a5b0638e621",,
11106,"bf568a6d4e11368f6db322f0a3b34fab",,
11107,"eac58d1d88604c0d032af9b3e0de7acb",,
11108,"f5d7ca69823db705df6a2a81251ec46f",,
11109,"d25df210d4a5f58f960176b685a8e0f8",,
11110,"07ccd0dac38537012b6cb5257b539bb3",,
11111,"3264ba0791adc4a59b039cc1b0941f71",,
11112,"ae0b05385845173bca153858c562da3a",,
11113,"e996419b55aca839b75d95709cf1e741",,
11114,"8efd034718a4c10665545d51a28c9480",,
11115,"b755f7690b95f57eb55159b94e8e2c84",,
11116,"238586509daf93b9a19eb2658945f8c0",,
11117,"7b0f4ac3ed0a62d944233b5c08c15a66",,
11118,"10958e8554a21fb98aa35ee74239f40d",,
11119,"a1e5bc571c48b4cbe1311caf1b05bb3d",,
11120,"c9f15b5c6e79084747bf76eb2b68c7d1",,
11121,"28949e58ada4a7a52daa4578b1ad899a",,
11122,"4603de3c73977ea3eb295d9b396610c5",,
11123,"90c3ac79d5ce944b6a0851c5024619d1",,
11124,"ee0f76294b783efb65ba1a8f4817bbef",,
11125,"510d8c9e7622a4b0c8ba564607477552","nordic",
11126,"f2bb38bad997d180d568af460c5b5527",,
11127,"926137e02db7aea54e394d83abaae18a",,
11128,"1937ecdeda451c17869e48da8d227447",,
11129,"9455bd4daad96e029cf1e049abb82203",,
11130,"b6059d33943ccac26302fa1a7930ea15",,
11131,"321e1ef603af443f47e609bbed90ade3",,
11132,"1a7a7cdaad9eeb048e265606bf225786",,
11133,"e64559c102671841380d6ac9b60d0b09",,
11134,"aef94a72c4d6d7a9922fc277cdf6b142",,
11135,"a6aa0f22216bab3eb3ecd9873ca17c42",,
11136,"a303e7d79358af1d00e20070719e1aef",,
11137,"5e2e189a5c67c6709891878a3ea2abb7",,
11138,"67ea83a103533f936dd7fa15c3d03ed9",,
11139,"68a49734df2109991c78b05102d0cc03",,
11140,"7c9a7f920d972fe2e8059f2f73509260",,
11141,"2c53f8433f87e823c854d7a05fdf72c2",,
11142,"497909406eaffd44fced293ff2c3b85e",,
11143,"ff4399ae061e697d9126c9754d92776a",,
11144,"79e0a550213fc1fcbea1b118b6c3f476",,
11145,"435b0658eb39dd07c6d51a81cc2f065e",,
11146,"2e51b40816ee49e3cc99cd0b10b35e91",,
11147,"c31ab2d91bc65183fc3263d46c3a4df0",,
11148,"a52269dd80e436eefe2630f2d59e06c2",,
11149,"7c923ebf59a61bfaa9137e4fc2c86db7",,
11150,"5981dbd2121244000fb91827d2374c2a",,
11151,"be755f9a0e51f4a5deb194092fa04566",,
11152,"31647f8a1ad6f91d5f2fd8d74a0b1433",,
11153,"4074e1076a9d4bd9ca859d713936d305",,
11154,"46d493c804e3ee8830bf1da18334ebfd",,
11155,"e55870bf863a4e0c3b9e26f2824cd002",,
11156,"ed6a2eb5cb5e3849d6b08913b94792e0",,
11157,"5e338a26e1d4063cf92617da3b89f65d",,
11158,"3213772bc59d9a64ad1e97856a3310c8",,
11159,"22c4bc633276afaa510c5e1b15c23e42",,
11160,"c162cd3cab7278085432300546ff5bc4",,
11161,"05e95d19d10b743d5f2a387f16fc67cf",,
11162,"4f9a0f4c52267cbde810102379e0e85d",,
11163,"600c84b15399c48c41b8e7732645a302",,
11164,"833e0a33fd0bd0cfbffe1cc0905a3fc3",,
11165,"f7827fd53cd29164148f45b97b8d9fd1",,
11166,"cf887cf14c25e2dfe52e293f3b91240e",,
11167,"4eb61b0a7e2511ad0860d95bc21b299e",,
11168,"dc559d54b9ad66ee9fb09f390a0cb206",,
11169,"d725f435ce195881c2bf7f6efea2ed45",,
11170,"420a157b513bf80dccc366ec25ecc44b",,
11171,"20c48e8f61ff9cfabbb5d3fcf284b1f5",,
11172,"104eab2c6045acd45c381cd3c32b9957",,
11173,"9c6ce77109bac190d0c211d263db81a8",,
11174,"9d3f2eb6498b54a73be4db622b8c16b5",,
11175,"b410ae085ca5b9e539fa82b785becdff",,
11176,"e49f01a4b1b8aae1a57cf4e31d355359",,
11177,"f475a0d8cae2816d9143e5c8fe1bbbeb",,
11178,"3b616c11c13dde9a270317fc7b217658",,
11179,"29929d3afcfab903fd8fd6bb952b7efa",,
11180,"042ce2aac697292612697a489d0d9e40",,
11181,"f92b55053e16d7d49081b5da50643ebe",,
11182,"63a40d7c98fa735cae5ab69110a28194",,
11183,"c1f39f0ca54672a25c8db4fb1fee35e8",,
11184,"02f99bd5c50060903e73fbdc088ef60d",,
11185,"bf222f12a6d1ba4b741209e3fe3371c7",,
11186,"4df505117c313ed1a796142be135cb02",,
11187,"9cb1a9e6ed2603525f0e0831bb945b62",,
11188,"cedf2d9fc48cd77ffd06cd8535700e2e",,
11189,"7700f2ad1a7524f2218007c3b219e11f",,
11190,"8de55081dcc11c2d6af1677c33e3c975",,
11191,"f2a052e51c8013b756d21a4376309f40","nordic",
11192,"ae8c665a8fc179cc8cc642511a63c7e2","nordic",
11193,"0d258b1fb2740aada44b8b6b70f8fa81",,
11194,"eb2d74ab77a99af312b333a1af479c16",,
11195,"00180aa036b1c9e828b84eb7698769a7",,
11196,"373b0a4b229b02c4e7c070e2400a728b",,
11197,"ca0b925fbc288e053afa30a354f8bcdb",,
11198,"f3cc84610d4a55aa8ab6f6c953772f22",,
11199,"ff0b80b5798a94a428768c2e4e4fa691",,
11200,"be780e4197ff58f8f71dcef6d5dc5207",,
11201,"45614e32a8b338dc7337624a5356e734",,
11202,"83cbd4dd9408c8713946d4bdab985358",,
11203,"729e7072639e87b5402e5dbac0983166",,
11204,"bb4444f442f621c123c85c44f8054ffa",,
11205,"791fc4f01b2464c014a8de3b48a6b76b",,
11206,"64b3878fff875e8e13dc16aa067b8d49",,
11207,"6c5afab0b64cfb86148a0f2c0885be99",,
11208,"3edc61d7a9720fee01992acafb16577c",,
11209,"314101d3bdcbf3353a36d617b82787c5",,
11210,"18b9c81dae7e09774f99d598091dc122",,
11211,"7912a8314c3b7b3fd355ac7204789635",,
11212,"5fabe64e7e9c509be415e4b6ae1b061f",,
11213,"353fb53c092fd19c6075c56d410c4041",,
11214,"5f7a61c9f0e31c3cc2d9e75b63442cb0",,
11215,"c33e9ec8b178a37e834e83a0af049168",,
11216,"2509be7fd3691733fb03c2ca41c6bb26",,
11217,"e4af9bd00c64f4884e1047e0526c9781",,
11218,"a728c10ed21f02c888efd4849cc44e3d",,
11219,"0d2803973e444edcf304486c6d050eed",,
11220,"57eb45a8bd60dc27a47bbb0817edc5e2",,
11221,"14dca8514c7959bfdc4e779ed15167bc",,
11222,"5dc89a523cd367e12e5629894711f817",,
11223,"a089b10b773a086c130b722f16794d3b",,
11224,"059703fde96864f7ac913656351402de",,
11225,"9c145742331c373215a5922abc48b862",,
11226,"1315b62b4970be64afe5eb9ca19b93af",,
11227,"470c44f8e1dc6c535efd1919b85514ca",,
11228,"180d639e67efdf152aba410217355c64",,
11229,"a5ff55065455d99e9e0e3eec01b9f258",,
11230,"d54a4de791ec202427fe2147bdc404b5",,
11231,"709531c4f22a7df6c4ef320afb312797",,
11232,"37c78e000b0d8b6bf41fed4aaa7021c3",,
11233,"bfe9c9a3f446d2c670a71075d2337741",,
11234,"fc3a239f7cbdd0d70828b33c270fb59a",,
11235,"b604562ed3397ff04dda5e92662d89a2",,
11236,"ce67e678009c7182c8bb163ec5048a82",,
11237,"f4be4cc15f1e077bf7647f9728304f74","nordic",
11238,"4e41dabdc74366ce6285f6c95acfe988",,
11239,"b62daf9388db31a14ef3294316fb985c",,
11240,"d8f62fab7ef5b241717027f2b27443ce",,
11241,"3131095ecbb6bb3146530b3812b6094f",,
11242,"8f35d2ec6c836ab5f284f36991740e57",,
11243,"03d4c15eeda157c96819088253acb46a",,
11244,"747278cc0f951a15e6ebb9a84bd6243b",,
11245,"bf3189255c5ff4066f13a80dcd5181c8",,
11246,"b5199d69b08b6983b219e971527cf6b7",,
11247,"ec12a37c0c0124f02922605af96965dc",,
11248,"6d4073b32852e6ab8a05a1403415ca23",,
11249,"e2f89fe1907fa862c493a5062df51357",,
11250,"1c4a5d4e20f741aed2adbc4fd8e0a228",,
11251,"5193eef8beab4c2699b0b69e065f6b70",,
11252,"60e1d5c424f11576ac757c2248b2ac06",,
11253,"f34479f198971fc0b935d9014f2c63f2",,
11254,"dee2380f6462f50ba752bd939a2c1fad",,
11255,"c5b2dc29f7ec2f053169ada3b2ef70ae",,
11256,"cedf7b046ce78595ce64e371667a5f9d",,
11257,"77a64affdb84e30cde97b447c1f11dcd",,
11258,"46f708349ac547d1f99ddd358a0b2f40",,
11259,"646038d797a062322d273ba4fcf1753f",,
11260,"c2fa468f9ac8d873dfe8fbb02685c21e",,
11261,"5e3cf1f2443befaa1d335b30780fbc16",,
11262,"31ca36a39c94f6ef01b0ff2f34f0c8e5",,
11263,"c32aff8df8633853e79005bd1b59a2c4",,
11264,"cce3d5f4413eac1131c524a8516010ba",,
11265,"ee49a0d960546ab681f1630a2191ffa4",,
11266,"3cbba2d564dca2e21a254b1db6d6be98",,
11267,"1ea523f83a139f7682606c7a85d96392",,
11268,"60d980a4a4b1921a61e2ce7f7b83ce90",,
11269,"d4197c286ede862d5df9df324ae1b576",,
11270,"9ca049d42f3e03fde6e37d5812afca1e",,
11271,"0d48c5c253ee4c82a4e6b08929ca6711","nordic",
11272,"16379abb38a22e3c54a1369a6782855a",,
11273,"53d8e81eb6855f642873c7af683f64f8",,
11274,"feca1e9e6569585bc9f343bbe7845231",,
11275,"f51f7e86e39b929a3bcc6e44d4cc0ca6",,
11276,"f5359801e8381f369a4fb9952716b189",,
11277,"3bf41346c1a16360a9478758ef504700",,
11278,"a1a3d3b482c634e07aacfe620f7c6aa2",,
11279,"3b79f6adf7b2c11c2c7613b788302291",,
11280,"218a22a4e436cf93258900c0d3c1487c",,
11281,"4d48a4bb41c035e3d83e3a03689c3420",,
11282,"6257fb5bef1735a74b979f61ccfd7651",,
11283,"f747fd426d4da8e8566486115f8eca82",,
11284,"8acc1d6fa5ab3aebf4876e32023871cc",,
11285,"cd67be1f4e86c8552fc2ede21aee8334",,
11286,"d7494c4a1eb5c09dfc0aab7e2fbf6fec",,
11287,"2446d3addaf6edaba29894d16dfd7f49",,
11288,"bb99804e145586befa810155ccb671ac",,
11289,"a252e442a94170e7f201d56398cb1af7",,
11290,"03062d856e19bffde996aa117d87f868",,
11291,"e98075e9aa2ea406c75946433393b840",,
11292,"c4a1572b6f68f62f88ccce20f119b359",,
11293,"2ab7c92c9646110de32c82da79340f02",,
11294,"9a87c581c699057f3ce2129f7eab6a0b",,
11295,"dd1c3edd16ca385d1656fbb991b4a58d",,
11296,"88c46580f7453c6c6e72ae665ee406d4",,
11297,"5ee7bffe36ca2e6b51d22ff50656b638",,
11298,"83cbbbfbfb1f2b944b3f095c4dc00265",,
11299,"6a17961d6dc36207b98abb36561f219f",,
11300,"bf1c36458baab84479335b8625f5ea90",,
11301,"1b41ffe321d61f994cd01caca21ef9a0",,
11302,"b486fae826ab7d8f4313900f8d2d661b",,
11303,"ddadd3e4d218dd59992f774548069944",,
11304,"c3e53147de566e9e79a0ca8a7eabcbc6",,
11305,"beaf44d759a5754c2a5581ccae175e97",,
11306,"c064c266fb09d6a64949c4dc9cbe88ea",,
11307,"d4e207afaa658579ac3244541ddd198f",,
11308,"a042140f8261fd0ef1bffe3ac3a94745",,
11309,"6e4e69f5107cf70279f5ace66ae8a84d",,
11310,"077336b2e316b437eb47080fa331e318",,
11311,"9d71c78aa4a5d64d19cd5ed7c3d253fd",,
11312,"ec49fc78d16b57d2ba77316f8231205f",,
11313,"d9796004f223ac5e48820f2b0e0671d7",,
11314,"0ca4d7cd3718fe2e3e49c4f23444a8b1",,
11315,"5e4283f6ab90951f89f68fa204dfe5c7",,
11316,"81934e5ea0be29b388d9eb264913f8ef",,
11317,"185b306bf7d9a65e5d9498c373023c82",,
11318,"cccbedf225145759b25c836a18971a17","ti",
11319,"e4469250455db2b79b8239aa64f42785",,
11320,"25517788cb837ba3c259572663529c3d",,
11321,"1c3e9ec1d3ba3928f57d2460bbd6a509",,
11322,"acd5fe8aa1cdfc2b9690a2c9d2c80d5a",,
11323,"dd59c8492dddce13a0e5ab1aae1330f7",,
11324,"3163850e2db05ccea5fdd0c4f5c4d057",,
11325,"3e58fb27eeaedb7836b811b4568fb16b",,
11326,"ec17e8b62fd816b5d99a9c05e99944b8",,
11327,"840a4babc273599d522fa7951eb8027c",,
11328,"694b4e6fa4ee658728a6eca51875a182",,
11329,"809844d1a3bcc56e9c3e51c350e3733c",,
11330,"7738812e26bf60936d875b283d735023",,
11331,"405f9280cfcc69182882f0d3c9406303",,
11332,"3a3637570d1eacf7ca576b0bfb7bbee8",,
11333,"21dc83a30fad4cadf742f722f2bea456",,
11334,"0d9da72340faaebe3f48e33dab10e98c",,
11335,"c99a398fb7b2f31026c2d3960053efb7",,
11336,"bb9a91789cc71f3a7f0a942277b84c94",,
11337,"198736549193bc377acd51493fb06677",,
11338,"f3704597b67ac9fe93d36d4b5d1c0e1d",,
11339,"a422180aed473b8a1abfad988f9abed3",,
11340,"bc4b41773c1e649854911048e25b3895",,
11341,"ae1ec3c2cc7806d9431b0acc97e4a7e0",,
11342,"d647263a48bf865a21f51228750db6cb",,
11343,"80c10650ab900586df13546bf8ff275a",,
11344,"3316bfb0523046ffa902923922abd7ba",,
11345,"aef8b70742eb7ad18434212d62fd720a",,
11346,"0de20c930fe5d404c6a45df8b5a1f5b9",,
11347,"2c2ebf679bb1c530d9948eff47ed6dc8",,
11348,"dec9ed0ea29c3d4f5ffb2b08a254daab",,
11349,"6849c37ec191a78ffb2595973040f705",,
11350,"8621b45abb9b60f7a05e9dc4269e70b8",,
11351,"60061d5cfb5a1fb490fbe1a84ec0742d",,
11352,"94edda6f5c6ce01f3af3afa44f3e365d",,
11353,"6cc43b024c23f353e69592f77ca3b9a9",,
11354,"9cd235564759474b1f17a78213b3aa96",,
11355,"6014073a530c6d99cbf6a776cd4c5c1f",,
11356,"2e9f70c1433b20738fe27509bb5701c3","nordic",
11357,"c3092ac0441b92edce688794d56384d4",,
11358,"6bf3902131584f6048fb02d5c3360874",,
11359,"652f5276dd7d738afb501458abca6bf7",,
11360,"278698930511ad6d6528b45e76e97828",,
11361,"e00a641516f3c8482833f1958266cb27",,
11362,"adc9ed271caf0ed49004373767f4fe14",,
11363,"12a7411e22b786f4b6dbcc7937c36815",,
11364,"f25eb6f3631557be53f6846beab6ced1",,
11365,"e6ac2f03b3273af140591676052a379d",,
11366,"b5c6a3ca5d872262a54fa4b8754799f0",,
11367,"2a49fe0fd50a82001f222228844ff09e",,
11368,"f214d0f5d7fa156c1c2b142b6b551036",,
11369,"fbcb4247fd3e3f74bd939e906049196b",,
11370,"981dc13cae0c202677fa5b6615017a3e",,
11371,"60ff96099043fb12c96f6ba46de3ca05",,
11372,"c66da0718836e087880a934c5d12ffb2",,
11373,"de9639867ce49da20968f9a0dcf338da",,
11374,"f5138c22465b6c71ee117e3fb0f0f100",,
11375,"79efd828e87b0b5f7ec212c4d9b7fc8d",,
11376,"213b295dbf6e59c1ff652f4b2c129adb",,
11377,"ea14ea13d1664198f90e809a75b5bd6b",,
11378,"e6f09313baa59f25a337f0aea45ed378",,
11379,"79b2059973fa31c33d7078156e750f7a",,
11380,"4081b4cb21580b2c7add0aabf63ca72f",,
11381,"4a681d96d997407facbb5e2fed2fc6c3",,
11382,"e2f4d3118e0d2e39eaf6be1621956945",,
11383,"f695b8ac5384a9ca8935b41d651becc6",,
11384,"b5b186997cf79338282976d5f9d90297",,
11385,"fe8bb56e3717d9eb8743c4967f061f4d",,
11386,"efce2f1c574c839efebc86532b8d298c",,
11387,"ffaa9eeded5f86404a947be9b6b0e15c",,
11388,"eaeba22217640de291f9b96c690d5fab",,
11438,"b5b41104b85b7af0a2b0d8e375d3fd05",,
11389,"1fe53eb04d787a69887d4001cad17066",,
11390,"b102be3ef4defae582227818b65a11c5",,
11391,"501ec18810c84358250fb989eb130316",,
11392,"488d97b7f3fd13aec82e1b48de1365ee",,
11393,"adae04b39e5176ea3c0dc8a9a7b68efc",,
11394,"c0a3b38a4cbce64f643ea3b2573795bb",,
11395,"102e72685b9935f7219502d6f5730cd5",,
11396,"dcc2d2bbd9173b61080d72ea849bcea3",,
11397,"87ff2b00ee546081f760979e7dd55084",,
11398,"e42a3c63609d6e5ada89161a08ae27df",,
11399,"68ae8e97a48069588a9b9ef1af769928",,
11400,"20d7ac4c890ad71c7d01d997f364682d",,
11401,"f4c9784548e2ecc41af3ee685be813a7",,
11402,"53671bbdd823e4b14dbaab63bd5f248f",,
11403,"4bc0c11e7c700b7741a942d0f4d3d28f",,
11404,"560c880626ef260668b91109d900c15a",,
11405,"68a7aafbcc19fad96de9137af0c5c775",,
11406,"b152d13cf9bd386775caba322d852c0c",,
11407,"734248a81cc7a8ddd4147bc6dbdaf05e",,
11408,"36dac7584f2642c5a25104a3a6833ed7",,
11409,"28c4ec86159fffb5df58fa2972a684b7",,
11410,"b5fb6fd56f08a9ccbcd22eb061353cc5",,
11411,"5e899b3ff3e128453784b8fdacb947bb",,
11412,"bbdffc40585d5a93689eaf040c83db8e",,
11413,"b9b43d76f13249e87a707d863fd649c1",,
11414,"321120e287265b298d0e83ac8ed2c8e9",,
11415,"69f8d56bdccbe1ff0634a242969709e0",,
11416,"966da85d962f6d700abb5bf2c2851393",,
11417,"9ac407be2614c8359babbd9caf2f3475",,
11418,"bd38fdbbe08a6bde7c4aa2b5b947acac",,
11419,"cc10d4177c21e58626e53ed02b242f50",,
11420,"708b97bf747e2a3fc32be034656dca07",,
11421,"89449872660ab9bf81aeae360553651f",,
11422,"8f8f7a4d3886b3ebdf997b67d829f512",,
11423,"29e587060b7cab10dca7bed182942a58",,
11424,"1f8c01cee7d89c9374937542703b91f9",,
11425,"f9cff3db24211977cfd3dc2e7a0210e3",,
11426,"f822757cf1f8b7f0e4861da001088dd3",,
11427,"90550a5377f37de7b148e5574155ae62",,
11428,"4a1a166b5dd99916ea2eb26bbc806d53",,
11429,"a1a8fa5e75114a8c6be805565cd60449",,
11430,"28950682baef3a6e1a24f3e69c617ca9",,
11431,"07212194410b8d61f66cb569594c2d5d",,
11432,"3c2d8f6d23ec268e92b22b63666cf37c",,
11433,"f72e3ad38450028c7efed163d0d85a16",,
11434,"7fc2b0c35bfb34495918d25389c33119",,
11435,"8ee1cd577c9d8eca57ec62fd07e9701d",,
11436,"697fa55e44ce127108f85fe2c4a57b75",,
11437,"f62aef808016c5c9074d5282b3b27c9b",,
11439,"e8113f8a90d1581cec9c08f854a3a235",,
11440,"fbf70a62a0f49ef40f2294c2bb2933b0",,
11441,"46afe52d7b71afe62b69ad590cf71410",,
11442,"a279d53d25e207a90e5053809d182af8",,
11443,"d1dd63ae88ed25eebd45008bcdf35342",,
11444,"9cb188d37872c540c116571a46a7e3a8",,
11445,"c68872296d6ac4c7b7fb6748559724db",,
11446,"49272a7c0f245a96c62a671645a3244c",,
11447,"a6dd21d8aef307b3b2003e1b1a8cca23",,
11448,"723f159374fd48a482baf069fd579c24",,
11449,"3c39803ea281f38b2ff1cef60c68def1",,
11450,"2f2a4563706e3b5dd3f0e46413b6d6bc",,
11451,"37059f2e73ffce6f4ad07c5061e1c619",,
11452,"1ff7ddf7c8c93a47d026570a83fddb6a",,
11453,"a9c8e461e472f3ae0c58312bfc5b44cd",,
11454,"64bd3cccd5405dbc4ad4fc60fc9573d8",,
11455,"93e27ac7b4ea18cdf4951e9aac170fb9",,
11456,"b19f2a491173c57417f127a8a4e1fa0a",,
11457,"4695eb230888c0fc3e51b79ef6a014b7",,
11458,"4a7048b6f2f72d5955d2781aef4a5496",,
11459,"056e5127f65ead12ca0cd8ba9ab93ef1",,
11460,"b22aa66bfa9c69a4a962eaf8c473d09b",,
11461,"adcba90301631f1d6c27977490953add",,
11462,"f80a2e8f529d3bfb5ec511386f0d8a85",,
11463,"d351bbaed7806f390fbd8c832a48ad1c",,
11464,"caad36c81d11a5a848c140fa7c91ad6d",,
11465,"905e54fa4bb4464787b7f5a0c1029ae3",,
11466,"97bf303f3bcf39fee0d03386b6a16370",,
11467,"a9e9a99450fa655d3e8d41f1f0b941e6",,
11468,"d8316f9c80f6ed2d30b89ef36ecd86dd",,
11469,"253a4a4ab7345ce5be48df1edf1b2131",,
11470,"cea716885bc33c2f9a33f101848de73b",,
11471,"4117d62359645faa4880d880be81233b",,
11472,"516c8db42e5bda755e90817173f34b5d",,
11473,"4f110716d988a34f338894c3f67d4d03",,
11474,"47b0dce5e2ca1418ee45da6009f1d64d",,
11475,"b4240a14148c36621f1afbdda6012228",,
11476,"9380dc20fdec128f434744d5ea952227",,
11477,"5e9765509e90e47a90ace6b3b5895229",,
11478,"430cf3725af122358b6f65332cbd1512",,
11479,"e689d70f004b66a94d9b5fa64a9aa857",,
11480,"20205358ea60c37e5e38d524f257450f",,
11481,"e8d1c42a363d3d71762480cb453947b0",,
11482,"ef3987ee34ac056f39134acab5508966",,
11483,"28d0f3a613d033053dccb4dc0b358c9c",,
11484,"f92417bdc7b080eb5d2ba52b4ad6e076",,
11485,"d41476bfba621b35ad94001603cac741",,
11486,"795742378bae714f12a552b54459c527",,
11487,"c3c16a3989947b5e4829c4cb73ba1094",,
11488,"09b5cbe703aa88c9c1042f5753730e85",,
11489,"36766978385db439cd2c2b1d9a8a0fe4",,
11490,"d978e8aead35a1f56f7a94dea54d90d7",,
11491,"1086e8b34e0394e11b5c2c4d070c7361",,
11492,"f8cd246068a89b93d0b417e0f766fed8",,
11493,"6a47ae30ac4c650e3cb104ec68e649a3",,
11494,"0b38a0bfd33d8c91e45f5cea0d12ace9",,
11495,"80f35daf5a05a46f257316754b41ef3d",,
11496,"2d6030752911abbad891770a1feab790",,
11497,"2be7d92634a4bea30112b9e90b6a0895",,
11498,"c1b657b57bff12144ea93b1820bc8626",,
11499,"c6f0fb161af32228b59478d381293426",,
11500,"9e7782bb9173aed95416105ebda646a6",,
11501,"081cb824f98420cffe2ba203bfb4bfd8",,
11502,"d72d2e340796acaebefb6d11dcb0b56c",,
11503,"a840ffcb81ac5fb6f61c968bdc33c4f0",,
11504,"46ab8d0ff136039923b0db349ff2e2f6",,
11505,"47e68c40cb520d4a64674b9024a3bb3b",,
11506,"8675d1ec1da87aeb4f346d7387b6ee34",,
11507,"ad215bc609933ab4c812bb9aaa182073",,
11508,"4a933c77a4ff93610988edc40a952ce2",,
11509,"1dde3ebc23c439432fd3557e73116711",,
11510,"be8c0a9527d2319f44d926c9e34d3148",,
11511,"441b42458ab10e4690c0b8919d9768af",,
11512,"fdb45e1e49d98d051df3916ca13f681f",,
11513,"04166821032e2f43c8d85c8841a3bbbd",,
11514,"ded0e685ebdb32debb46e12113528827",,
11515,"bc4c78c664c272bcc9abc36f0f80f402",,
11516,"ac5a602e50cc311ea7fdde190aae13d4","stm32",
11517,"a12f4c065323ff7cbea48e50a5a5f6e5",,
11518,"5f3d038f2b798f1946cd601841d10f5f",,
11519,"26d50cbaee1db5200abf2d98da63c462",,
11520,"48d81c0a2b8a0816a85e444745f660d4",,
11521,"80ad8afa1ece4c24b36bb385364b3349",,
11522,"b82464d83add2a0e5fd48b92acc68175",,
11523,"eb12cdedd368f59e8120bcfe9b89e774",,
11524,"64af19a96d5e9b10dc5d3b706f5e1079",,
11525,"fcd0731c19a093f2bd714af4d3dbf50a",,
11526,"4f78ff4f2a55be1e2a9cac4d705ef00f",,
11527,"ecd64bbff472fcffbb2a76e45ca56fea",,
11528,"6c5155bbb07cb0d0b5780744c43fe882",,
11529,"b298c5029daf1cac22100f0f74eb9eee",,
11530,"4bf0ef36fc95f87d685fd286494c17ab",,
11531,"72472b66070aea0cc33915d676f0fec7",,
11532,"2dbb00e4e67ed0895e6cc7406640076a",,
11533,"a5832feadae47b65b1a1b68c1256d3c0",,
11534,"a0e854c10a29fcc4a40b70a871f62c17",,
11535,"c48166ea3a57affcbc55d192fd6fd9d4",,
11536,"1f611326e565bd84a001c6cb446c6673",,
11537,"8a39277aa954b94b0db31dd857f01391",,
11538,"0c59f80ce3bfd884586484f4dfd29515",,
11539,"1b8f69da0891eb9e4a1168c5d54ad1e4",,
11540,"071718dbf6393bfac4428b004d9e1ed8",,
11541,"4c38c99230a2e6fccc8b777c87cf5976",,
11542,"349cef592da9a60face285e2750aa1ea",,
11543,"042c2c82b87751d0512bce66d39ab548",,
11544,"511340925e1615a650be6b60c570b053",,
11545,"5d6b249bfd023e3fa69e6577a3f1810d",,
11546,"bca388c3dc810af8e1acedcc978aa5df",,
11547,"9a2ae9729656aaca860d7328f5550d6b",,
11548,"9e9f029a796458cc0ec5c85fa4b61d76",,
11549,"3cec869fb4adc391d870061ef46ff370",,
11550,"510fb76c9fd37d481869818a8afe52f9",,
11551,"d4704950b7230bc9f245b14c1e1bd8e6",,
11552,"6b2d77fce9e94429c7499be55193ec72",,
11553,"9894ba9691c5758de4ef617c66653214",,
11554,"f521dcd58e3970f91655084083227cb2",,
11555,"3a27774f4c251c3b1935988ffc40ee31",,
11556,"578321a3c8612cf3b17f50a2f800922e",,
11557,"9b1499da50e34f32cd8953c4fd95dff4",,
11558,"dd93bdb05c05e37b79119f53831b32d4",,
11559,"cce9b6b75fe932fb1d6df3df124a0670",,
11560,"a9ca6bce275532a7a2f1315a082f79e3",,
11561,"66a62133b27c90b9e1aa47c687ae1ed1",,
11562,"d4e10c43d8f6804b7a6a1294c2a426ab",,
11563,"d23266e3306f297ce391870c901c2107",,
11564,"0e15afb7adce662d45e0a1b610482f40",,
11565,"a80b4c0bde2b33f41055594206b5d821",,
11566,"51ce53b6de07de3313356ebb0e4472c5",,
11567,"bba7e9f422a326301b96e3d551164fb3",,
11568,"907487a98e2998d36a66787be7b58772",,
11569,"22d41ed3f78026773951988f04d34205",,
11570,"e0ec4f7215fa16f5bb489df452f51413",,
11571,"79cc92a48f960cb1b0451e492f21942b",,
11572,"cd81230894a7a8e92f279a65bd5cb6a8",,
11573,"0cf572843d77d5a838cb841c44b4e27e",,
11574,"594d740d1156e6399b9a4cfc41aae4b0",,
11575,"f61350b0c8c75d9bbf851dc0ef14929b",,
11576,"cc37c0a95d032af8065f6fb381a98eec",,
11577,"cc4a1866b37936802a021f1fb73ec209",,
11578,"e9311ea212867a1bcaa240505fb8cc46",,
11579,"d779fa4011c04410cc68d0e85475e4e4",,
11580,"547896dc612f5e4a704e4bff8dfb908b",,
11581,"b7aeecaf8805900584f02f7bc472468f",,
11582,"447f9b91d05bda2af62027800b400355",,
11583,"9e631423e813f38f661cbf23239df729",,
11584,"7e09bcc00b41735457c0e8ab1e95e95b",,
11585,"91c9f8028e301c8614fcc07adc14524b",,
11586,"f1a41d174d281fdf39f59a354a27ed6f",,
11587,"7a560c1a5d8a56200e9ac2f22f0812e7",,
11588,"c25a53c4e85b70d534d68150b311ab2f",,
11589,"72355fdaeb5ddb5ff8e7b6871898f7ca",,
11590,"c7081692d6367d0090af9bdc52d51e0d",,
11591,"41d1f07cc8a00ca7e260f7dc9f1385f6",,
11592,"c269e7cfb0cb74322e7cf8c51e51c906",,
11593,"adc2e31c35cc6c48eae676a7eed2e5b9",,
11594,"89e35e72f621424016f166243de1e451","silabs",
11595,"55f656d2b98d5d32adc542ce60a09e12",,
11596,"be132ed3ae0e6c1405a47d8dc6502134",,
11597,"30eaa855d5120ca35f6922ee09ac6056",,
11598,"934a90ec8bc651198ca68c552bbbae70",,
11599,"b7c85b1c47b4e5136c47e7c259d52d32",,
11600,"dc87649aade6e539f57f9c337799b6db",,
11601,"2e483ded284bd3d25d01baee75b4b433","nordic",
11602,"f9744fc690152b4d740a119a1ca9e673",,
11603,"5ddeace903c3400b05aa834aec77eea6",,
11604,"00f74e6a6d16e96bc9c2ce5a0eda7ccb",,
11605,"3592cb7af30fa8b60ed3c8720e15a526",,
11606,"0ba052cb33727d3fc39514befeb27792",,
11607,"6dd923aef916466b393cdfdb6913ca35",,
11608,"3fd7a915486f61d8a82df19255d431a4",,
11609,"f435d733e997b6095b0d2d417ee42fc1",,
11610,"17c7889d51bd84df0ef323ef8c610606",,
11611,"7130b16ed7f4e4a78709dcf6e36eecbc",,
11612,"b96db8aefe9cee32914ceb80aedf886e",,
11613,"71d9afcc0d6de81400cc671b3a6e1bee",,
11614,"668f53050a92db5b4281ae5f26c7e35d",,
11615,"fd2ab4af7e4783b6d407cff730422d12",,
11616,"55ee8928327c9ab6a7473463ef015b34",,
11617,"f7dc1653782e4402cb4d8e55daafe78d",,
11618,"0cd083e788a4a87e933f6ffd1df6c657",,
11619,"d082bed1d0162c03139edc0fe75720ee",,
11620,"e794035bf83d33af88a0d803f06389ba",,
11621,"6e3db198c7070f6da64cfc5c6dba833a",,
11622,"475ed01adb6b170dd41c2f95a4272976",,
11623,"8328795f3eaef8ad8e37be7e2107a0b9",,
11624,"661fbc979fa1ab2961576676958f9801",,
11625,"7a5cbeafb8a689b271c87512570a8f5d",,
11626,"f4da4d82b02a5d3417bbfaf60cb02d3f",,
11627,"b3b78838489c1d7975d5859d634e234a",,
11628,"a082d22bd02800e4db86a2dfa8cd24cb",,
11629,"67a52580a4a390af6e67d89e549a32b8",,
11630,"192abd997819d9c4fef28b9219dee35c",,
11631,"338c14d945d9773665d404c06ac3e02e",,
11632,"8967610ede0d80c1539afc29b6eb9133",,
11633,"d1a60943ca77e7d7d57b66aaf9c1136d",,
11634,"d4b024dab512127d116811dd2d5a670d",,
11635,"a9641f1aa2658885d470af8c2173abc4",,
11636,"e3530a1084b526fdd01b16d4e7432933",,
11637,"d6202f7f1d044441dbed389e30b9a7ec",,
11638,"0f8ce3f2c694a321bec0e2c1bbe8a2ad",,
11639,"4ce4773eeaf96c2dbea5a8fd67462cb8",,
11640,"a5bd6ba9b90af7a77f349dddf315c2fb",,
11641,"8fbe9e9c7896325ed08bf65f23ff5719",,
11642,"d61ba0a7af0f3dc3f22e1e4434e251b9",,
11643,"79f434be56011a5e560375b4fdbb454e",,
11644,"225b96063fbf7a6dae611507b37ab313",,
11645,"61c052d4c2332f924e93df50dc271e6c",,
11646,"48f04fd460ace51e441b80eb9c60de13",,
11647,"ebf64868bc1b70d5c92cc09cf7b5b1b1",,
11648,"8ed85c84203060dc46c5d63a1f436d5b",,
11649,"79d79800e349336e5856bcc6809d3e1c",,
11650,"b00715a52684c136a788d4db395c52ff",,
11651,"5b80d71a3057fa0bb8f7352454f1ecf6",,
11652,"f7a17ffc114eca51a631f1e1d4bdb7d4",,
11653,"a6020a226f8b055fefb274e53cb1e43f",,
11654,"2dd153d9e10f70443019380d46a09e6d",,
11655,"7d14f38700b0da75c9b6abd7b957d7ea",,
11656,"e6d0cb0f7082e86322f4361077717570",,
11657,"be7ea99f3bc705493a7e78f8227b4397",,
11658,"af803e7fd23f806e0a5d63b4a14667e3",,
11659,"174d4e67ec69d713d0e96fe9690128d8",,
11660,"3aaaca33a6909f82c2aa1ce874f181b6",,
11661,"008b4f443968b455237fbf6e0b80e9c0",,
11662,"3865c930a9657985a10c35e85254093d",,
11663,"eac5d858c99a15a3f59bae5f228457bb",,
11664,"2da876ee820468d505f7947a416460d2",,
11665,"c06edfbba8c01ad9842ac67e0c98ad62",,
11666,"22966a3f1a547563e62fa2743259f5d9",,
11667,"eb2e43141ca7dee69e20e82256a2c372",,
11668,"62c265856fb77de1fcc2f32cb300499a",,
11669,"58a072e1278f2d452660f18ed27a06f5",,
11670,"403f713504fbd4fa9544e07b8537cadb",,
11671,"1e50a69e513060da634f9e3e3a21eae5",,
11672,"56269487d97ccaf45c2f3adbab052548",,
11673,"3580f2c84b8b1c4f9ea10aea0a8d7cfd",,
11674,"bfcb30504cb1998e1ab65186e5a79a2b",,
11675,"c515b3dd161f809033af36d71d6ffffa",,
11676,"3db75d4457e24f0537dbf288799c5d4a",,
11677,"4532332d62b8eeaea7ca9eced57d161d",,
11678,"305392f2d7797aa86c51d8cab3711bf3",,
11679,"b79aa1c0b30ef4180d0b133ceae86eda",,
11680,"46997a21c30944bea5925471b94d3fa4",,
11681,"22ac62981d8eb077bf4c9d6e07007f4f",,
11682,"929a31c09a46883fb4fadc2634f32b2a",,
11683,"90cbea0c99cf30fd17024ba8664b84d6",,
11684,"d2a0225e2144403847958172389fe6e9",,
11685,"65f7552e555bf4698722b97ec5b06f7e",,
11686,"87bf52cfbf6064d1dc4066e246413b94",,
11687,"bee18fedc4f6e736c87ad8df059df02f",,
11688,"4862811cef62475740484802ea825888",,
11689,"1c01c9da04ca3a013246da78f1c4af3f","stm32",
11690,"e081e4b2ddf8b1dffe453817e06d97d9",,
11691,"ffb869b201e8f140a8cea75b6d86efe4",,
11692,"d3ad0e4c53461331e16c8e175776064e",,
11693,"5406c1b7311810e4818d39a1e0efecd7",,
11694,"da6afaa927842d50529344a24bef1922",,
11695,"d24694ba275c7ed80b8d4fd1480c4750",,
11696,"214b572fdbbaab65753a498b119f1aa0",,
11697,"c710c5ac760ef41c811f60c765f88db3",,
11698,"818fb0623290ae1262ce8941b1c924bd",,
11699,"85d06878c8a1e34540e6354139d12433",,
11700,"51bf44ec6419211bb670f72c17cf133e",,
11701,"2523f1156001a839b7a4456ef7a49e3f",,
11702,"474edcd53faa6617b1b555100be52a8f",,
11703,"c6ac03b071303e2cc592d6463c02cb1b",,
11704,"7e86bca219eee782e00fc786e8328f49",,
11705,"1646e1906c4857598103e8025cf6cc07",,
11706,"3ebf84e0adb9e2cdbead79fcf4094fb0",,
11707,"1e4e95387939245a5ad8a7ff07df873d",,
11708,"c87b519fb3522d8774fc81d607b74d1d",,
11709,"e82d273865a0358963edd022de3fa34d",,
11710,"6951adc18032a0c85877f7a7039bed10",,
11711,"a751afafcd3bbc23548eb2dbab47c808",,
11712,"10be268e8bcaedf9f0e80c15d78b6a38",,
11713,"29f8f8690766b125ee778e0208cc9153",,
11714,"afa8b46383dc6a0ec3151e83a69ddfcb",,
11715,"2a30928361c0749897abde0b48e389cb",,
11716,"12c47c941dd22c47837bad249a763145",,
11717,"9493be4f9938b4c458ae8fa5a5b1ea04",,
11718,"282b8373845f228da02ade7ca2bce6bf",,
11719,"ff593f123829ea3860d84e19123152f3",,
11720,"1d569f6fe2e5bd262739789ebe089996",,
11721,"e5307870e82e086d957ab6acace44f00",,
11722,"dda18c2b8143533756b30fe97a4b806f","nordic",
11723,"bda3573d22928c5c2345fd60c2d9f54d",,
11724,"ca1453e5a233c004064534662ec79c15",,
11725,"8e3a4a527febf2626e717693425eb4d7",,
11726,"a597206b53bd0783232a5b0647eec3bb",,
11727,"bc1650b87c55aeb1e42e0c46724be955",,
11728,"499d3d680495d6778553cb8f07802f5b",,
11729,"2eddd1b692824463be39984cd8fee8f3",,
11730,"1a40c409cd34e28eed1aae8a415ca16f",,
11731,"844b79514145e014d7a15a417ff580e7",,
11732,"3479fbc8ccfb03c2a31d12d22855b871",,
11733,"c341729137ae41a3824ffcc7cee646c3",,
11734,"151941e5a56928f811e173be5493513e",,
11735,"86e4056cca5fd6b236448ea61ef0ca40",,
11736,"a956e01d38750d05e8257d3620195527",,
11737,"6b1e96bfdb4e0266854da7541bfc2c13",,
11738,"d8c4045c91866578e65da3c311922463",,
11739,"4cd16e5ca58c20a4f6091de72ffb588e",,
11740,"d5bc84300cfb7a64137eeb32e5b3e8d5",,
11741,"5ce47575a38ae9423cea9a0b4025fd9b",,
11742,"b8c153cf5045f523b0e68e74514636ec",,
11743,"53c5817e5995a40450e699a13d114d20",,
11744,"70d983185b267efe197df36020491256",,
11745,"163b555cb8ff53d558e4978f7bad25bf",,
11746,"c4a00343d97d49877a98fbc98c02b1cd",,
11747,"29fceebe023d77e14661e0b8db8e447e",,
11748,"a4c9e3b2748b8310b38a65e9dc2276b9",,
11749,"852912f62f353fb870b86d38e445f7dd",,
11750,"ad2cec9db159baad4879e9f956dcf54d","nordic",
11751,"74fcb02f4b7f197b40e16fd7f3e7059a",,
11752,"81144b67d2ed3fc85d8bef8f90aea456",,
11753,"61d01edc2709f52b58899d748c8c754b",,
11754,"4e64c53506c4d2d6e3eed344e6dd9ed1",,
11755,"5fd1c3a00cdcb28a290688e05e2b5bdb",,
11756,"9bc184ef86e1551ac05814e44bb40302",,
11757,"9bc94ad372a7d99ec219351508f9b4a3",,
11758,"3ef5052d9121d47666eeeeb48a0b2815",,
11759,"e5ce17c92b9c2ad9311abb926dcf0771",,
11760,"cb7956c75f3f52bfc0513ce46946e4af",,
11761,"57424d8d6c00e80babdfcceeb4261749",,
11762,"4a6c61ab0f61a59e0cd50b19079f4ab4",,
11763,"a74b31180133837f0744513b89603e7d",,
11764,"76ed92a180f911aee5cf6c17692a5db3",,
11765,"8929a87c20f87426578518e3fafa12f2",,
11766,"ec8adeeaf7f38cc260cf2afd948847ae",,
11767,"2c465d53a077678af0195bb0f271ec76","nordic",
11768,"5d48c5463b6f1ca01ced69dc944fe922",,
11769,"5b3d14ea8f313cf396e73989744ad4b3",,
11770,"fab07a64615b3331707875f653790c58",,
11771,"883d47d65e81082dca13817504d6e70d",,
11772,"5e4dbe6fce92d851553f4891ce884da5",,
11773,"3346ec46e1a9eb649ba2cac64ef1cb68",,
11774,"e261b21fff0260e54e87989f60f531ec",,
11775,"e96e21f1e4832be344d4db72a8c954e6",,
11776,"a63c8dbc25c29f109b039cd94b0e9001",,
11777,"8ad9dc682f1c7158c511fae2781251f0",,
11778,"1c62e0baa65ba3425e61434c50b93eeb",,
11779,"af501ade4c002ac11134f641716d9807",,
11780,"2bade1cac6d118e0df832d1aa527b6da",,
11781,"38cf4536081547439476e0603fde6ed0",,
11782,"64869bc1fbcac3f8957b668904aaddf6",,
11783,"b0d9868f953d997ad431ca4d12541cde",,
11784,"84d5caa7efffbc12ef5436c372d4fa53",,
11785,"55899522e95e388adf7761f4f766b5b8",,
11786,"b577e9638da87d63d5655ead7d4d775d",,
11787,"157e39521e47ad1c923a94edd69ad59c",,
11788,"8ae179e6f56d2dff5e53678290da3a87",,
11789,"de4387645f5acc5f3bab3c120c090085",,
11790,"1105aad5fb321fa2b4aee80f65f2c8c6",,
11791,"ba4ecd002bded3d9fc495b02b80b0657",,
11792,"a44bfaedc1ce6930dfd28c7ea6e06671",,
11793,"466b97efc6a9a7858056ba1cc04bedef",,
11794,"6673576493766e31bce5e9a880d32e02",,
11795,"1974f3a784058e1460d09b153fc7ad3e",,
11796,"109ce4287557f1789f2e0ed41e08b5ce",,
11797,"4a449e8944578824b999a536967118ba",,
11798,"99fc5e0eaba632402784cb885bb240ba",,
11799,"db6b7a34f1c831ea96ddab14438796a0",,
11800,"04ac8dd92aa7513466b74b4f55be747c",,
11801,"119b3b8773c37abdda8b4d5f64ad6c9d",,
11802,"56924d6ec8d3fcc659229eb613adbdc6",,
11803,"61080f83e47bfe64934a6013fd224574",,
11804,"e487ab1c365b0c86dd17a843bf0de525",,
11805,"6ba6d18c2faec562d3179ef79b88a658",,
11806,"43440cc4ee85e8c925312afcc4e6df69",,
11807,"9bcf61419632e917a730d3c05e027bb7",,
11808,"09ca5743d25ef574120776dce94ff32e",,
11809,"d107fabe9cb0e85222e760cf44febe78",,
11810,"814c9323571cff45cfe7a8b686e26b44",,
11811,"1da15912cbc1af47ef718ab62b70c48d",,
11812,"b482af1a3f1f3fe5199ab6de1da6dc2f",,
11813,"bdf8c13612d900909a96e94836467c0d",,
11814,"b22f1f097d59f086cb3f35ae9534cf13",,
11815,"3290de8d1cc94f47145c657020780a55",,
11816,"28d1299fb60890929529dad19904a22d",,
11817,"d894e918d541e32c3c3296c5c351fae3",,
11818,"3d61e2f0b49ffba3331952d25182b85b",,
11819,"6d80096ab3d25d60274148164fde889c",,
11820,"4860d1f7b6ecaeefb9abd4f8a39992d6",,
11821,"67a6cd32a9d14481c0317dc964fd766b",,
11822,"094517dc9a2b67132dda0692ce0bfa1b",,
11823,"4adfb7dbd3d419e2e5aed960c5072313",,
11824,"02daed0adba56418270b24779f53ce69",,
11825,"d33cd36386efe1d7f095e301b782f6b2",,
11826,"54c3307c62935cd083e9f4445ef2b6ca",,
11827,"a6fe8f5f4207e79199b61a1446650fdc",,
11828,"97727ad67110bfcc89042b19bf19a841","nordic",
11829,"1bd9623a8185132529730991a8a28fd9",,
11830,"e559abc671973ccaa93bb5f735662ef2",,
11831,"b269218d39ecf2131b0451250e1d5b42",,
11832,"9cfb06d06f72fe582d0d4d8e0341d70d",,
11833,"f4936e23c3d0e1ba1c8253d7bbc0f25e",,
11834,"7ba75633a6cfb6122529d74e3eeefb32",,
11835,"b3a00870bf41476a40469ea9eb688f3c",,
11836,"1ac85f3d9eea0268bec3b71f8a59c5fc",,
11837,"9b349b3c70048539728c850d731fccc9",,
11838,"3e4590945284b5fd39ea2e3f50e9d009",,
11839,"a61370661da660e637c0771107098355",,
11840,"075bc40d714640926501cfa3d1292bc9",,
11841,"2ea52368cc8192a622da564c1150d9a7",,
11842,"e78dd98fa51693afa78009dba754fad3",,
11843,"9717acf75c0139949f8d0897ab32accc",,
11844,"6a264f682e2f85235265cdb7fba2b4db",,
11845,"bb67ea1a739659806eacf8a335027462",,
11846,"914ffe4bf352cf45790e73329cacf05d",,
11847,"2761b5504ebaf9de0408315ae3628338",,
11848,"59368172d8fbe85fd0af4ad8fea56954",,
11849,"28096f09df43d4aea7c698ef07708a0d",,
11850,"fcae59f7ccc5a3cc3dfe440b754b5c25",,
11851,"85a60e0a9d1faf02d0a5dba6202685b9",,
11852,"ca9449f2ecde5e20190faa4b13d5e301",,
11853,"7c26135aaf37d61eda8de51a07bd04c5",,
11854,"2c4e8faea1a94986bbf297c370da04fe",,
11855,"23bcb524ad97f217072ecb22b28ca8f3",,
11856,"de37f68343c1afa4693cbb2c90a3b611",,
11857,"786674331cbdb0ec854dfccf49099ba7",,
11858,"591554748b14bcf69d5708d525449a43",,
11859,"b5e7fc1c08467e4082cb74f5f33ebabf",,
11860,"52f8bc8fd92ce6c68e3588b6c4e45f27",,
11861,"42a9efaa6c30eea605fbd8fa703d5f1c",,
11862,"84fd299867b22a0b53faef9b6849bb2e",,
11863,"11bbd2e5e3838b7ebf8f0a1765ed32c9",,
11864,"364591632cbbaa074f3c752cdf37689f",,
11865,"8e58f80de1656c2a4f34fcb828b13b34",,
11866,"38d6a19eb5d625cc5bd092ba7cc7a45a",,
11867,"1761011c591c2504a782c4ccbc644325",,
11868,"eb195530fdb500ef85adad7568d0894d",,
11869,"d386083ce2204ece2b213ac9b8431eb2",,
11870,"fec86576795f988803fce3d9519fa8eb",,
11871,"fb7deea913d87aed7676222269a593e6",,
11872,"9b5ef7e5e5513256f44fac81e4384327",,
11873,"9c2218d48f796580c03736e6145f9bb6",,
11874,"55e181e54631cb08622c62a2d2a56f57",,
11875,"b4932792201e5a514b0f82e7196cface",,
11876,"0de45bf21599459ecfd2af4c5ed1b8fd",,
11877,"20be074a5893372ed3091adc224876a3",,
11878,"20cfbc27251ddd399ff501dc10baaaa8",,
11879,"f9408c1b1ed41b91f1b174b6b5826000",,
11880,"6511e118d808fc3e67475ad5805f7d56",,
11881,"7aad09b47eea53b9cd768e69b5038dac",,
11882,"0b5ced50976f46a2035370fc0764d440",,
11883,"d51f1d973a432db16c85b4d344a0f564",,
11884,"188c7ed65b39c2f29996d78b1712ee74",,
11885,"384afce8ef83876a6d1482fd50a60861",,
11886,"c4c556599b0fb910973aaf614647a2b3",,
11887,"45e126e8b6eaebcc53c393ed52a6f9cc",,
11888,"fd88afedf0330844015ad58f09f9b386",,
11889,"ffca46b29ad62d68e18e0d8c1d39e34f",,
11890,"3e9bb72c0d86b009f8ee945784d22874",,
11891,"db631333036404580845e00682095a28",,
11892,"7435186d256a341863e97a28beb1a4a1",,
11893,"f9546dc21513f195ab36a7c292f6a145",,
11894,"f32af45ea54c9c15330ec6e140ccbb4a",,
11895,"deb01a3df178f7bb8a8f738f72245027",,
11896,"19c81b2511920215018f74dab9a4506e",,
11897,"0fc92744e6103c621f8d4e6c3a9df22c",,
11898,"37df609c272c60a92f3da23640bbcab5",,
11899,"ff1cf135c55e389b0150da242087b0c9",,
11900,"8aee8c50cbd60f0604e0798f5d41665e",,
11901,"40d173414de3ad70471d9caa8701d5d1",,
11902,"3d5612a17bc22311b7ca0af6df23d485",,
11903,"56db595793f96b03a2746122bafbf371",,
11904,"1c2c42d9b7b70cd7ddf91dc99ee1d342",,
11905,"19cdfbe591afe24fb9fa63ca1ee46d35",,
11906,"7b788b48f1ac00ebcca02915ae5a4c0c",,
11907,"1775974e2c3657b534c2df081f111a9e",,
11908,"d3ec683871bb291c7511736933d25065",,
11909,"d8701f5d683a47d0ffa24b850b8cb7ac",,
11910,"dc196a94edf27af28c26d89e01fd4796",,
11911,"ef12b51e7d1a35b6a9f68c960b4c363e",,
11912,"575caf4824acc8b8109a33a923bcde04",,
11913,"8d7bd632b9ba48e9abbda2d5d2e38d5c",,
11914,"797ed843b6b11d81a8637adef1ad10b4",,
11915,"72ed9d91a951ff420b1c23f214c0c3d2",,
11916,"925d46c3ca54ac7e2dd650527324849a",,
11917,"aa594bb00b8aa1b5c603ecba222a1e3f",,
11918,"9fcb28c1fe46c350626a343b05fdf90f",,
11919,"c4ef790db6c876444c365d2afb528370",,
11920,"97e6531a4923665993981423dd581d0e",,
11921,"2a0b2f8415b3128b827c7c27cbcb4144",,
11922,"ac479a570185b68b510f5beddadf8121",,
11923,"d953e33514b9d085c423b0d70ceec145",,
11924,"f7ca0287c2767e68af4949597e871f39",,
11925,"3561647d540864c4db3ecc5de881f7cc",,
11926,"0912539d44fe37a3f3c125203ad14b4f",,
11927,"50aeaaeccc25789dfe9688d5d0439604",,
11928,"e3a954ef43c181ef888599ca03c1d8bb",,
11929,"2729faf717dcc3db837848f42730cb23",,
11930,"2b82461660dbe58a9f8a4fc724ea6eb9",,
11931,"d8fadb4287ff41befa95015874a3ba55",,
11932,"e4fb91b8dfa2dd9cb6f7dec09269c49c",,
11933,"d5a7e5449bf9dd4482e41beaf68d2ec3",,
11934,"cf9914554d90408afd5c8450c068f10e",,
11935,"14b8c2fa1c3cf816b3aaae682c64cee2",,
11936,"e7e5f4f752fbc8715aa2a5014e47fcf2",,
11937,"6ddf43edbbc3b3c894fefefb0cfe88e0",,
11938,"c5183939a1d0d3d9656d6adf4c71046e",,
11939,"70f07b2b15697353971440fd77ff80fe",,
11940,"a1e3411ebb88d7d28e196bb7f5329699",,
11941,"0c1f052f6da8a9d1b762711211ec2220",,
11942,"cb8dbce305c3eca6e4c79715a5fa0979",,
11943,"e7fa1c1f3ddedbf6e2f69edd08d131c0",,
11944,"0a5b6f9f6b0cb0536fdba288f2b72495",,
11945,"33ca26d2b1a381f6603b3bc02938609a",,
11946,"0ea46fa30d610cea2e9367b2a23804f7",,
11947,"145e28fafae03a229b935fea96e422bd",,
11948,"87b95689bb03323faf917bda6aa1cd11",,
11949,"71f397505841ec8fcd63924cd99f1c13",,
11950,"8c7098a4a8678ff2430d432f158ce5f2",,
11951,"7e3f815c4077aedb7bf7f988ca17b440",,
11952,"440e0c7f91f5156869ba1ddb72ab26c9",,
11953,"ea1027294bb1265e483a2648bc97df26",,
11954,"30132b7815c47b92702f9ec15b993464",,
11955,"715930e81fcb8c43de9b9a5e0ec0bbb7",,
11956,"1e541ca8b31a8ee5b06524c1a6c12bff",,
11957,"2d68fe355359ac4610d60eeb507aaee2",,
11958,"32134ffe611e23f8b3aa68fdde013094",,
11959,"ba969d7c6fe02b2b8d3c744fb2fa1581",,
11960,"e22f83741d758ad4f798b583d1f6e64a",,
11961,"1611b18b18191eb393b5211da6ca9e9c",,
11962,"3c861b72954eac854599757e8920540c",,
11963,"b5b4be4583c316fcaa0db2d900733693",,
11964,"c82e4e137e3ac3154de789c69d1f1bb1",,
11965,"bb4e29b0f7041d917162e64b3e3d31a4",,
11966,"8ab907852fc93520ad5f0e06dc23298e",,
11967,"567b51b36635013d4817489f3fa6d452",,
11968,"77cc3a02ce256f215b7bc969b3af2e3d",,
11969,"7fe6938838f39f86a5398e90966bde66",,
11970,"e2402079496c0f6efb69e8405170874b",,
11971,"1ef818bf29d199522cabb44fd5e1cdfb",,
11972,"f090305f856ba1e18c94e94ca4de4acf",,
11973,"10963ab0f0251b32c9498addab8a3952",,
11974,"60458907bd233898fd4d592603bb3232",,
11975,"8f18bd9effd83fe239f4175b760e2e7b",,
11976,"8aeeedef5f4c014b69751966474168cc",,
11977,"7fc6535e2eb77fe1975aa10aba25fb5d",,
11978,"1ba77aa4311d46abdc386bbf01a9b0a4",,
11979,"292168321281983f9d5ac7fb92a47109",,
11980,"e1aa9dccf875ec10da8f4344c6844aa5",,
11981,"f0fdc227f7f90f016c4fbb4fde6c6fae",,
11982,"e65250078ba2e21f223603c056f6b4a1",,
11983,"e4d3b613395b25b686f46507c3e132b3",,
11984,"f9f3780ede3191896d1dc9a72c2881bf",,
11985,"a49d933384e81c2c14b1ebaa3a749303",,
11986,"a0913e2ed409169549b77648a578b162",,
11987,"9bc76ae83f9326debf728f98803a7e11",,
11988,"5ef35c26e2c5511aabe8d6e865f190fb",,
11989,"a05f56eb08033f386f960edfd252eb1d",,
11990,"8157e0fdc2a2709ba051f9f36c295583",,
11991,"1d57eef7f5b3baf2ea5de3b9d87d2c66",,
11992,"b7ce7ca4388a40995f00401c59bd41d3",,
11993,"8a27cd6d1f38c9b89c1884897573d490",,
11994,"47904717566336dda3431cb12e223cbe",,
11995,"544fcbe5a93cfa53c7e6d3ded2b05347",,
11996,"cf4b79cb6236154cd0853e21cdaa0e2a",,
11997,"6ffee1030cdba5764c55a70c4ebb3200",,
11998,"44aee7747ab09f5d1e2e7e3e15ab6214",,
11999,"adefb878febfa9c8d5dd14fcd648138f",,
12000,"92f025d6c85dab235be8c57316438227",,
12001,"31ba3f1522b886dbd652c03c5769a845",,
12002,"c519e2fbd37ec218d3adbb8e2d3b3773",,
12003,"db1cb1ee7f9ce87991eb20e5ad167023",,
12004,"e73040712b13eced2171135ddc8ff52b",,
12005,"b059d8b0589a86f0199f21e5762a82a8",,
12006,"c5cda6c69ff9b3733ece261a7a5c00a9",,
12007,"13c0177cb0cbeff91d928eb12fa53b4b",,
12008,"4e81c1deee6efec7bd94962ed2e91cc4",,
12009,"da51b757fcaae170d292081a3d08ff03",,
12010,"b2f0ff4ef89cb30127ac44556d11803d",,
12011,"7ed231f79330de74809f5371a5a93e3a",,
12012,"eb7fd3507be9d7974b7bb5509862a1a8",,
12013,"dd41f264945953984720c0588b3f0f42",,
12014,"19b89481b6a7449320c2f756d303e813",,
12015,"7dfab3bb9bc8eb1879da2afbb7a6d418",,
12016,"0af740fd06cb417b633de8db3d1621b2",,
12017,"9262e2f72f0157872fdb2ba60ce8a1a8",,
12018,"0c6a488b12ab2c2f0c5711d57b9bc91d",,
12019,"bc13448f38902cee17929c41f957e329",,
12020,"7e50805c6fc1cd5fa5f3d5955fd3d220",,
12021,"795aaeeac01c9e0feacbc3bd488b8c84",,
12022,"97e36941503fa0d04f0a5a23d6be8864",,
12023,"3498fcaad9d17839651cb3f6d1baee5e",,
12024,"20cf1ff751583f2189b94d17a7e91040",,
12025,"bf2da0119a5b3d63a4ecf75bc388a77e",,
12026,"90dc971c36434c3e91dd2c9ca75fd953",,
12027,"e24d1a11159c7856f8337c4b5dfafba3",,
12028,"f47e7b4e74bda6bf3447ffaffed974a1",,
12029,"a25b5d5fd3f91b85904d26c8b8cf39fc",,
12030,"4a8bc69e4ffd44bd73a82c36c9a2aa69",,
12031,"cd41f050f8b6863d1404369ee3a34e43",,
12032,"f5859a766415da95ad48f2c475139998",,
12033,"ebf635d42d6464308a55e5186e066995",,
12034,"53be411117c7b6802b96d3628e97b5cd",,
12035,"c31a0cf80ee35f3cf91f277450f2993d",,
12036,"b2527ac00c70a311b71b5b0c1350ba05",,
12037,"083951234c46d74e15963ea49bd49018",,
12038,"064d5055c5e3043fdaa4427443a28944",,
12039,"3ab9e17b8014cc4cf1889a0b5fa6da38",,
12040,"7c7508786fc3d2a3cd1c315a6cab9f86",,
12041,"d13c9edff676f7af45a5174b17394b81",,
12042,"1c4d8be24b32740ef3c45aa8000129b2",,
12043,"7aadd145d4db35acd03311cf59ba8bb3",,
12044,"e0b22c9741130895d9f3303f7f59b7c3",,
12045,"5a3c3a0155281b98a7dc28437b70632a",,
12046,"eb1337f52cb8c2abf5201536d5861797",,
12047,"12828d7ae6d7435dfcba8e624b21197e",,
12048,"9f6b4ef78220ac35293de014d7d028c5",,
12049,"dfac037f13bebdcf19d82546b35338c3",,
12050,"f811af9b63154c1953c5a67319cb458a",,
12051,"b4eee1ceaddf0e6db145d02ec9cc1c25",,
12052,"adfc528c4f21938af68c4cff464047a9",,
12053,"c091ba7141040e36c2b53f1c7b61fb21",,
12054,"594aee878c1ab90534189095639950f2",,
12055,"4faaaea6e738dd728bc7c9bef928be3f",,
12056,"afdf7a1fb9e6f3821e062a714dc21324",,
12057,"3e0753f71de82d24980221c6f6ca15fe",,
12058,"ce90a3e1fce4348bd3ab75f09da92052",,
12059,"8bf22938ff395d8e0d3ff769e1bfde53",,
12060,"6dedc777e3a557842e6594467356f0a2",,
12061,"2cf0e3807ba30280035ed0faf401a92f",,
12062,"0148f01215d0ce9fd84697097e9791c8",,
12063,"dce12b94c7278625317544cd419f1ecf",,
12064,"b7c4f7870f5f95526488a2d3a910893f",,
12065,"7798c862be4e59ce40656fa2adf9f807",,
12066,"244eaa225e8a6fdc373333ade9e8966f",,
12067,"6699ca059888bc5715602800733e317a",,
12068,"28b220d069d6147f70dffc31a9ed8935",,
12069,"bbfdf65b3f99e5c89417baaaceafb51a",,
12070,"481aa096bc30acd95be81c24761d110f",,
12071,"c09107d5bb63fae107def9827401e704",,
12072,"5ae3e75635f6de759b85aadab4e68b15",,
12073,"b5b766631f6a067d4f7bb4230ea712c2",,
12074,"68c65ff62d089fb507182af0f18f6b11",,
12075,"275d5e7eb463645c4bb3a47b8cd6af9a",,
12076,"233b2365dd4da544a9e94e66c303812c",,
12077,"9b3bfbca845a42adf2bfaf069d17d9ad",,
12078,"b994d811981ab1711ffcdf324d12bd6f",,
12079,"e0c33ada9133e468282912e51294a307",,
12080,"5bcb74528e9f497027408e448d7b2dfb",,
12081,"67040174965c4cf6af5cbc8e740c4e0d",,
12082,"11e58d378a0c2e6d7dbc11fe1f738bf4",,
12083,"d893fc4acdcfe477912b6b1f6f1b02c9",,
12084,"3f66c0fe3f0156dd9edc7dae0aab480c",,
12085,"331603ac019e06dfb3e2048b242e8850",,
12086,"164e82e794e6282de74bb88b83b5287e",,
12087,"e60a4927e143ec340542e5768e914eda",,
12088,"4d79fc4c070198d1d2362fa1b496a977",,
12089,"bf4c632739f3c323e764a8f4e5350f92",,
12090,"8f0bf24eb5bdba1a65fc304d2cd35f06",,
12091,"1be76ece0e3da003a3bfd8428f403fa2",,
12092,"7d797efcd325359fd265e8f176338346",,
12093,"29826b1763fcc12b48d5fc431b8cda5c",,
12094,"00bbb32d77434b8d0b4315c3a784d60d",,
12095,"7796f57b9ced26abe70568738a6202ce",,
12096,"521d83650bc8eaaaece83eec710fc184",,
12097,"878782a9822a22438e3e23933d694aab",,
12098,"8831c298e82e9bc1e240586ce210b2cb",,
12099,"0c12628406370646fc7b2802c4e78862",,
12100,"4101d8a3c73fafefb717eac3e03de0ae",,
12101,"13c213e9e8c3a03dd7d55ae2ca565a10",,
12102,"5fb01e8cd32a1a004fa8873a27fcaf91",,
12103,"f51dc85272c72353fb69f0d379dbd15a",,
12104,"c0055c687c037fe0f232193942f8ebaf",,
12105,"aa906fe63ad999c82748d196f57ffc1a",,
12106,"91ebf50fa40bd403e241410d80d60b17",,
12107,"2e34c6feb3cafb1ac6eb72cc7a0b945e","nordic",
12108,"1157522150e149262ee21cf98fa83e49",,
12109,"0db62073d7e670b1489b7d9c1807b79a",,
12110,"4878285be27c80dbe104e08ae8cb97b7",,
12111,"f3770e3c96e4a21625bc7272612113f0",,
12112,"22171058c7c8f29fc0ed9ae60f0386a4",,
12113,"3ab18f77bba30a989463207102d03ea7",,
12114,"fde36b512b491545aa0716ea574df21d",,
12115,"7c8ead03cd493fa243d5cb97064a8996",,
12116,"14488b9c76d643910c55eb1da56c152a",,
12117,"622766351d3dc201737370f5267e8b86",,
12118,"a9dd7323df0ad2616211a6d60e75e7d9","telink",
12119,"31f81dd6cf09361bdac713a7d67ab5a2",,
12120,"e63682cf5dc46f199d451da80f8fc0fb",,
12121,"b64c9da79f050b50feade6c99d7ec308",,
12122,"ddcf5b90ef694f9e8e2562e9c5a084e9",,
12123,"afb512988a3bb8c5f5c1b0d56f444ec7",,
12124,"b12354ef54abb15844776d33734e8ade",,
12125,"9e4c8bc73caf7f234f89a1da52268566",,
12126,"fe7e38f71602bb83de258114112ee447",,
12127,"c61348fd63cf11aae6252f1264b19a03",,
12128,"f00a98b5dcc3409a9ba705187d9b1f0a",,
12129,"9bab4dd2f9c5ad572445f1fbb832967d",,
12130,"b30467955fe6c6b001296bb87f87fbcb",,
12131,"ee6ffcd3ca5cd5401d0e9c73d9f098df",,
12132,"a119be75083010313e9becd32aa2ce22",,
12133,"619f2dc648fe6ae9ffa057e9c60791db",,
12134,"38b1bac1874fd5bb45817a2b9f5f8242",,
12135,"850d17dc713e7cef3cfa7b94dfeec3b8",,
12136,"907042988721a52c67d9eed229bc6dc2",,
12137,"faf8ae4ef03410b9ff5510a0268fa5e9",,
12138,"ea373517defd531c1d50d12af6037135",,
12139,"9ff16e2f4d744386a7a52133abf01dfc",,
12140,"37329697fc4f3cc010dfc6f5a1d286e3",,
12141,"8c45afbdb3cd872c9c41cfbb8fcb5cb9",,
12142,"a2e11b76a4d37acf51f983fb1ddef6c1",,
12143,"7340e40aa9333b88a47fefc0ca0ded68",,
12144,"2002c5f051169595907ab4c42b7fca5d",,
12145,"a135eea75b9babab93350e920ded1bdc",,
12146,"9c20cef2c5072685fbc2fead74b5329d",,
12147,"a9b4d4c3c2eb40de11313c8570a9eeaa",,
12148,"e86ad58d2e5380bd2c85d4a0e4ae6588",,
12149,"e59cc9de264a9c7ab41eb009e9cd27a5",,
12150,"31a6a49e1257bcc1e12471ed5ace1e41",,
12151,"39fc7dae7b3eb869e03a6c94eebd567b",,
12152,"461e7f4b2f32f1c4ef50d26f76b715eb",,
12153,"9f8b38c3bcc672b86a7e078773c7b79f",,
12154,"f8fc0c4c2a25a699b67b09cf687f7914",,
12203,"dddd8181f382bf09021a4c9fd628d8fb",,
12155,"4b6d53f368ea8137417868477b00baa6",,
12156,"b8e097380ace4ccee56d559b33527b60",,
12157,"760fa7f48d2337e158cc1360c606c461",,
12158,"70569ca25069378d5d454ea1c41628cb",,
12159,"8beb85d5022b7635df362e4e0bb0aa05",,
12160,"3fe129b3894c092383a2a13d2518f793",,
12161,"4e538e9bcdbad98bb7f891d341697e3e",,
12162,"0abda34f8735c48eb98b6c9eacadbd32",,
12163,"622e93e485f4cf1708ccc7e9027e6c2e",,
12164,"0141ed167704e497ec27303b45f7daa0",,
12165,"de8bb49bf3fa3d3914bf14b4e4e0ed36",,
12166,"d422cc4364d2bf80ead5e806d2c96b6e",,
12167,"07e83159832165cca8ce682741aa96b5",,
12168,"cdb8a91e727425abd0c74573874d7be0",,
12169,"34d22841d0f93f9fb1765542b2cb8db3",,
12170,"91ff0dac5df86e798bfef5e573536b08",,
12171,"3542d141c6bee48971cd858346bfad4f",,
12172,"bdb6cd9ce2ae778fd9dc8306f7353429",,
12173,"c81c07e8b4b08072a1a0dd8410c0c20e",,
12174,"8560e501e4cb414dac005aafbf3582e7",,
12175,"5c02bb4275a3929bf419216a45d2bd64",,
12176,"7dbdc082bfd3ac7861ebfe0f4539c005",,
12177,"e6fd88d217b2472ebd358b0b062b5cec",,
12178,"04a0d625c25cfad50f99797c48f530d8",,
12179,"7025e2c05257d8c326ac7d5675eedf3b",,
12180,"4640071d835aec8813e0bfc3929d1c03",,
12181,"e205aa9fdbd658dfc2c6271d1f940c6b",,
12182,"b7683b37a700c75316fc00c37968cb80",,
12183,"b1ee972734cd2cf72d6339666704a02f",,
12184,"ce338fe6899778aacfc28414f2d9498b",,
12185,"44a67efb82c87fefa09e273ef2a56415",,
12186,"2c78be95919e3eb1a698c42d25283f31",,
12187,"5b8891ef656c64a9b0c9006c8cae164d",,
12188,"31edd5c1db1b6df26d86e67386abf1ac",,
12189,"efd097a08c2acd5bc6ca87c7f6234ecf",,
12190,"9aadfe24a856a31c9989b13268e93297",,
12191,"503df55a6686fe13005479046f03b92e",,
12192,"07933c28f1a6c538a2f63d265bf44da8",,
12193,"2a979011eb1045f85891be4d047f964a",,
12194,"d8eef36b94b9923543c1cf2ae1c8591f",,
12195,"5dcbbf776c193c2935ea45f59a2d6921",,
12196,"ecaa0c147bc192e8227f4e2ccccda580",,
12197,"1202bdfa59fafdb02501093d15719261",,
12198,"b88c19c49f0b975be9394f047d737142",,
12199,"849cfb8b04a3241736c3ff85fd1ac432",,
12200,"3b63c48ae38e5a5615200c9e7e5f82f0",,
12201,"4b14567c2a07d20633a795a2ba2af107",,
12202,"f7de3be2d20a104c74eb9cb5274f4b68",,
12204,"0e8793794e675a0b8bf182d6c14c95c3",,
12205,"257badfa80fb9027e88ea785253e8bec",,
12206,"940031ea5f6e55e636203cb00d2a3984",,
12207,"e4e1cb2644a3a612505a7e906f1e3743",,
12208,"d657cacd951742d9bbbe74224347cffe",,
12209,"9331d1fd8f62b03ebc23b9e8965d098f",,
12210,"391f4f61404c32f9fb8539e4c06b7b6e",,
12211,"7d5533abcfeefef9a26d4e86cea0ddc3",,
12212,"8c9bfe4876cb12ae7502f3a7e6f68e90",,
12213,"76bf9ac7dd2f698fb74c4078f66c6a60",,
12214,"07c99d8febda1d7773402021c081b287",,
12215,"2ff76744817c270dd44121a0dcb4a496",,
12216,"b59e58901b937b2eae5faab48dfe4b86",,
12217,"28cd700542419b8278a1bb0b03ed48b9",,
12218,"5db114a4fb036631b3c8bf49df219b52",,
12219,"c67faaae0b5133ebf669bb9c0d7f02c6",,
12220,"ed4435ab7104ccf6c7046b288cf61d9f",,
12221,"9e08a4796eeb88e1d8ad3be556bf14bd","nordic",
12222,"e4b8cf5ab31d76fc4838755fd12784b1",,
12223,"67feac1a8f5524f95e0ec53169b29809",,
12224,"84d5d0e59b0157166984abbf2b50ec22",,
12225,"23b89321b1096bbf7e7f516079f0a826",,
12226,"c6b1940f06de7ee3d2dc831f9ed36b0a",,
12227,"e43e4d3068eeba7b90f000e8cf4af4de",,
12228,"8d58547df418315c9e0750010ffe0356",,
12229,"5a5794c0e674b2e6e34811464ec43192",,
12230,"7f5922c77552f490d3262779aa4ab393",,
12231,"ac038f0b53ead86af47f7fc6fcb7c163",,
12232,"77a9aec5e362546ee430867467e6fbb7",,
12233,"f24aa5e7309150ab594510b4fc8de44f",,
12234,"6c001c6bba82b35fb17673725d83d9c6",,
12235,"468cfa510c0a05ebc9f8a202e5bde2ff",,
12236,"02e4044179d7dfc069aa9a42db690642",,
12237,"82f89728afc92bc09e655a699d4b9e33",,
12238,"72fe501bea2391c9bc231c977f86fa8f",,
12239,"db3ec3c9baf5c7c06022b430a5102594",,
12240,"d2a069a493d8049953ebd6d9837246f1",,
12241,"34448c42e724f28d2ca549ff4303a1d1",,
12242,"510c9c34c09b0f1966c7055a56403e22",,
12243,"08e45cc942d0bf13432cd2dc1bd679b4",,
12244,"709f73bfc0aea5ad356b879694cf79d6",,
12245,"1d2e090cefc698c71a269eb2bf20cce6",,
12246,"db68244373593cc0c352c4da43595288",,
12247,"ca6db2e0829f6c3818ec75dfdf858699",,
12248,"c821acbf288dcd617856754359248b8f",,
12249,"5c6a74f19077e1a6961095dbe796b84c",,
12250,"1d6347a1db411c534e80736f8acb7941",,
12251,"113c4d344a0d8f84e5dfd8740976ac70",,
12252,"834b17c92f1e08c822d70816e1d59b35",,
12253,"976926da977203f857d702b0f0505222",,
12254,"0008b24b92bb2d9e4c891cb4a7a7ef3c",,
12255,"79ee112372221162f293221361f577f2",,
12256,"886352b5d6ce304a33295c38158c1807",,
12257,"34019d56ae27b41602d54d2c13cf588b",,
12258,"32e2a90dadb9eb25d436183a1b21b35b",,
12259,"c6a4cbf699e73776af3b10b2f73c2cb7",,
12260,"64337fbc257211724893c9e9a22d7cc9",,
12261,"3ecf2df94d78a734096899246012fa80",,
12262,"39dec98ffcfe056acb62c8e3e8dc1c48",,
12263,"4416d4d13d47a20b5328a24fac55949b",,
12264,"ba397a24595fa55c94fdc349fbad31fb",,
12265,"67e8580a76c8322589db039a949ecbff",,
12266,"dcbe77cccff5bd7beb8b9ae2077560db",,
12267,"1249c3cb11e398c0435e005c89e938b8",,
12268,"63d761d8deccdbe4f0c98c25a1b4a2b7",,
12269,"1182bd0c7b3061b36f2f69fdfb75b261",,
12270,"557fa14ae333622cf082a06b8b3aaebf",,
12271,"fcc153da49652e393dcc6c250f0cf43d",,
12272,"980ecefcaf52060b74e6f485ecf85fd2",,
12273,"98eb96ac83b172ffda431e2bb4777e60",,
12274,"dd49a245b4838a07ebb817dd09510054",,
12275,"3e64bb81dcd14ac29a05509cb74a7be3",,
12276,"c5b7d4081abe9268decfaa9826dfb557",,
12277,"93946aa9ccd63f0e4de4ce371b12ec51",,
12278,"e47e69baaead68ed57a3a81014ec82ab",,
12279,"52cd2e2b2dbc41c356ccab299db4e025",,
12280,"5898c298ef4e126f46bb1206471ebe1e",,
12281,"4e97156b36022084f7e00c1bfd3d3212",,
12282,"3bd03bfe85d832bd9add688db162a034",,
12283,"ca203e707250b2be9e29e50695339712",,
12284,"3475c55d77e4d8c6d28eba74c5bc2425",,
12285,"88aab191e4250d6afce0d5319e0d6118",,
12286,"a88508c69375dcce75c699ba43c8335b",,
12287,"ea108974897f422a25c1130ecf04f68b",,
12288,"65663dc284c9791f8997c46a6096fdb9",,
12289,"658d5a89a8f414cf8491f87fd1e00eea",,
12290,"91c1429b0981cb8804e5709dae5ea8a1",,
12291,"8fedf514fe75f2abb0bf75420be38e5c",,
12292,"84427fbe110b30503db396c61ebc718d",,
12293,"d34980653d7fc88da4b24c2a836aa6b1",,
12294,"7e343ebd3d4052ad868d907fc961dc1e",,
12295,"a5bd5223f8d1bcb630698e9638414bb3",,
12296,"12bced98e7572c69b9a1167d4257e791",,
12297,"4a5b9634a888b649d19338a480e4a9ad",,
12298,"56ba85bb4e8c4bf742e8c5f335cda65f",,
12299,"e487d79debcafc6842dcaf4a69398a72",,
12300,"7c83cf4384b2b3b98a6b46ef81de2c8a",,
12301,"6f206516979900a77b0e10587d3d626d",,
12302,"d4888d177bb1415cb1497f2589c97802",,
12303,"541fc872e05dbb7af63758bd2507c924",,
12304,"63f08bc027ca6b6ea6a756e431f13c4c",,
12305,"2efbdaa8b0efc509eeaee3e81a317103",,
12306,"44951f1e33ea55d4b2d51c2811c938d4","nordic",
12307,"b108f2bd4350fcc9e62d14603123e29d",,
12308,"137319b9041b5023488ee12eb6ba3f9e",,
12309,"b0f3e35cd1cc6e2cbe83dadcaf950f88",,
12310,"2a9bff76db1beeafdcfdc3fb1f056559",,
12311,"fdffd00acef2dc7173423a50d7dfcde8",,
12312,"a42a8fc363915f84e8aa2fa915d3ec4c",,
12313,"97bc462a7df6f31cf22ccf6d6d0a59db",,
12314,"3db24cd193c2cab3a61e3a605deb6c9b",,
12315,"fd094c41ed52d867bea08a338f386b0a",,
12316,"04611781bf74d68ebe6d38108727c54e",,
12317,"ac6319219349a2a08fbd07e08a635ada",,
12318,"257756fc8f3c8be080676f912265b38a",,
12319,"6144cf3ba65e7f7187abf00134d7ca60",,
12320,"1eb606f30af72bdcb02e58673f88241a",,
12321,"d211977eaa77254980818f216f040ab4",,
12322,"50483d94832d575e65f686d92aa96dfe",,
12323,"ae0045ac19b6987fc2895a217b755311",,
12324,"18a97234263c13c80450bbb297ed2743",,
12325,"5cdde17627f62211ceda9bba2e41f6f3",,
12326,"255bb0152bdf36aea9231c7a163363b0",,
12327,"ecdc60105a64c52cda4ee46d67256daf",,
12328,"df35307c61eaaf826f62bada432d47ee",,
12329,"bcf64f88e5e93991d3dca75677fe511e",,
12330,"8039fbd89795764000b62bd52fcbf69e",,
12331,"631b133b5a0a16d46531e47dd7f0c5f4",,
12332,"9ea6b4954f1871488bc573ba969bc9d2",,
12333,"09f9a1054e1d772d9460667504f71f5b",,
12334,"826189e39a525e11cf15073105b45b82",,
12335,"99bce75086ea635a2f8288d9b835f787",,
12336,"8d62ddb44e110124a910a44dd9580738",,
12337,"30833d68ff00107e4ae05bf7b30ec9a5",,
12338,"8d3235b16adf7ca3b2855b7127a35cde",,
12339,"9e1f742cd243e108f3284331d54229a7",,
12340,"67edd45d8e1206e9892566dc0a0b844c",,
12341,"392306d5028bbbc466b7dbe793c0a449",,
12342,"7f44614ca186c0e230bdf0f4a8da4cd8",,
12343,"f596c018cd1755414a150c00bc967f21",,
12344,"efabd5a2b20754b047a3f7f5203819d4",,
12345,"2ae72af95d8c919df6a7dc7bc300f4bc",,
12346,"b9e8549c7623fc89218a8bf13f646613",,
12347,"0dd9443782034b793e8716c0ca17289d",,
12348,"289172a4b629eb33aee196adbeec878f",,
12349,"9e637212fdb792ad428cc5634527783c",,
12350,"42087d1287ad51f99732727752336710",,
12351,"5f9e448a90f6555b3c6713a0f865ed2d",,
12352,"49ae15376f360b3e547a1905b1289d1d",,
12353,"5849811bfdd355f6b4be730505b0825c",,
12354,"e566d9283e5d2aff083b95afd515273e",,
12355,"8f357efac4d360e2e620261e43ecaafa",,
12356,"2d8b4506001ebb40734754292ec82b9f",,
12357,"b442f14e698157885e0f73af4e456ede",,
12358,"d2bb166c615cbbed08a4e5a5bb2ab3e6",,
12359,"e06c4775814587c170f92615ee68ee28",,
12360,"435ba5f0bdf7ad08083cb007390b8619",,
12361,"b1ea0c40dd8a51c530f8a0cc38de038d",,
12362,"75488a1507484d0761b31469f89e5f50",,
12363,"7c8e931640235d6166214033beb0fb14",,
12364,"cf2afb151618271b88ad12b83447b4bd",,
12365,"6694463881f194302d468e294059cdce",,
12366,"23ec6b9c9c66dbd143a391f1eb45cd2c",,
12367,"3f7ad9e0f61fb1381c3ab5d6f469e40d",,
12368,"941d0710de5be70dfcc83440cf95feda",,
12369,"14f363576e684d5bbab1d4afd59c2a23",,
12370,"323f3fe4471e5ac5178afbb4082e5836",,
12371,"ffec272a02fa4483b51d5aad012d8ab8",,
12372,"747ba8369b355399044c7182aea20d33",,
12373,"6eabc03d98c5da9fc697bc71a00b04ff",,
12374,"c7f8bd8a9a540f65551aa0fbb1f7e76c",,
12375,"f6f6096b731538f17f72c05b40def082",,
12376,"d90e62eb3a1071ad697e72e580971be6",,
12377,"09436ef32acb1e47b0394d36398540fc",,
12378,"adcdff8d11222de63dae9ab2014c70ab",,
12379,"470854fb154e4b192724486cd3509fd0",,
12380,"de7e708ce858301620b6720904ab9eba",,
12381,"d757ed3de4e410b2f7cb0aa7ab592dc3",,
12382,"5fada3ab610935b7c05eb10a244befbc",,
12383,"9d50662c6f70cef5c878d7d232dc657a",,
12384,"fb3226efc2ad4b7ff4530c66787081b7",,
12385,"3c240a1f1e356dfcb4929460115ac686",,
12386,"68d56e5b64604195d68ae26108e37da8",,
12387,"d819c751fe5a74d28576c6b3a8198ce0",,
12388,"f32998bf4b0327bdc813a8a62fc6bde7",,
12389,"ba2c37d6af2cbc85775e99e02f59b2a8",,
12390,"6b04adad24b3365b6609b58f4a2037ba",,
12391,"a68e7588b19f3d388d42b79e75ac1257",,
12392,"9fc450bf528db56b72b23c1bb5446ece",,
12393,"98b704b2aabadc82da730c919caf225d",,
12394,"de9c26c19ec97261a011658a0771eb91",,
12395,"b22eabc04e70561c1e959f347818397a",,
12396,"0cc0f0a7fa3a235c9902351eed9254ad",,
12397,"d4a979efea3ad53dabf2ec4f119e22ed",,
12398,"e6e0101e06b0aa357288a7728cf28f12",,
12399,"5eb895edc86e8b45714d3eed7b750ad6",,
12400,"3a71592a7a327895e17eec22be328dc1",,
12401,"569ac379b1dffb87397d60d3be90de5b",,
12402,"1bc1c9136fb8f86d5a57d194d7a8dc5c",,
12403,"eef8ec29f8e6c0d794ad7bea40bbd8ad",,
12404,"fe9212d53aec6e847d7e308c8b24fb97",,
12405,"55900f29c58445a18947810b3a28a950",,
12406,"dbe121e64332653d839fc5f11966bbbc",,
12407,"0bec15456d3b33a1be1e45abbe2f6ca3",,
12408,"45b08cf76930ecd978d9d9079818efa5",,
12409,"5dc7836a09063d0b071bbd62bc69d77f",,
12410,"e8f3f6f79da90ace9522c31709f6d148",,
12411,"2bd525d61374f36a466cf1b01f3466c8",,
12412,"5036ec4c86fa35a49bcc54390b629fc8",,
12413,"c6f551802fe931e3f414e37e2837a1b0",,
12414,"fe8a2799525e315ea8316cc182536d6a",,
12415,"865d9dda58312d209448252543f2a841",,
12416,"78c042cd3e3426a631dd867bf923355d",,
12417,"e73f073f6bc42719e90f41c4d61d4d91",,
12418,"073fed148756193bffb3d1fec81c7d23",,
12419,"a1e58ff35f529b1cdb639751f8cb4cce",,
12420,"829caacec7f1c0319eca89125bcf0efb",,
12421,"d7f88e275a2934b8e01f1af856b07740",,
12422,"ec60fb09905f3bd48592c250397f2323",,
12423,"cedb403054d2f419aa3a988725a9c387",,
12424,"213e884df1cd773cd76de45e838c1eb0",,
12425,"ed84105c12d96e738bf4f3948512881e",,
12426,"228df21cd549479f898e6487c604a288",,
12427,"28e2a71cb130fcb1af70bcfce50f4abe",,
12428,"b4477dc831f63612de7bd4994af34fc2",,
12429,"d1f74499dacb8db85563b855581f5cff",,
12430,"1a1b016a236db54a326a1e42261c2328",,
12431,"8fed61b65780dd36097ffa5e9bcf13de",,
12432,"abfc3eee7c017c0d8d02c4df4a4f68ec",,
12433,"a291d177203e882872ba809f82010077",,
12434,"5ea17cd59c739bbbbf31c5c1c471a3d3",,
12435,"d819ed66b1657d36149471b77d7527c2",,
12436,"ffad820c0e7035645065e688c519e82b",,
12437,"9b8b6914fa444cfb86ecb0ae3c299d38",,
12438,"24712f3b61c8ea71c08d93002a6bc27b",,
12439,"6adb2cc096149909f38deeaa61242d3d",,
12440,"9b7f5ab8be989ebcf1fa3156ea4c4a6e",,
12441,"1ffe04557099e014a49319bf1964ed95",,
12442,"262fea8e81be796e7b6b2418b0eeec90",,
12443,"3b2499b970689b0ae170e5975e25f669",,
12444,"984311b7332096138a27e810724596a7",,
12445,"c32ee9cc1192b8d608fc98f378fc1858",,
12446,"814f984a6b29df90452d1ad63bc6840f",,
12447,"2c89309e60e3218e17df3807b2e2f6e0",,
12448,"6347dbb4c4e03e7c4ff519108281450f",,
12449,"dadb79e9904fc8af96e8111d9cb59320",,
12450,"e69b131a376b1f6196e397c1d79ce704",,
12451,"cbbeb52467ce50e983ba4e0c2a8ff737",,
12452,"cb70e366a068abe8592da3987bfae367",,
12453,"38040ad01ca4f1b344f9a8e3a3e1c9d8",,
12454,"58d2a3171e5342849c1db3f84ce0de27",,
12455,"430142401c7c202c5863ef292c411e7a",,
12456,"a734b2c6d6a7b7e9be557fcb2d51bad2",,
12457,"26da8867573649cd45b56950d33f0219",,
12458,"eb7e31af40b853fe1fb2cc99cac109f1",,
12459,"529c8a6537c35240d0408e9a64754441",,
12460,"04ead5dd72e9d0c1fa87aeccb20c91f1",,
12461,"88fe53222ab7314327c9aec87d375914",,
12462,"9c5334850c3f5549fe4b9673603a61f1",,
12463,"b637df855b5cd78d68718feb52e15b86",,
12464,"f7651106f83eddfb0259b118dbc15eb1",,
12465,"936af0cae0484350918f48cdb0ecb722",,
12466,"238fb9b35e9396347f06e9508628ae11",,
12467,"2c07c45742811a0ec1df05347d2554c8",,
12468,"a0c06d55e6c25f778bf3238936872989",,
12469,"65fc4908730d418043de0d706a7a81f2",,
12470,"fa18692e6c5be6b6abaf3c67efbb3d36",,
12471,"4b3f50985190a909db15e6bf27dbba54",,
12472,"eee6da399af38101b6c001f3cbb0a21d",,
12473,"1666acaa2d90618bbed53cf73d76d557","nordic",
12474,"94422b61a7a0138ad623b18560bc9a8c",,
12475,"0cc7f8b4efce49f7bacabf3129509f77",,
12476,"0aee923630264246d13fae097033d53d",,
12477,"87a0cba1e6cc7f28f3a2c99d990b5c8a",,
12478,"5387e64953f0a944ce32f4e2783b992e",,
12479,"fa24086c305cd938ddc54fd30cac0c53",,
12480,"3a3a455289c8c36b97a76b95d1dda5cb",,
12481,"fc5ed184547872205dacd2749e9a3290",,
12482,"7d486c2e0989e099a0922f3127061f8f",,
12483,"0de7bc5111f583dbcc555eaece07042d",,
12484,"67bc711965b313fc0a0f4cfa8ddee6c4",,
12485,"6e626c27f8b695dfff38d4953225db9b",,
12486,"546b72bb6afe9f8a143767161af55a18",,
12487,"28c03c7f997384d186f2373a52295fff",,
12488,"ac1421d1aa8891379e8937f5d0252813",,
12489,"46a7ad9b2ffe89311ba3c6ab71f55c46",,
12490,"9eb3fbe6016973630196f8e8c7633d0a",,
12491,"d024ee787705bedc17fd669ca87f995e",,
12492,"b3d72578291aba513ef75ae96867970f",,
12493,"08b33c1f6220921c479d96d4cc8547cd",,
12494,"a5756379567245741372c2192620a98f",,
12495,"d85af9f6053dfaccf49ce82cb50bcf19",,
12496,"5cb8af4774cc00010fb18f9cfe365d14",,
12497,"bbd97b2de2060023f990bbe4cf63ddd0",,
12498,"2d9a742a8e7dbff071d761c5f6e360a3",,
12499,"1625884b141731f019ecef660149ed73",,
12500,"20d1e8e8376266649b801b9d3d8392e5",,
12501,"59e0dc0f24d40e3d1b124c0c85142a4c",,
12502,"b39241559c7d0cd2f2cd2a8a422be885","nordic",
12503,"c78762d9d3f6f35563552afd7dd6eebe",,
12504,"0f76a3a5f1424a562deeade2f9e755fa",,
12505,"733921a67de286da263dcde2900fef94",,
12506,"f3fadd7dd73477f124da12b31e3c5a9e",,
12507,"2f41a8854f5581262c46ad1f9eafeced",,
12508,"d27fd3d6750facf7c168ab0be99403eb",,
12509,"f075982d387c9fec39f7b7c5113f0664",,
12510,"380eadc1c7a636b2be0fb218c4c3edfb",,
12511,"69900687ac441aebf28d93c06a9ebf7f",,
12512,"b094e79a1645e3052bb9307ee314a225",,
12513,"8cc26488a3129de72b965dda6e2bf2e7",,
12514,"92240144f10277d3af2e88bde997edbf",,
12515,"5b223cb7059fdce21c4835a4d166cbb4",,
12516,"a32cb05662d9a4964a4b5245a4e667e6","nordic",
12517,"b235267ba594e02e51b3bfe6808249ae",,
12518,"dab325e7c19e93ea80b0cb8b3c14635e",,
12519,"07c74ff9bb85c5a3e23292e93f20019e",,
12520,"991649fcb8f2edca9e61dbb850c7ceb3",,
12521,"c65d5381934a19f317de257781816cc3",,
12522,"181b60063338bae427ba30cfc63afe0e",,
12523,"cdc2d2be4b948b744dcde9f5b5b7c450",,
12524,"a8ba6ab85ce6db4e1359fbddc3ca8151",,
12525,"1f53d7c52d9f4ac955284d89493df729",,
12526,"7c0705cd981bbe1ad88161fda07ef649",,
12527,"d50f759931943a8b3e3af1ad625a540e",,
12528,"b3ae5d4f4e952324d69098dd9be57cfa",,
12529,"4fe0f4dafe21f0efa6301a888eed4470",,
12530,"f38281aab299b96c0f46b530d67c4f13",,
12531,"37e6050cf4bb87f5be3be5d047bc2cb4",,
12532,"b1d241afeb4781b095b8a234f47b79ba",,
12533,"af66b5c6db316910b1037b1efc51b46a",,
12534,"ae2202794c9c6eacf3c6ad839eafa233",,
12535,"4941a33ca6deffb5afa8938798056814",,
12536,"b328cbfa6f682687cc7cdc308260f6fe",,
12537,"98c08ceb933b5e3957fa817deac311a8",,
12538,"229137386bfabb425f8a85e38895a443",,
12539,"43d53d779f4df72dfef18ffe140f46f7",,
12540,"d23b4fa87fca196e5738e25d1b69d027",,
12541,"b44023c4abaff5a6bbd264a4675ecab3",,
12542,"6f8d4e689b4ebfa2c1656570c52f3b5c",,
12543,"4dbb243f78d7d6cf4f02fe430be8095c",,
12544,"64e5ed01ed1ced16655fb0598f5f75d9",,
12545,"51b5b54a3ec4391e1189711303489713",,
12546,"a1c3b492403cb5c2d5442c6912c99b38",,
12547,"83dc91c3b5388066affc7bce49be96d8",,
12548,"ca64e6277084350a0a555cdca0555586",,
12549,"9815e6127eb11503c7b612de0e80d5b1",,
12550,"3cec791ad112617bbad4573c7d88e8a5",,
12551,"338e8b1062a3272a4bdf32f2944dd1b3",,
12552,"9d7d7ddb6bb3db453defc65c7a776dd0",,
12553,"bcd8c7977de60a5bfa31b1db1e09425c",,
12554,"b2d099943b3dc2a6ff05bd0396fa5ede",,
12555,"127ad2736796eb3c68d9834ac214944a",,
12556,"eb5b6a971c732795c917cf8cbb73d428",,
12557,"fa959923afd31ed20f06c00004aff9dd",,
12558,"f57582632e6d13d6aa27b239b97690be",,
12559,"635d88890ff35af7ae9522214a0d5814","nordic",
12560,"4ce7ed52d9f8eeedadb9097a762e4924",,
12561,"000f33628f8854a6ee70baa49ce56b17",,
12562,"680357f0397770f11e4694a1d1d30754",,
12563,"17005aeb5f44bf01820c47b7f19fd462",,
12564,"0fe3526fd6def37f7a747140e9283b83",,
12565,"6be3adfc2513d84726959ea0b0b10114",,
12566,"cf0e34e042985a0488ff66312790a3c5",,
12567,"a724465d611332112c20d3dc62795d46",,
12568,"d588a8bb5f2c838f8a1be3e0ad0e6d8a",,
12569,"fbfffe30a06214a9c83de38df16095d3",,
12570,"f253dfb27a2b75d8ba76d3ec67406dc0",,
12571,"8cd9e8cf6d1d45477753be5fb006230a",,
12572,"8bfd423783f01259f40b1a01edad6fe4",,
12573,"36c789109825a94a223cbcf996f1dcc4",,
12574,"153136ef03712cbae3c782ffeeeb68a7",,
12575,"a6709fe4241690413007b8ed7738a2c6",,
12576,"c0b7e8a2d5d24989dea05917bb999b86",,
12577,"69fb99914f650841d4d50a4da4593419",,
12578,"443143b78f98f28e25bc30abbcf3f23a",,
12579,"1188d7f474c74cc6a4324ef74df3be98",,
12580,"ac00d6b8ef320c93491458a24b40fd55",,
12581,"2ddf8e0687ad324fee0c59ce0866350d",,
12582,"2e5f931f5723f7024e6154af5bdbb026",,
12583,"3bbb23804b2d082e7b222bf96b7d541e",,
12584,"40fc64945cc8ca7dc31bfa417f2c0578",,
12585,"59df27e0e91d1f7f634c95c2b766e9d5",,
12586,"db1313f50a1a6ce96d8699d009ec8d4d",,
12587,"16ee0569c073a10d68269e4bb1605475",,
12588,"612b7f438fd21f646fe31d6c3dcee203",,
12589,"877faabfccff0ab62cd6e5c5c75c8bdc",,
12590,"2502b4858d16e874feef487f092a097c",,
12591,"12046eb2b795a14c3632dc985c8221f1",,
12592,"7fe060c1dafee9f64d2b221dd467b37a",,
12593,"581e4f1364f7a98e89e8817ae94a91cd",,
12594,"5d4449bcc9606bf69a789f5c073c8836",,
12595,"2b7b44f7d667c3d535ee5f73519d8cdb",,
12596,"debe5ac3823040186cccef49ee2c25cd",,
12597,"cf517b1549b3f30b83ef4451570935e0",,
12598,"62e582683f48d7e550f5b053aaf71cd4",,
12599,"ad913b620ae159560a830ad285e1cbf8",,
12600,"8be3e5a024dc420b7a64a8b9adbc5cba",,
12601,"6074b09c20bf132768ff36bd705067ae",,
12602,"09c729d41abde0d46286f5d2ff7fdff7",,
12603,"df97928300ffa98d0293cb49bf1433c6",,
12604,"e3e1380ee4ecf3b8a5b877e14173c812",,
12605,"9f82537c619a2ce6a8068bd1fbe050b6",,
12606,"ae653f86e0fb02310deea98070ec81db",,
12607,"92e3f775ab0d49bc8519389238e6aa75",,
12608,"2b8fae8dfb49c208b814ea9ff99d1099",,
12609,"ff2799bc0515dffff16d504ac98d77b1",,
12610,"a8bf7594f56de2e3f8a83cf63b334e8f",,
12611,"c5069c612b6acdd789b14090eb62fdd6",,
12612,"111c05b1ec61045fdfee30bf1edae11a",,
12613,"63159b7aeea67330007735d169c4b59c",,
12614,"8af21fff4d5243812f0d953cbc6acd65",,
12615,"be37ac53adeb935f851c0f4ef3e20ba1",,
12616,"90d3ab93a2dde413b90d639ceba66b6c",,
12617,"cb42310997d59168e9937c9098858327",,
12618,"9e61912d6b06c8847622739bcc42a8cf",,
12619,"6f0dd5e8107d752c65db8b203458eb93",,
12620,"85b83a1396018ab2c74868fbff1f0e59",,
12621,"42069d2e8978b87a0b9319a2caa32d41",,
12622,"11c83b04dae9f7655b97d92bda0d3b74",,
12623,"21d3ba9c32e0c28ac2eb585600fba8d1",,
12624,"ec870970a9f4b0c2a478a02011c677d7",,
12625,"59d5d3d19a579657464de79a921d37bb",,
12626,"ef76ad9e88d7ce8a2a7837d7decbf670",,
12627,"31b3444737a12d4995c3d8371163c0ec",,
12628,"959a7e2963fe9c3d08046a7b44564f2e",,
12629,"ade1d57b28b86d8f254080748cf044ac",,
12630,"97862a3fa25aa3f5620bc9bfb43fe9d9",,
12631,"7780c8e6f0a46ec2601fb85314683110",,
12632,"f21df9079cb018bed8d36a1df85eb3ef",,
12633,"4378a40ee97c95a49ca25c10a3fefcc8",,
12634,"782f3ff9d84591bc34b328d1b399cb12",,
12635,"cdfe41b270cc986d035e54b35fb9ecda",,
12636,"18ef135ba6ea436212605af312849e7d",,
12637,"a10529db26bb7164b1e06a15a2dc047f",,
12638,"8cdcee26204d9b9186dde889b23fb558",,
12639,"afa798a7665d7e8b375ea3c82baf9470",,
12640,"54ff1376bb49df55986706972346bf59",,
12641,"4df1e6988b3cb7fc911e75a94bdd3045",,
12642,"dfc403e675982035685267c1d209bc97",,
12643,"b3abad4adf961028346c1d9e52ec739c",,
12644,"8dba1e4d82114217f3a95fdcc510c53d",,
12645,"1059ed4f66c1d9b85f3bd6a9fc7839e7",,
12646,"877ba3ed5a2db1cb3ddb87b860b2a11f",,
12647,"1f05fe176bed6434599cc624bbbc3df8",,
12648,"76e03fdf1d00954494e90887c376d5f1",,
12649,"f090e49244704e25714c380a32e047d7",,
12650,"baf52c9d887fb5466db0d4e895cc5104",,
12651,"eee359ad406489d30855591b6f3ffd93",,
12652,"7e9bd77f23c2bdb2eae36d2b75b5bea0",,
12653,"c81ea8876edd4cd4852dda20e290a2da",,
12654,"57b3c276a4ac3e5799153523f6f83b00",,
12655,"1c8ee3c8f554c6148710b933a8541c52",,
12656,"76f19c249dfdbc9563d24a71c45487d5",,
12657,"a2e2040f9631d6d7ad72004cc83d78ea",,
12658,"56628b07dd7daa73561ceb95f97098ef",,
12659,"19488acc4f7ad6e1418ed1fe09de250b",,
12660,"9d0c3a9345d193fe6e82f284a3e5ae72",,
12661,"88f15466b2ed2001562e9477ab1bdf56",,
12662,"ba7cf5b119a6a175fb11b1f54f0ecb39",,
12663,"d81aa87f63df609211318fa7254b8eca",,
12664,"bcb83b37c0b58e4dbddf4ced88c0a7da",,
12665,"7b8d9c62ad16a4307bc39654956603b3",,
12666,"4c7325b7f79334c8941cb8a5ae7eb4da",,
12667,"1079ae79d5c7d5c4f2a880e07535f529",,
12668,"b2f351c53186b0040de680f66db87b77",,
12669,"f667fc770a04c441eeab6c3803c8b9a4",,
12670,"aca0410c3ba5be41310a154f81e99de5",,
12671,"a5778137b00eb4272b4d25a8ba8edd95",,
12672,"bc9b4be101eb503c126ceed9533a1d17",,
12673,"15fa663cb1642b25cf4d5bce1ae479a2",,
12674,"d41d85bb5e8dca39dcb3cff8750e5ea7",,
12675,"02c49649b5e5ebbc6785a84147eab94f",,
12676,"6595be3eafe87678b5b03bb952f753eb",,
12677,"ff03a8f47ed1da3fa25349b2587c04eb",,
12678,"075a4631d204db7e66c805fc79917ef2",,
12679,"243901fbbfc6f9214cd2ffc6a7be29c6",,
12680,"bb460fd8dd3a33fdc4dfb5f1ca815c07",,
12681,"32bf1bded6ebec2a619e4469497b7b83",,
12682,"a8163137b3638b57c1085a0e722383a1",,
12683,"7ebc6e7d18c71cbc2ea530763af89fe8",,
12684,"f4e7947beadd026ce53fd744bc50ed2c",,
12685,"47c98e3ee637ebac0e4f5158e6a4b01e",,
12686,"152ff8179ccc5dd359ffbc6d4ba45281",,
12687,"538a7da46560ccc80fd229b036b321a8",,
12688,"dfeb273ed246de7162e5b19149061392",,
12689,"59ccac69dc95a49d76541a742613bdb2",,
12690,"359e3267c9018b3c6500f0592d2bb42d",,
12691,"2a94066e272c833c8973ee7a3822fe2d",,
12692,"4790d1cdd811b8b46fd6d08e2556230f",,
12693,"9de17812c8fa28202c16bb0c13476623",,
12694,"707cc7e0010a9151b803d5355a74d121",,
12695,"b5b379a64fcddcbf1761f7b5f1439a1b",,
12696,"8fcc7baa3f36e8ec94f21645cd0b2c91",,
12697,"f455fa4b6839ad05110b955353ca56ad",,
12698,"3ee9c77f06d0e421bf8ed98e94997e4b",,
12699,"ea16ffda9eee6464b158bfe0c3cc9219",,
12700,"b959d177dfbd9796b77ec620019cf7a5",,
12701,"cf8d6cbcf1193cca8e2d9ca54cfdaf88",,
12702,"a4a123ac4b638b4a5a7ab7dd7918b2b5",,
12703,"43895302cd1c99f62952b0bf315829a3",,
12704,"0cfc475e679b4d92f4a9bd5d2be039fa",,
12705,"ecffc21782d5fee74aa532a7b4d5438a",,
12706,"ff4afea5f0237100539de74f7f583139",,
12707,"efae8692892f58aca11d7f0b89a8fc19",,
12708,"934ce9e7b7ce8eea79196b328399a3eb",,
12709,"73ef882614fcc9f64f84bfbab7e04a91",,
12710,"6e569538d0b48ce0fac88ed79636d34a",,
12711,"42af0d71da73a157a0dd55cec0f467e2",,
12712,"6475f89a3a9edc8531d00167e7c33d2a",,
12713,"f5ff83f5c62459cd25ded11b41c8dce7",,
12714,"e70819d35dd3a142c813af318e2093db",,
12715,"2123edcd7fc1a5d70143d8884565e978",,
12716,"e9cc327a4af214705c8fe49f0b4315cf",,
12717,"32af736474def7405e8c37b51b797aef",,
12718,"c180636e223ac7f0b6ef3841a8ec7b5e",,
12719,"9d13f988631045140861bfd94d3eccd4",,
12720,"44daf236262116faf993bd74c9fd9bda",,
12721,"5e6e079252159d1960080e170eb96e4c",,
12722,"1eae5e46af8fca572dd186f63296430f",,
12723,"38dda14b6b47e4946211178efec39c52",,
12724,"312b165631007fe15106c32402a21047",,
12725,"cf8d955cec41cc5e6ee5bfe962d1f0bc",,
12726,"9c8d02404d9b79f493ff64f7a8fdc24c",,
12727,"301f901fe1efde5fce3b95c7a25f5634",,
12728,"a2b899bbd71712f609dd53e99ebfc96a",,
12729,"6dfd90b6f8c2d9399ae07e0c2678de50",,
12730,"3a22e52cd43361b387a82affc6a9c3ec",,
12731,"10de631750f01a1796623358d5dae401",,
12732,"b5dad3e66441dd5ef22bd9b9af16811c",,
12733,"f97bcb5988dce5c3d5090bd76723c968",,
12734,"f9f9b98c045dc1091290c46d59b722a4",,
12735,"d3b29ce71f84af9b4c487c280ce87b50",,
12736,"0ca94c5f55dfd8b6b747f0b3ae71dad3",,
12737,"74762e5260756a7e7d53b448034da5f8",,
12738,"00408ac80ac7a1885c2e479e7b4bd99c",,
12739,"1bf13c5354b1cc68b32483f36d6df670","nordic",
12740,"7c96e582d1ad54337fc675093c9c9929",,
12741,"3de77bdedf637c45871b9e66f8ebf53e",,
12742,"fc314f80b2359f71b5b6e966f1d50e0a",,
12743,"142dfb0e0e8326a0008d30f2161fdcfa",,
12744,"ed9eec88c93c6e18311456f31f1e5cb1",,
12745,"a9ba5c95eb576b6393546c2e4ba21dda",,
12746,"43aa22c0a7359ed17917fa30d49bf63e",,
12747,"a1936e223cbf1e5f01991ad5dc8cc81d",,
12748,"1cfb9f1cd43f840cfa11f4bddfc3dfbd",,
12749,"9da7d1470a4f9900d818d37444031b2f",,
12750,"8998069adbc60caa50ee7a92852caac0",,
12751,"bde51293e5828d5fbeba7fbb7b09bebe",,
12752,"34263094111c2571ecb37160c6f3fa1b",,
12753,"967cc3185965a163338ff67ab8b0047f",,
12754,"9e45524670c0bda6ab9eefa9d700941e",,
12755,"e70e10092568b176e97bc66503ef6402",,
12756,"12d35a5641bbaa8cefe3bd12952454d4",,
12757,"a7be5ed222aa4b345e02a7a56ee304ba",,
12758,"655bffb0a2cde64b177a1a7622959e9c",,
12759,"acd4cc2c5831178bcd3ce24822e90f33",,
12760,"013a9205adde60d777da0d93c2ecc4b2",,
12761,"25f1ff8b0b12594d740981940f5939be",,
12762,"3d0d8c4f03c0a2fd03d2dde8375b99b6",,
12763,"59823b82b1f72bed9b044e8cc78ad65c",,
12764,"42566c603aaf575dc12af8a338848082","nordic",
12765,"1a8634c3c3a3c18a629bce106b3cd0ef",,
12766,"b509516da6a293656bc855403ef332b0",,
12767,"e8aaff4105a1d4c1701f7efbf0fd69fc",,
12768,"a7849f94961036bc69dc772b9e88c31c",,
12769,"b30be58cbd0a32d7cce3c73cf79f6692",,
12770,"b44807098ba26e52cbedeadc052ba58f",,
12771,"4f7035b262446967d5a9d9f7f315a2b6",,
12819,"9ca425fee2100019fe85445aafb1ced6",,
12772,"c767abdbb1edc5be4d42c3c77742e9fa",,
12773,"e77f1fd7f094e96fad0e604d9942ea13",,
12774,"18f107df1fbc5ac3857ded6dddc058b0",,
12775,"0cd9947a13deb9a2275478e06adb8bd2",,
12776,"3dd951aac83d57ce620ca0ef73e8f588",,
12777,"e4c8dd2c90a1b223185b8b27badfdf5c",,
12778,"212f0d7ee24c19e7d26f9b431be2fcb7",,
12779,"0403f10d8489a34c24493fa8dd2fae18",,
12780,"e425cb10581598a1ef77737ffcbb91c0",,
12781,"bc254c54621925077616579d1e16ba0a",,
12782,"824cb7656719a5cdd0b74538495da30a",,
12783,"0aad5f91d4db439c2f6409560f069411",,
12784,"e799376d97a0f404986bd1ad4c074998",,
12785,"419b7dd4f1e6dcb2554b858039aea1ef",,
12786,"8cbe806bfccefbb0b2af386e30b4fefb",,
12787,"4ef501b15aab062c0d0e99d779879cbf",,
12788,"07e5de7df961b4b9d5afac518458851e",,
12789,"fe574d8ddba91d9198be3a5b97886bce",,
12790,"b769fff307ae5d86b340a0085892ac98",,
12791,"579d27c421b08c60a51f1759371732a1",,
12792,"c539141bff57716b1fea75433ba26d3d","nordic",
12793,"a5dfbc03c9a7a73f7aa8d0a94a6d9426",,
12794,"a5a1fe1ac5422724dcd3bb6c102fad01",,
12795,"5f6ea7d84ca4cbab8dc2a3a05884f0a7",,
12796,"cb4242c88e47256526a2bca80fdd4f6a",,
12797,"d0a2b5abf95655714bed2ac02ddf03aa",,
12798,"c3b436866d35fc76963870cd7be15b98",,
12799,"7641070b2524a8e921831bf0ad90bcda",,
12800,"dd60561f094b92b571b31cf2e45f000c",,
12801,"caed7bb194cc18eb656cd153c9d10f59",,
12802,"41c3117808f8c78226d19af633aae42d",,
12803,"7f956d961b15b488b19f8c40ba1048bb",,
12804,"5a7876775f7c7631936225fccd0c8968",,
12805,"80fbb56c3984b2bceaaf20b290597f0c",,
12806,"e8010c6f3206d72d500f926fdb06f0de",,
12807,"70df0e60f255936e3a086ff4a459b688",,
12808,"ddb99a51f9358e4ed194e0bae85ec71c",,
12809,"e70886fe7998f691a5e45c149cc9d797",,
12810,"4616c97c776ea6fcdb062f7e65fa6cdb",,
12811,"44b13e2afe822657634ca0f08bd8c584",,
12812,"a8a6676ca382fc886fcaaa045ed29c76",,
12813,"d569e0943e89bf606fee0a4a7a335803",,
12814,"8dfb761e974f3ec4dc058f2c9d2cd219",,
12815,"56d47f78934453d2296b06315f046201",,
12816,"ef51d77530efa6507b215f90982d2a60",,
12817,"654ce153bc60b202bf0cee93fac34c96",,
12818,"d270e3a1ba3dd9e7a6081f810b4c7ae0",,
12820,"9f171c235c95780a521eacb40700c9ce",,
12821,"a4289b9fe9ac68f7bf96bce4df065644",,
12822,"a7c64ba4eda29f6ea027558d687e7234",,
12823,"20991c0b69759f6b80b720c5a28978a9",,
12824,"03ea375bb263bab9b37d36a59042282e",,
12825,"a18e768948906ea44b3af759f7dfda45",,
12826,"ccd8704fe9d7abc4e7f351875ed6ff8b",,
12827,"65a0f60df39df6135cac6e71eeaabe82",,
12828,"cba3cc81ad4594e7a263545d00bbd001",,
12829,"cc03b87fbbe4efc0be6b0e422eb335d3",,
12830,"a29d9d452b5c735d9fbb681291ddd2fc",,
12831,"4091af79f41827145b00689fabd6467b",,
12832,"2b56581245a314bfb1aacc585b471b32",,
12833,"b31db249eea9e5d3e9dedd067153d6fb",,
12834,"3c0955220bcea536f6817a24533c8319",,
12835,"c8f5bd70fe75435b6f93c7e9bdc641cb",,
12836,"da5c11bf24c51d606ec8007609586669",,
12837,"38af67e5ead4b91f5d298ce8c1e854fc",,
12838,"c6daf96f520cd01c1847ec866adae0ee",,
12839,"795c8809fd7617e4e063a604806ddb82",,
12840,"37618f51ac9fffefaf2b5eba8824a4c2",,
12841,"722cf37044b4b7145ee37e8e8f7948db",,
12842,"25a2bef6a56dfa210ebfa44da589fed8",,
12843,"0554efb6792b9688aa04f3dead201794",,
12844,"16508fe15b9f2561b0251d3008b0a186",,
12845,"06ab104dda16b67c44e208524bb39845",,
12846,"ee214e19e1a7131c76a922d6e3a81c14",,
12847,"47f10ae8fa468ea5754237d209ef7765",,
12848,"5f348c9da53910f489a187d81c9ef200","nordic",
12849,"90f3ab93cb38e9cebc9a9aaf0be0fdd1",,
12850,"78dd0b54098f1054c0cbe8c84b3b8d36",,
12851,"09d0351c3c749dbb20b5f1a86d2bbcb3",,
12852,"983f4e3bd600a7b9346288c4fabce3c4",,
12853,"a839f239c72bf3291f450d66fee71059",,
12854,"ea83ff81e7d754dc900780299c8fc320",,
12855,"7379ff8f0ba01c234413b8017adea82a",,
12856,"372bb443f3181f2c74d9538bb7712bdf",,
12857,"159dad3f151e73bce1a95cdb16727855",,
12858,"91a44dff927a40e39aae34457254bf40",,
12859,"8c54be66170d53bd687a4d2bd49a26f5",,
12860,"2d2234924f2a85e03373c5c6a991b345",,
12861,"72c295bea7a99002071906a82dfcc4c2",,
12862,"e3d38c2507dd43270a52ed58a331512f",,
12863,"2eaca02568a93670537f02da3676d85b",,
12864,"e4c30846122ec0acfc852587dfdfe816",,
12865,"0b5018d37f02494e9ce8abd668fd4269",,
12866,"aea6f7c199dfa37dec526882dcad24f1",,
12867,"3798dd6d7f35672db1be48c76691408d",,
12868,"648b3719fcc8dfb3149ecacaadf42c72",,
12869,"144811218a0696d5bae7ee7db9ac72cc",,
12870,"757fc400f7775656c57347f8288799a1",,
12871,"f3bd9c4cfcf659f99cd73457a90cc941",,
12872,"6336c57d40ad8e7b08e1b28e968198b4",,
12873,"42c2bbd8f166488a1ca1a13b43d645d9",,
12874,"236850dfddbf8415b898fa345316146e",,
12875,"d4d766fed3b68b9ae869685591b76700",,
12876,"7171d9fd3aa72e14db70ca8094a3eb5a",,
12877,"5259a4438570769b043b3de100fc39e6",,
12878,"ffdb83b181ade916e7581a6edc9aecac",,
12879,"3752dad458ccf33cd138fb0d1bfbcf94",,
12880,"fbbf2240563b85c1d29cb8af6bc1136c",,
12881,"a3f6a02c8087e95edd8a8388598ec7c9",,
12882,"976d4fee7413955ec10861e4a3640252",,
12883,"4859e2b260032762b843f761deeece88",,
12884,"a0b0a421f8fc9a80a083a9dafd12710a",,
12885,"f1d77e50417d4cfcbcad3ac12c8671fd",,
12886,"a7af9e10c5f035865c85a6647409aeea",,
12887,"2ff060ae3aa0930ce5b5bfb7d302869d",,
12888,"43bd096d8ff253b8027560d84703c51f",,
12889,"6793d1e3715248af47b044dca3ea0ce2",,
12890,"5dca5113f672d79f9719c7e2ae75a44a",,
12891,"ebadf03d16d4cd5cde1e023de0af2966",,
12892,"c05350cdf24ea5e0c91ee1f368dac38f",,
12893,"ca7be98bbe4b4ca4419b5a35abf740c4",,
12894,"1fd8099796eae02fdeb1ba57d018388c",,
12895,"96ab2759774da0b32ece05b5f0e68178",,
12896,"e58152639e680e82f15f293172b4da0e",,
12897,"04794a5956e2dc031b11cec7f35b351a",,
12898,"be961010b215b4b0a893159358789433",,
12899,"bbc6db7abd1ea944d198aba145cdc6ba","nordic",
12900,"b773101a5225cf545b70afd48c65a661",,
12901,"ebb32e56328f193695a89c1d3e851938",,
12902,"a39ffe97be9c1b5e9fb6fc842881b992",,
12903,"49c4110f3b4cd3866c663bc398ddc943",,
12904,"58f7ee3a1ddb4de26c1222d661c06903",,
12905,"089d0ffebc0349b518d9640d400c440f",,
12906,"ac1c110d3f9ca4744c7a1c63728c38fe",,
12907,"33ccb61baf416d1ce9ce327f641e74e4",,
12908,"f4dd08de29d85d0b9d92f228f977796d",,
12909,"48798d3cf4738724e40671485c4be207",,
12910,"0f6fd6c06adfb4f7d2778f77c2765f33",,
12911,"ef7e31479a274d28fe95f0890999a7c2",,
12912,"8ceac561c86d17b85b3c53b3ae5088de",,
12913,"3a4bf20fa37ea39ed151178210930ddd",,
12914,"00b868be69360c435b7f898edb87cd3f",,
12915,"8d674b495a8a20140ec1409f9e00ad19",,
12916,"71f940aa0ab1c58e49ef7e096c592d9a",,
12917,"17fb8ad64c75fe722be369f3b62567e5",,
12918,"9e240facd49c25397c7b7198657c4f3e",,
12919,"f885cce68520edf21dca740396a83235",,
12920,"215856479fc0dd14a00003da2d239d53",,
12921,"ca2aea8d4e5e0b2d1b29f91137ec493d",,
12922,"509665e3c3c13194c6a9780085f8ba37",,
12923,"c17a0492728787ac6b2bb39ef5af5a65",,
12924,"63bdc02724b9a2a882f0d472704b8152",,
12925,"ac189aa1d715884462eb1c34cf76ea6a",,
12926,"68bec9ab9a16ae64417decb56881b922",,
12927,"71a15721de344bfbcebcdb87b813b084",,
12928,"376b6c65c136e5db7a588dce88b1e3ac",,
12929,"a1cf70b734dde4ccf31f580b0ca10408",,
12930,"c98f3bc455f8c908edd5323ea9735aad",,
12931,"f0574438ca83389c5509d7dc56d5ad0e",,
12932,"0cf0aea4d8e47d571060e0363ea16af3",,
12933,"ebe2b661d762826ff16f5f9c05470cb4",,
12934,"54bb7dc7d2450fdb585e27a4f8fc0bf4",,
12935,"ec8bc733231c99ec6d973fea6db0407b",,
12936,"f3d86073e217a5ca4b44cc14592a0ee4",,
12937,"9e03bb27d090a8ef5b28aaf204d0f557",,
12938,"f4781d5f1011d0b6b7c63bb3213c8407",,
12939,"bbef8de656d01bd4cb485beaeaea32c7",,
12940,"ed088115b2e37152c1508429aeaa0e86",,
12941,"4ffd1e4057d33abb582252e927bedef1",,
12942,"92f5d32c5075544994e2ad8c9aad3d58",,
12943,"55acd200d019c83a4c08e60631e4d0b2",,
12944,"25794cd6b4a7692c985e129c15da44cd",,
12945,"74c6871903dd1f8d8f43ee65685b9c09",,
12946,"40b6dfe26b3ea0c059081ef6e2b232ff",,
12947,"c50d42886720f8ca5085a012bcb33629",,
12948,"9708268e5dd4e00d86467d68ec37015b",,
12949,"2cadc8a20442b03e9b7b4ce4cf83fffb",,
12950,"0559cd74c857df9cdabfc0fcf23e0e22",,
12951,"8dbd0e9b1f6e8ad76a325b1842c9a7a9",,
12952,"62c691491522d0239fad3c0ebbbf70ef","stm32",
12953,"885c7b2c118d08972e396abb10403bf0",,
12954,"edc1f7fb7fde451488aef4b69cff30e3",,
12955,"bb0cb08d464c9cba5207a5b44ce19b2a",,
12956,"ab20f8908ce87d813b2a2fb4483ee385",,
12957,"6102dcceccef3aa6aed6f8eeb8820e36",,
12958,"fea1c5f61b3fce96a6f34f046aded2c2",,
12959,"b39a0c000530edb254509c2f8bbe91a9",,
12960,"1e157f6a6fc40b569fee0c01581f6713",,
12961,"8d5052618224f70b7b88e6a94cdafb89",,
12962,"16008d3a165cf52128d828db90459455",,
12963,"36b2e8171b99b977206793c699975c13",,
12964,"ef5e7b73b32c19ccdc9025d2320a9c2e",,
12965,"cc2fe83282d06d5dcf51481d7937589c",,
12966,"6dac3fc2b7ef455dfb2ceef5ae652c23",,
12967,"7392901ab2a414883753a721a974f8f9",,
12968,"8e3f8b42b798737b6888e89050e37c0e",,
12969,"7fc914d6d0d467afdc359688b608e954",,
12970,"2d20abcee9029a8f9b79ad36aea8e141",,
12971,"5a12f57870e97eb4970fe129e1b32e78",,
12972,"83d2e4d5b27810547226a73fb33eedba",,
12973,"b5d30542d48e686433f7f111ca369aa6",,
12974,"1bf5b1f942328b8c3daef3f09b75e51e",,
12975,"f4a20d5b40633bf6d9fd39ac2d834924",,
12976,"409e3d3259d9acab48b653344baa25e6",,
12977,"58b5c094b16613a5560bd438b4df9fab",,
12978,"c8be03146657c8dfdc2a965c7d69e2d8",,
12979,"720c94eb995e04c996c9b7668ccca024",,
12980,"b30c0d673ba3b089fdb9b63f7854bd3f",,
12981,"6e1efed528bd46784b639630e3fa4937",,
12982,"2eceb369c4d2e6b76b9ecd9c0acd6ae8",,
12983,"28a2bdfc66e27529b0e7f0c1d537b67f",,
12984,"82fd236add0e43943b807f0b8ba384f5",,
12985,"4642922e136a46555a0b94b197583aad",,
12986,"05f27f80f57be49bd5464165b4303fe1",,
12987,"93955fe700a95ea85b162a3d4a921b7c",,
12988,"f464ed815a3f6f7b3ae1101d59bc079d",,
12989,"486b8d5bdab39ccdc3de72703973c182",,
12990,"cd75d5586a421133ab9fa87e7efe162a",,
12991,"8b6e97f3efdc2c4d4839dba8b7548746",,
12992,"31ef9055f0883b154d8aa2d90e650a9d",,
12993,"e1a0f366bba407cf071a0f1a0c77ede5",,
12994,"604a2d5c520dd85d4af8f95953a8db9a",,
12995,"6869debf336011ba0ca41826f85b8ad0",,
12996,"0e8a9abfc3ba8f09f790c90004e453ee",,
12997,"098d63c293a67371934d355134634d25",,
12998,"06181c5701a4beee7de5c6bf99af0e3f",,
12999,"7793ad17c7f01227e3939e072315cb7e",,
13000,"47ac23f34a357c7af0779a1983f096be",,
13001,"a2c3ed9fcdd2dc3d430cadbb49695026",,
13002,"59ab587f8298bafd85ef079fe9d8b28e",,
13003,"9d017592b6a636ee6d0daf6493ce644a",,
13004,"c98dc934e4cf014dab96382bd427635f",,
13005,"9e66210e2b754f457a6ad2589bae4c1e",,
13006,"55a9ac14e27b90e1aad5ce585228271c",,
13007,"37840ea2798ded58ab6137be1746c7ed",,
13008,"c68cde9f0cb4456beb071cdf8928c090",,
13009,"e0427b0d2322973c6787f7a044d0d791",,
13010,"9c152a025cc68dd2860e52582a536e95",,
13011,"ae26b5defe1bdd39349510f18fd97630",,
13012,"40794dcfccdc7e8fc726a4fcfec34926",,
13013,"86c159109974c1cfdc5b526d093e95ac",,
13014,"3385ca1aee47a9c5d2c57d281f66f77b",,
13015,"f5568e499794ee8a54640576dac157ab",,
13016,"3412c2483638d38ea610e6e21b646ca9",,
13017,"98fe942b14357e2de39bb607bcb18879",,
13018,"04e297e92750d3ecfa5fae92238c5415",,
13019,"25741e3332dc87297ca0cb8b8621bb47",,
13020,"40ff5653200ed5de85e1e8c1f6718f48",,
13021,"3f21941e58aa281e1a99182746399ad5",,
13022,"57214b7739edfc0f220f9a3e6f576195",,
13023,"9c98fada66e0ee47c529b2be6effb7a2",,
13024,"1dfe81928790b9a8abb186818866713b",,
13025,"1f2d1c1bbbba58c0468b66ede87ed83c",,
13026,"b0212b38e4a4f4fae7c535df6f480f54",,
13027,"4381d71bf48659b03e75dedf507d004f",,
13028,"0fc54a921405a3137c4bd8ea87b16370",,
13029,"d9d0e7e98c6a292b6e8937cdd22debc2",,
13030,"678ed027a1bac420318cd54daa1e1579",,
13031,"1a1c350c9bab29893559e1696fa48017",,
13032,"6fa3414560d6844d10ccd4d2fb3ac3ed",,
13033,"5a45e23b4f365c4e70f4c00fc2f12ba7",,
13034,"c0bfd05c44e140096bd1d669e498c001",,
13035,"c27d65bbde387199cb36f712cf673357",,
13036,"2638a40042a27e98df2f7929c8eee760",,
13037,"68c58bfc839ae84aaed693e913b6b52a",,
13038,"07243dd3ae966fbcb25550c022af488e",,
13039,"1c993ea8d7435cc5e0499bebc14977e7",,
13040,"7daef0814d36b3c9ea3302641b2be944",,
13041,"f76f2dd610fd919b793f9e05affb9da3",,
13042,"6bc452266fb6f4c178562a4b1a427c94",,
13043,"133e7118ae4a9b007ef1fe413f3497b5",,
13044,"0324e6d012bb920815d24fdffd070ef0",,
13045,"5ab2ee8df08b27a511f2ae5c2ef0c94f",,
13046,"d828712760862cd4dd86c468862f32eb",,
13047,"28c933ac478493648b7e6a841243c0e0",,
13048,"a11904a607d18fb4bf75fa4c5569c017",,
13049,"7b8d861d089bb146d9dc3f76b21a88a0",,
13050,"4797c1841e02010713586c84a7c78a36",,
13051,"f19a2a04d17dccc2d6c1e2f7d17d0bf0",,
13052,"34abc9763ff55a8abf2685297d9575c0",,
13053,"129b25fc33ddfa68c3032da367c0567f",,
13054,"45eb81ab54c15c50527aac30dd8bd46f",,
13055,"63b0f4cca9a0d4ba441e7acd7986c6ce",,
13056,"bfa1ebba4989ea0ebc2be08bbfe02640",,
13057,"11a29d7f31dc8635741c8b72acea114c",,
13058,"34d0a7e62507ffa12cb4989b60aa5822",,
13059,"43715c1b24f29fe29835dd4cdad9e0ee",,
13060,"3cd220fb4831efe18e32798285fe6627",,
13061,"7db8c70fe57a415f41a3f7416a551c96",,
13062,"a561563c33a8aa10b2711f93f1fdcac7",,
13063,"f42f86e2971fd994003186a055813237",,
13064,"27b0cf8507cffef92e310f8dfdbf5d45",,
13065,"289e1e54f772fb445969ae5741476ae7",,
13066,"b2f472f19989f59395e92a926b2dffd5","nordic",
13067,"7e4b1cb7d06280df3d6aa2d490f38c6a",,
13068,"8a664a3d0a68ca72b13ba99276aca511",,
13069,"897906444808a08d218f2e0034391a7d",,
13070,"91c5fe948d9aee0ef3dca25af2e67a01",,
13071,"246d1c75a5946829f6864dbd5f71d850",,
13072,"46da03f5f7fc7d27eccff1cc67c5ce47",,
13073,"5217c8b168eba4711e3f4f4f22cd507d",,
13074,"03c774e68b7883060f81276f90ea9cbe",,
13075,"64e940b809bcda3514a4a79bcdf85eca",,
13076,"b22c46c81ece8418c640c7a67b692617",,
13077,"ca6c791ab37d7ed7d561f8b3d3a93f72",,
13078,"03d56179f19fcb5ff7c84d92553f8be2",,
13079,"4c8b685becd6e6732f2131b6f22a962f",,
13080,"93355f0be56fdbe805e63a4aa63090d4",,
13081,"f605cd0adb2e20af4039f029045321f9",,
13082,"297244c53192862b4a764ede17a2c8a7",,
13083,"971cc49a18fbb01779a01a5ceeea2069",,
13084,"3f078c3d1658679a762f7d77c99517cd",,
13085,"95d4457629644955679c47f08a273956",,
13086,"6230f338b73c62dd21cda8062af0bd22",,
13087,"95fdce18d21b98f533f7a460179bedf7",,
13088,"e27836d97d175e0da2d85c4d95f6dce0",,
13089,"6a1501178eff6bd00d52d0c5ecd08952",,
13090,"84865af9843bef35b8438b73e7fc5836",,
13091,"6f4d029067f839d943aa6dc27f77d334",,
13092,"a466d240920519e3bc4e7afa16c0db5c",,
13093,"7fd6c825b9afb200c0b9c84a1a4f42db",,
13094,"1b35b926fb10048b54ae100f3c8cdde6",,
13095,"023f2713432d35cc606749f9d4a159b0",,
13096,"5d073148dfb1bf08bb8f176b2e1807fe",,
13097,"2b01891437d7d7d00b5b76bed3a20d49",,
13098,"73f1d5e7cb8354a69142720ecd9cccc8",,
13099,"8c5b4c16391a9bd447a77e8ab5516f3e",,
13100,"f894181a4c5f69e693ab28cbb86cfff9",,
13101,"26dec235806d3f6ee9c7073262425323",,
13102,"b2e382b70cd43703b7b50c6eca372671",,
13103,"10631a2dce918053e726f63b95cc7904",,
13104,"e58465c163edfc6790293e5b6d8aad3b",,
13105,"03b99b399722892699447abbae27f82d",,
13106,"67d0d53a426c28377f03477bb760cb98",,
13107,"45b30ddb6134c8c7f1a21243184d4f50",,
13108,"488a09eb96c374e2623fc062a9716837","nordic",
13109,"046f97f106b785828ab989d8de89e339",,
13110,"516eb6484136e417805ee5d94cc53c7c",,
13111,"266728c15d95728bedb84b0a3bc49b52",,
13112,"c69f43338dcc888474ac0d2e0a07aa35",,
13113,"9c6d3a4027aaccc52bb671809e63a32b",,
13114,"dbfcd3a344f95f6d9e86609a780110ed",,
13115,"779d85ce3c7d355fd3e2ff984f016ce2",,
13116,"c7884cb640e26954ba0445c4f8e25436",,
13117,"d8498acc909b1bad301a9786e068cee8",,
13118,"97d3a86562040a15bbadf14443db8b72",,
13119,"c2d97582f46c8737daf74a396ef1d7f3",,
13120,"c10894a6ac9765bcd6ebcfac2fdbc118",,
13121,"f364186aab5987076b76532312fc6e39",,
13122,"56788fa74fae7385f9855634e4da177e",,
13123,"930a132286f3d24b12593f65f586985c",,
13124,"07d6f7ed8054530f4df9c04a552aa3b3",,
13125,"b46c84584f0f4931565e25780d23d808","nordic",
13126,"83348957195c0d34dc3ac17b69a640ec",,
13127,"624216a528e95482731b389671906d4e",,
13128,"3d8ec6aa3404c04bb62ccf91b30aa8d0",,
13129,"460f3dec3863860269d281847c11be57",,
13130,"89984123b523d810424bfe4e1a93f05a",,
13131,"ee76a58326f9adb15104f4609712cd3d",,
13132,"d82e4cfb6a776ac447a09ec7d2067d43",,
13133,"34d8f964a30ee2271c539d0b779721b6",,
13134,"77757f951778dfcfbb2e6703314fca3f",,
13135,"a390770110b0739af34915f42d8eff36",,
13136,"4f0c9984da7146fda281d1ff914ffd73",,
13137,"223f58221d8b7302bbf2bd7d59866a51",,
13138,"ccacc3f38c39aa10a1a3e0c2f1741992",,
13139,"259796c02b829c4ff5cc3eed5c6bf2d5",,
13140,"448d2a8a95afe9298f1c9a0b4bb5fcf6",,
13141,"4905dcdec014d6b53b8327368996bb9f",,
13142,"ba2ca39c3d3771c0d98fb726f93cd777",,
13143,"9123276faea15a5f607f574f4e898605",,
13144,"49229f0724b35c754849583280e2bd40",,
13145,"372568bdde880905a52a6adbd0ef87fb",,
13146,"395b1d074222ced63a0dc1939b0ca695",,
13147,"c46da0c94df0115f71689735a3336f42",,
13148,"18839f4177ecafd4fe9317c85d13772e",,
13149,"1ed55a80e65be43b809b998ef758564d",,
13150,"55ef372c11fdda065999f09bd009a522",,
13151,"883351e775002ecee2c73d670996413a",,
13152,"da704f83369532c5237d94fe87a3bb30",,
13153,"1cc0daeb94b8f8dc6ee25f45d55fb167",,
13154,"23eb31f741cfbcd984b992d135650eb2",,
13155,"2f30132e72d77d859a944b644a74cd4e",,
13156,"17a33bcf39f7ee35562f8b4cdbe7b354",,
13157,"49c45b232932f3298070f13f63da0485",,
13158,"5b01cfa7e6bc4aa0e9f564fa5d4f9b18",,
13159,"54bad12c60a5641a452557a7be4d7b0b","nordic",
13160,"9004854782a44087a3fb198cd415e7f6",,
13161,"8a32345f60961b16055c32986db864bf",,
13162,"bd88721d37a17ff1c218c4542daa936d",,
13163,"c2be5ac8866220b818abe7336c3d8136",,
13164,"73300b25a1c91c3fd60f4d0efc45ddc5",,
13165,"374897c43d66736c9d7fcb4eeac923ef",,
13166,"058a260e6dc51ac5ca60d56a2e550930",,
13167,"161105a73f7dfb2fca513327491c32d6",,
13168,"69274d7d9bca1c5b954af6756ed8d37d",,
13169,"f953b9daa70be1ed808e8fd9809d04fe",,
13170,"a8ee2f6297c7c2890c909b93b82a4bc8",,
13171,"9eb8c2cae08cb64b3ee6fe65e5a8209b",,
13172,"faa1ad7660d5bdc82e9ccef889891c63",,
13173,"35b33d212792bcdc827205e9fb53391d",,
13174,"bc1a118f4946ca058b24819575bb878f",,
13175,"60fc67b39bfcb6311c369a3f7531cd28",,
13176,"5bbc0231ed6b0e85c576f432fa3e4ae4","nordic",
13177,"6159e7becc83bb68f16c980303ffce42",,
13178,"1ee6cbf0f0d2978d964c390db108a861",,
13179,"5f61df5cb79148da946c9b669912891f",,
13180,"8472b3c4b4982f17ea342d876d17db2e",,
13181,"e91e3c160a4d21b0ce0c7c748565cf00",,
13182,"375a79ef6a9213b9036667706ecb3c3b",,
13183,"8e612610803c840a962f30f4313568f8",,
13184,"5ca71badf8edd846d59ccc9a8d0574e4",,
13185,"4f8cffdee7d330e752382243b389a8e0",,
13186,"5e48aa8a76ef77f56445b7e0e74952d1",,
13187,"e1f8fd19919d153377d98089ee7257ec",,
13188,"fdc6f42a6554c4fdb1b72038b3affb34",,
13189,"a19e996905080172e156331a01d66b7d",,
13190,"b854cee6c5c3bbd377803a9cf5e967f9",,
13191,"30b48f2c5a2a4088d0bc45156195f8d1",,
13192,"94301e0b5cc3f88c75d231d0bcc0ead3",,
13193,"0bd40538e8030240d1e0e6252d0d29c9",,
13194,"994e5324791cab59aaf2c1262f915777",,
13195,"6513d69bbb1301aa2192c2ca194682f6",,
13196,"c5ca1bbb052bd466a00d33d011c1fa64",,
13197,"63ab2079c21b8d8a0173a613d549402c",,
13198,"3c3c50b1c68c68c78a1da1519bfb2d91",,
13199,"ffc1a6186df84a76564ca4aef0f43dd4",,
13200,"a4926eaf50414c95bd87d6972c299135",,
13201,"6af7c17ce72f249de05b852af87696a7",,
13202,"42ac15ceb773cce6e9c2a6c6a02a9d2d",,
13203,"63b19ed5a5d51858e954207bf5949975",,
13204,"34dee5806b961365b21092b6ce71986a",,
13205,"1b6b88a5a03c8f8abd9ac2a9cd201814",,
13206,"2aeb1bb87866e32819d18e12fce9bcd5",,
13207,"5351bd78001fca6781829cac3487801c",,
13208,"78026f930e06265ed0b805cda368406f",,
13209,"712603a866c649ef4ec4bf42aeef81e0",,
13210,"19c81b615a9ff3187761acdd3e1c916b",,
13211,"130795a5e0bc605814fa3c0f9196dd97",,
13212,"ff234f974889feac18bdaec7d930e3a4",,
13213,"23b5bdb653f7b96225c29ac1e9c60beb",,
13214,"68a8708fc7959ca29dd7133752cfe1fc",,
13215,"40b2dc2fbc010970a67478118ab5610d",,
13216,"4b89906b4481bdacc3e2e56cee18c0b3",,
13217,"cb5f0d91a45371151cc71c32ac948f95",,
13218,"64b292c3128fbd8456865b2b9848d2e8",,
13219,"2cb5aa1677540ce1ef06dd406f551685",,
13220,"f8b72eb9ae668bc0a00ccf29e9575dcd",,
13221,"c5b537242d0fe54502d8f417b5972fe3",,
13222,"890326452a4664b62100dbc7ea69e997",,
13223,"5844be40ff36dcc30d161765e1a46e31",,
13224,"7afc683a2cedaf1f16312224e88942fa",,
13225,"01d5b197d37783910b30e45ea3fc24d7",,
13226,"c972ae8a10d5f373cee4dd0e072806db",,
13227,"c8d0cbbeb2c886a3b41475e21221987b",,
13228,"cdb4598fdad42c4fe44152727d7642bc",,
13229,"f2e354d21f8c951b3051a76ba6095e7c",,
13230,"35f9591aa578ffbee1ad5fc70a720a31",,
13231,"bc4251cefffdd3f1fd338b2c1d1f9812",,
13232,"c47296dc26774cc92696f091070aabb0",,
13233,"7be6142e9ba98c2b44a03be40d1aa92f",,
13234,"a4a42642ae6d370f1ad068c602c7c708",,
13235,"78f0895ad1787ae78c477b22732a205b",,
13236,"71da8f00f8f7a01224d03e22cc16b365",,
13237,"ee5478f10c77b5c22b6201a64347d2b7",,
13238,"ce971d74cac8e86288616410e5596447",,
13239,"800439781c4c48bdc1a88512bad9d3ae",,
13240,"bfaf5dfcb997781285005e76b1d27d0d",,
13241,"e784c9d5e58960f5a302631577b7a11a",,
13242,"7e9bff2644a4cb7be31f910412e8aaf9",,
13243,"7d00d5d7cb7edcbcd606a2299850a672",,
13244,"a6ce5bd105e8ec681338d9aefe19f8f7",,
13292,"f2512e270592d41adfce6c1af523dc85",,
13245,"9fd8c4e5aa2a1a3573cb7d696bc8422f",,
13246,"bf93d228e71a1e8b71860671f722c9cf",,
13247,"c2e89ab3409a0f0f0f060da4b9462579",,
13248,"3bdab62e14a5e9e506b8efda3a73affc",,
13249,"d5dcc2948ca542a70a19730f41b9fb0c",,
13250,"2275ced6278638286124e1e0424a1056",,
13251,"a9c27fb7a39de618ba5d09e342e6a421",,
13252,"5469b5930ae26472735bebf6536f7025",,
13253,"c6fdd4d35c7e55f8bd31393793ed081b",,
13254,"25469fdfd8cfa1a26eef444d86341cdf",,
13255,"3469f257cf646540cf952bf6b7e641f8",,
13256,"9195444d7b49c302397a46359ac7d64a",,
13257,"b7fc579d6890970e49a2fdc1b630d8e3",,
13258,"4b1deb485cabb9f0774a6642919c4379",,
13259,"2d1ee1952d9f14e5dee527504c31b262",,
13260,"dd6ec284c581fb0a9f38a28516a7a2c8",,
13261,"589c2202be981bb90e9d95da769cc884","nordic",
13262,"3f6a79f2c4fa8992982e57944906afe0",,
13263,"d5d369888e3a4d5dfebf58736281bcf4",,
13264,"119a2fc3b067877722dea780c9184ddb",,
13265,"2763ce6bf66e4e552258317609df470f",,
13266,"93beabf17c66e2e6d7f4d6a8b9ac441f",,
13267,"afe3beb3f03ae9cf3f0a0b6bd6429461",,
13268,"2f8639f15755be9bdddaf6ad9a313826",,
13269,"56373532790000efe39250a7c7677026",,
13270,"2292d193600462dc0b4410d0b4dbda17",,
13271,"d6efbc811a5f46f099ea35bc7df8f524",,
13272,"f61e7fc86fd7c292d320f973c626ba5c",,
13273,"76bfa0b8cb66f1d0abd7b94adbf5f65c",,
13274,"30571c4e8088b5686efd0a0fd29de752",,
13275,"0b323731125e725c9873771adf449d4a",,
13276,"f69922798dc8b2dc1cf80f40e988824c",,
13277,"ea014141ffbe0865daf7fabe1ff44f82",,
13278,"454bf8619a4cc88378e8d940dc44711c",,
13279,"c79fef2d89caedaa43f500db91e73bac",,
13280,"4b75ef2a64deeed9b58b94129eeb6108",,
13281,"c2172a91d13ac27800dfb44367bb0c89",,
13282,"940862ff82b516f2739b4643689d1c65",,
13283,"6787da11f101eb199648fb2829a4d9e1",,
13284,"11c6ad4d2a9a22462ecd9d7128c40bbe",,
13285,"835e15c3703ab922209a1818a6152ad0",,
13286,"01a5687ad3997ead6fc090aee2ff76df",,
13287,"91d44281116df4bda2c608f0fb9905dd",,
13288,"7774719a7da714500034c8af098ee5bf",,
13289,"1bf84dc5fb7d1a017430ad54df50e414",,
13290,"82a9753e35c4742a3afb13b82eed934c",,
13291,"4c839c3440c10c1f1243a887b775d3be",,
13293,"08efb96bf029279785dbfed6d7461638",,
13294,"8fb91e308a727de34e16bc70c7dd95df",,
13295,"a05970ca5922dc3cc5d29150feda26b2",,
13296,"1c35d4ee23b7b34ed9a37d98d7bfc3fc",,
13297,"6d1694faaca66055f36c664449aa4e11",,
13298,"921d94bc31c85d6d7d0c959f4a55c7d6",,
13299,"2a9b9b38de400c27442be98c5d10f605",,
13300,"99dd0f3edd93390ebbae671d8da12485",,
13301,"926e9cd9744545c0c50507997a8bd062",,
13302,"e1ae6a135be1d2cc46665070f6db7b34",,
13303,"1ee699b7cd6432dcddc5a94392111851",,
13304,"c46650c28080fe43f674a92d6445c24c",,
13305,"2278dfeca1075c86ebc65231a6bffc64",,
13306,"0f3446f9461fbc666e627fb7ea45693e",,
13307,"1306d629c0e12a35fed7981b8d233ccc",,
13308,"521d27d7a993a3fa660ef8e0e34708af",,
13309,"328791d40e33db01633be4008969931d",,
13310,"3afe0b28abbf31e09170ae6345489f8e",,
13311,"71a5fe46f99eb69d5c2f56190f10cc32",,
13312,"fb5197ede0885bab3554c305156302cf",,
13313,"e4d3063de761721962c32403d15de73a",,
13314,"669851cd17295ac90efadee12e281eb4",,
13315,"ceb54dde72786d95a260e806632f57cb",,
13316,"499bd72a32a6893660b561c5c645b5eb",,
13317,"43b8bafa2fadabb7be56571ef9518844",,
13318,"c066d738ce88d5dbd0456f2c49a33185",,
13319,"5a2b1592576b4c85e684229daca0aad4",,
13320,"3f6be5e690f497dcbf512be353b6746b",,
13321,"14889527b365fa6aeda0677530ba82dd",,
13322,"94e2da0f7c7fe86998848843bc7f6b6f",,
13323,"5b3957df8f5ca5564271b84f6c1131b3",,
13324,"10ab45619fe51c70330cff1040dbfa3f",,
13325,"aecb885326d25d46bc6c2b20f8a5dc23",,
13326,"afda2f5596f46467992e0ff8a3cad647",,
13327,"6491f874139f311383e7d2e9ac0411f2",,
13328,"6cdf7a21b3460a24cfcef0b84733aba0",,
13329,"9545cef078ac83b037e1727c06ee6af2",,
13330,"eb5cddab7b4365486d1a9ea551920397",,
13331,"ea18e25575d2c27d1d07ea0dc0a3b589",,
13332,"d1777b92ae198ddee1aea0ccb15a9a56",,
13333,"cfd2f8457d1c13f4ba92f78975fa6671",,
13334,"6f7cee39ee4db12644bd7252283d37d5",,
13335,"f8109a0f62f1313f95670677078333d8",,
13336,"4bc27ee50159529b254da5d6b4100b4e",,
13337,"c5a5aca0dc8d1eb8eecb2ff1b07d084e",,
13338,"f0c50ece4008b08afd74ed8830a685c9",,
13339,"a3fe31bfa94094df82c2ff24f382a9a0",,
13340,"8287061991c074f8b6895e9c922701db",,
13341,"f5c1073f0c98fab1719ac75bf9463a21",,
13342,"2f1d74fc03a22000ac3f2d3c66526ff2",,
13343,"9511e7c8ddefec637dc75ee4881c9ff4",,
13344,"cbf2602d589b9d0e0546773d7044aa97",,
13345,"010290942f5a9a8533b27226bb357af7",,
13346,"3957cdcf1c3f4592ae6d07e572967ce4",,
13347,"24a4c72d0bc120ffd2283e428faf432b",,
13348,"ee9497d06c56882c51aa31edc5a0cd30",,
13349,"504ab554e546cbee047094fa93587167",,
13350,"ed22d5f47e2c37406e798644b0cf87d2",,
13351,"7b25e670f7f1fd64056d57a5004522af",,
13352,"38cebfc0571f096e7a39981b050206a1",,
13353,"d9bf7926dbd06d0777e451a355f94e8f",,
13354,"fc7d1b99caf7766aa9a2b40d63b194a8",,
13355,"99028ffb594d6e6cd58bc8ed03c52f72",,
13356,"109d0962b8197907c5d64ef4c582e834",,
13357,"b08c1705f8538d6b1893a2b8aca459c6",,
13358,"3bcb05d160663d6c4ba12df9226eb76b",,
13359,"a52d0fcaf4a2625892428283168e9fde",,
13360,"9b7fc8c8da021fb518da06e1a94cb98d",,
13361,"2f581e74ff926faf9cafebc62ff49f87",,
13362,"eb05050e83ee85457d915d25b4493ba1",,
13363,"561a2d19d80aca520b00198c03719459",,
13364,"77fefb2126e048b2e04d10741e6c9753",,
13365,"d63e9c9a879d68bec03151ce29ebd2b4",,
13366,"4a1400c96e96eb50faa42d8f1049ca51",,
13367,"dfcfd4925772a2ab30bfda7582b99371",,
13368,"b87e4111c266aa2a34809eaf7d0cdf11",,
13369,"89b19d8523af23be39b279f2c8a000d8",,
13370,"06ab671375b7bd1508176e627d6f9e98",,
13371,"fd8950e14d7be982f8fde42a06c2829f","nordic",
13372,"4e292c435e3abcbb793dc7b573e1bb39",,
13373,"67a4d09dd405e0a34e2b68ed82ad4fed",,
13374,"e9b0438053f338124eb76aae6889b8a5",,
13375,"41a6949e15b1fbccd5a437e75047b28f",,
13376,"57d6262afdf980d95cff531c82f66240",,
13377,"6543d26df6ae28b1b6a3f53648f1c081",,
13378,"ff250e9930bf5770a232917f6bd2b1c7",,
13379,"ffcc37c5c3b4e63805942fe1ded3be8c",,
13380,"9f7c546929b1231328a8291f237e0dda",,
13381,"6a629d04e128b97eb647e1987c14540f",,
13382,"9a047587617c9c8732b9c546fb4a0152",,
13383,"3f7d688b3bec4819af7db90f5f8f9416",,
13384,"3b0cec4c39545d62ffad14628055975f",,
13385,"74ea9ef82bf7f0efbe753cf2e83081a6",,
13386,"fa53955e6846240769db637c001b950a",,
13387,"40f5263815542255cc62cf53d9caef82",,
13388,"1a31d6de2d5a13bd44bcb94d708b1f73",,
13389,"caebdf3f02949697c9936f319e8d22c6",,
13390,"536dd82ed9fd830461a506e2f8ea4451",,
13391,"c445362c5fdaea117914a816e0884036",,
13392,"0adc2000f5b7e083f9d9642d24198931",,
13393,"af6188711d7588741a94beb754011a0e",,
13394,"e800abf6940a67260c1d834c46a39a8d",,
13395,"41d07916f0dbfc4ca0e280117a0ad64b",,
13396,"cb194a46e6e426666fa1af57f1fb0751",,
13397,"337f6730ae49d5779a76a1cac384c341",,
13398,"f846405f85ea314182965c64b66010e9",,
13399,"22388b9eb3bf9774068b12f3a903ff7f",,
13400,"71211defc7464bf5b19e03eedb9584bf",,
13401,"7f27f410922865848622693cfc1d2444",,
13402,"c78bda27a531e56397fe6bfc26da656b",,
13403,"2aca8c38160f03199eb1334e13a3bf49",,
13404,"7a592637fdf20f80b849f3d6b7911adc",,
13405,"dd9ee12adfbd6a56c305a17cba267bf2",,
13406,"f19b5a1a2116af16d0fb9714f6935023",,
13407,"043de05fb3c0f1d49a042f2302d95667",,
13408,"160f9e0aa9b3ca1b8b964935a10e10a0",,
13409,"840c7c713dbd0fd29392acc80b9d8659",,
13410,"1389bcd960f13e6c6cfc0c9f083e5eed",,
13411,"b50e1afab70e0952421554b23d0557dc",,
13412,"6c0b6f92528748bd8ca7b78484756ea8",,
13413,"23c08ac5df388a17b0dc6224bc4873ae",,
13414,"e4b5007f2296fb96fc4a24b073058247",,
13415,"5a7720a7b8e7ea03f14e6cc735503153",,
13416,"5f48c86eb6cfd0f44af0a0f14cb20c8d",,
13417,"5ff8908a4269aae5c847097b336a6224",,
13418,"202a7e37a6995063a7f38c325c0e58d3",,
13419,"295151dbff139b6177044b53e3bc7008",,
13420,"08d3997845c98b4a20f619538b58a5df",,
13421,"03741a1d93102ab0a0db84535de0eef7",,
13422,"87bb1375f485794dbe97a6fa727e71d6",,
13423,"e470b495ead2cae04a6871f5bc9d599b",,
13424,"e77b772cf4782c7bf726f279bcb4ab53",,
13425,"af1d0e4de200c2fff42fbd06ef4ddac4",,
13426,"93e3236986eca3f12795e17f5cf58a65",,
13427,"c63fe816813f61ace1d02e1b43c63ffa",,
13428,"b1a784fe658506bc5d7725c18b62eef8",,
13429,"537912a24c6a7836aa6999127d79366c",,
13430,"9a967ca7fcedd266e3f66fd2b195ac34",,
13431,"0ee6c33815265535905467c298e3cd9c",,
13432,"8f24810b5ebfefe4992e2a523eebc63d",,
13433,"0f6592de705c11b0cb40c348072cfa31",,
13434,"3d47e25d03177b28e9abda7a5d3922ed",,
13435,"219cf7e2f4f4497a38a180a70ea050d0",,
13436,"c00d78833a74b18da0a55f06ade6092b",,
13437,"d0cf634086021820c7a197fe51031b9f",,
13438,"81fc2935c2f73a7ac7da5b8b08a7a8ae",,
13439,"1c58b4e6abd0c5388840cbfddeca1508",,
13440,"e1de396a75469c790db84435b2fc7e0b",,
13441,"9d112c19356a688281ce4bb8d7b8123a",,
13442,"2a8c2e891c6f8e0b49b906c1cae2ba4b",,
13443,"3917edc2327d63a923c9c41b548cae6f",,
13444,"7c21dd03847803a733244eedb879ff96",,
13445,"31e6bbb21fa6309bf37f6b32c6e82934",,
13446,"4e3ba5c468cd4fe715648ea5335d6600",,
13447,"738bff1042df9c707b9d2e6b9814c459",,
13448,"1c270979069f4c0dc8a11196af4d65c8",,
13449,"9842b3eb036c291ba9c86be53011762a",,
13450,"d638f9592c9037fbf469540a15ed8be7",,
13451,"b9d243a93c0588060f7b8cddcaef7d0c",,
13452,"939ec2bc6cf3273238610693fd64f9ae",,
13453,"f38838db50d5499dbf5824bde517e35c",,
13454,"e3b8d30d95469e60185670f2f3d31e28",,
13455,"d996dcf456d931d7f36e6b5de73b8e5d",,
13456,"47ef3def424ccbd4520b228f6818ead8",,
13457,"df40915403b7256f54217ddf34158207",,
13458,"06712c331aae6a4a82cc8d47ed60cc8a",,
13459,"59f7ecbe689c4fb4d4154c7facf708f9",,
13460,"f965a1d2f9bd2de58e2c7c3e8d0ad9bc",,
13461,"7d5b23000d79625c365219ba374ebae0",,
13462,"45c35f9eab4db25d23c5c8fc2eeee6d8",,
13463,"58f0154be8ab3f39e5a0e380ef2466d6",,
13464,"a4aa9dc952a6ba931b4854112703bcc7",,
13465,"3d1133729cd85739c36eb2d7a7d10150",,
13466,"9435ea204a685c76dcb4d45a547ef8e9",,
13467,"593b29a9e50e5db7aa4c574f5c1842bd",,
13468,"4d41474998c54e5bf2fedbec38f6b6c2",,
13469,"877f4774c2780184d5b792cb86a50008",,
13470,"11b8ff4c9c77305fd12bd1f7cdb836be",,
13471,"cacc71c544d2a25c6269f100823e19ee",,
13472,"693df2c339f1a6b6e8752fc5fb140e09",,
13473,"c53012a1e6b262b9fab8402ca2c4876c",,
13474,"96a99c553ae436fe0693df779d701f6f",,
13475,"892b6e841d778971514784398a6c0c61",,
13476,"ad4e362b0f42b63f71bc00ba031aff81",,
13477,"1e4d430bc06dc21a18bbd97579db6b22",,
13478,"f3d43f956408e97e981c2c711b8d4909",,
13479,"714dc2ca17ea5f4c5d8eeb1259c5e119",,
13480,"557e01a7aa4668af019cdd2a95247cd8",,
13481,"e1737f5c89c5b337d57af8b5a920b44b",,
13482,"ec11dc26b0e988de8e2c7bf622d6e97f",,
13483,"a2907c628c626e714bc6207612251bdc",,
13484,"2ba73b05211368dfce57de8aed958245",,
13485,"97c16c5f44f904890bc5fa34ae054e2b",,
13486,"92a83ac2dee1c2ee3528d3d6877ff8f9",,
13487,"a3a3d2629ff673622648d135709c03b4",,
13488,"cac8044ed2965a0491d84458ba99c0af",,
13489,"18b8a2e10d878de35d6af4ecf7ba457e",,
13490,"f5e19ba159372c0600de75e290a3a041",,
13491,"9dc6260259f825d83fe9cb5750a58e3c",,
13492,"290cd41b8c4125ab82ce5914bdb4854e",,
13493,"3a262129ffa9410b4fc155bdeaac7182",,
13494,"79d6499e8704a7ea18338a72310afc91",,
13495,"884e145b2523508267d3a9cc303769e8",,
13496,"3b819271fd46895ece8a77b1712b622d",,
13497,"f1691927e62365a53dc270518b621f71",,
13498,"b0906a05515b805a06743b563592aa78",,
13499,"6ddf3f5c71f4de5f73bd95940b38a4df",,
13500,"cdc52602a5682533176cfaea851c1ac9",,
13501,"af58ec3562725b04d33fd5d38e92f126",,
13502,"fcf9a89c61c5e86100aec1a01a9d20c6",,
13503,"c9d6312eefbe81288f566297a79cc6ad",,
13504,"e40e4a5d8f0f295144922d0d47ac58be",,
13505,"c9479e4cae08242146f65a15facfa126",,
13506,"b55a65612eae18323bdefe5fe68e4f23",,
13507,"7fb49ee817ce62bfb22ad3d553ec8ee5",,
13508,"99f4fb40b2dbd924d13c0df4750641f0",,
13509,"2a5e7ac339f00e4f40f5f929dad753c0",,
13510,"67fe8d379c2833cd22c7a63fcf49d1f0",,
13511,"91f5e5e13eb53d12e99d115586eef298",,
13512,"ac2a4f94c8e37edf4e0495936b66e8d0",,
13513,"28168b732884b964f43f4fe85b54f02b",,
13514,"ebc9309a96c531fde3804206ff3440ad",,
13515,"def0f64ff16bddc044ba3ec214b1665b",,
13516,"7b6b8f5e3c361946ea69f19d0d4e7020",,
13517,"592611ae514dd8e4dff50c1c351671ea",,
13518,"c1f1745611b3071ddfb7f85cbe0f5c81",,
13519,"986df341519a8e70440e117ad26553e2",,
13520,"a750dcb271e7dea525c735414a48372c",,
13521,"d743e67b8934a4411bf987ddf30773c8",,
13522,"8aa807f423805525bcff6773377270f3",,
13523,"56154d8c5d89b27b4a74e9702bc31b34",,
13524,"928d9d892728b45c73ac6d0d587d0950",,
13525,"6766ddfec9f1664bf95f69c03631dd05",,
13526,"5ebe5ca6470d71b4095aa988de9881bc",,
13527,"65e617574d04c432737ce628c3b03172",,
13528,"2d9cf492cb22214c322a457879498f55",,
13529,"23e93c3a31dc7a398ac6313da99c89a5",,
13530,"8889c6d31aba77170299b516fefa0528",,
13531,"35b3390c21caf5509f7483c7f47c1a58",,
13532,"0adf09b6acecc4f0b4d70f1f382dc601",,
13533,"03e5ca16788ee4750686bfbc7e2bfa88",,
13534,"3d16b4cb982f7156fa21cd25f51e6f12",,
13535,"4207e949c5033f780b73ec66fe7cc612",,
13536,"c4262d65e0585f93ab8bb3b4072ad21b",,
13537,"d2ac346d82ce9edcae816f8fd810464e",,
13538,"7643843c6634267675dfbc5a50e44b35",,
13539,"7ef3fa0fa4c144d926474c0cc7c8aa0a",,
13540,"b574f2af8e43ff9474ce1d2f5416b991",,
13541,"a0235f111e267194c1c7076ee9812fed",,
13542,"71771c9c922d470e4d17f512a935e8c3",,
13543,"d9513ec13f0ceebf0d3b0232fdd08d1e",,
13544,"ca3a466568a997d8658bc648d9dbda15",,
13545,"a3f4be88e7d81eb974eae6858b3cfa86",,
13546,"81c6645cc9a674718349f2caa1a237f3",,
13547,"c8ba423966ffc2c001c0193328e3a5dc",,
13548,"fcee7826c3ccddef153c2b0bba8b16fa",,
13549,"c8f7df42dd57c7db766ffbf491f3296c",,
13550,"6e7c4bb648a3b21428d4b5989d62b781",,
13551,"c69353c89190d37201dc63ba73f3875e",,
13552,"46614eead18844d56700585ba89f3863",,
13553,"23c75b9aed3122e85891215904513f0a",,
13554,"572f7e92e0b4e24f4480f42635748923",,
13555,"f69a35f2693b9a8ef6972f4c904e3050",,
13556,"367d358337bb01f528479a0063a9feb2",,
13557,"aab8f07e41a198d1a883bc100bc4708f",,
13558,"c64ec39158c50538fb1f75a6b6e50e70",,
13559,"2553138506fc22e51a03c17f17e3b3e3",,
13560,"ab83c506abaa33c6a20967b06e15de32",,
13561,"ff1540f5e2361c891b19c22416bfdae6",,
13562,"38efd159522e5352d91abed6687aa91a",,
13563,"e61fd5dc62fc3f57e1024e46b6eedad5",,
13564,"b2b9457cbc82c6bcd8bbca4d2bb4fdce",,
13565,"6c88c83d2a4cb10b7da9102536ced5e2",,
13566,"3b7a2305894b4e8222f117a7751af076",,
13567,"6e12bb3f395514797bc340612bf76190",,
13568,"b275786768f996961df3d534400b937b",,
13569,"a0248fdbfc3d73eea700e6e5f6ee38cf",,
13570,"e2d7e5b7796cf8592027fd2753fee048",,
13571,"eb7c5cf47abdd53fe1736eb5b230c5d9",,
13572,"bf020ade6ff17021692736e770e5316a",,
13573,"98cfcc2c3f22845cb4c555c064123192",,
13574,"9d1285b042e22397508b9a2e3b1c880a",,
13575,"e756ce4e655668d971c3b3577cad2765",,
13576,"c5d9a88aca8ad7c104e87c446647cf97",,
13577,"858fd48eb0b14d2849417f48636e3e68",,
13578,"0d1445a041e2c4690f2b6d27ddc93552",,
13579,"1ebbf6646dfd973678939e1243167e1a",,
13580,"837e337380ef0f85f9a2255a030831c1",,
13581,"a3839081e1ffa7158ac9db1cf9787191",,
13582,"22aa8eabe22d2ab3b707effe6ae7a220",,
13583,"5858203b3cc82d7e334e94fd3e1d1bcf",,
13584,"fd7dbf6a11c8116501cd7998cd20a6c5",,
13585,"8fb7bc2d90b792e1dce16608365737ab",,
13586,"0214ee773de7fa124f0bb89ffda7c3a7",,
13587,"80c4fd8de0fb98e0196ed1e00ac81c42",,
13588,"98019feb2758648391a9789f93e96f16",,
13589,"e9811eafed617ed75d80127131c897df",,
13590,"23252323307413892a4753146feb3828",,
13591,"398f4c020bc1e93eaed1e57708b6e669",,
13592,"ddd26b5c4b97aaa3fa70ea3313cad8f3",,
13593,"ae3d890714e2816c3aed996df66d88a8",,
13594,"8f8912e152e723d3381854fd9756c4d1",,
13595,"dfed7d23c91549b5a094431d43b60622",,
13596,"cac2cb0bf3e451318323ec3ec98c9241",,
13597,"2ee498b0d556b9399202c4878d5368b1",,
13598,"257caad0972b19663757d4090f6cfe87",,
13599,"fd8c1ceb9b92547431da305af5c060f0",,
13600,"b33a76ec3af5819158173350dc6abbf7",,
13601,"8597599ddd994da67287c28ba3c15306",,
13602,"7b852265f8561effd451cbacf4550201",,
13603,"9a5cf2046271780123be2e8c9a3d7873",,
13604,"c2ef288afe785c15e4fad4a9a0e61395",,
13605,"f3bb8bb4a5659acb080213d7161fad23",,
13606,"9848876c6559c75ca17c851a6cb49e03",,
13607,"c86aae5e8b0b34780645511d47f91184",,
13608,"cbf062da6c275249839164d063ce55e1",,
13609,"6eaa31d883e816f7670f59bda48eefb1",,
13610,"764cf7312d650ecb5b3df7b6fb836e8c",,
13611,"65c9f3d5eb7367a6c0d10073ad460c74",,
13612,"b0639a3f851b28cca95313af3247c912",,
13613,"9699e495e5074cd18014f93070891d0d",,
13614,"b20ad3f6a1530cbc2275b2870076722f",,
13615,"96f5c1fe750f542c1e01a7bd072d59a4",,
13616,"ed0b24b59efdedd7553c5ee07982afe1",,
13617,"086cc19e8e52d493f4729927a1cb9bed",,
13618,"6acd02ac6ecdb311c4b7b92c94632b3a",,
13619,"882c556b93c20ad6d70f40375f7b1933",,
13620,"4ad383d0d6412b16ba92c8576200b362",,
13621,"814bafe2564efb7ab58b2785acf83231",,
13622,"67adb499b1e4170b6f8662ffa044661d",,
13623,"2265b38394b6595c397dad6779884712",,
13624,"9ed03609a35883946c35aae45ef9cdcc",,
13625,"a1402840e689baeb74fa9f8a826f409d",,
13626,"f65c274f538ed900d7073f241551ebac",,
13627,"48ea42d9b8ec6a6cff606cfc07c4f05c",,
13628,"f3cfdb3870e36a92f76cd8bb4c1db5bc",,
13629,"bd27f354cfb41679dbb220d58c5a8552",,
13630,"9ff756b639a467249b70e5a56160588b",,
13631,"5ef0f9f41e75c8d490c50a6848f2f373",,
13632,"47284771dd0cc4c3340400c6e0470de7",,
13633,"27a37006c62f1bc1de9479dd6db26e67",,
13634,"197793205b461b1f284e812e8b4fec98",,
13635,"5960f1e499ca33120603de49d8dedc80",,
13636,"a497a52d8d8ea8a8fc53430df1da2263",,
13637,"15915cabdeae4e8d221b69d652f8fb7f",,
13638,"2bcdcb4b2e4b27cfbb898aecc733de89",,
13639,"8aaacb8316460497459b0db4abd3d565",,
13640,"3f994bac35e9fa1e9c13da6e1e4a0bf6",,
13641,"6dbd983e1367c31d5c64065643e80ab2",,
13642,"d7aac8c128bf45c59c1fadf4c04a032e",,
13643,"02e28ae06330366114c2827b8053556d",,
13644,"de30fb1f742e27c3b937b343be3ecad4",,
13645,"c32e1f2b5e35172ab80333a42c7344e1",,
13646,"66010c74ad37f151764c660df754dfc5",,
13647,"40706c153bb3ba3b800cb745736b145f",,
13648,"13e52e4aa6941a81b81ba2fb2595a32b",,
13649,"ed20eefe5445cca1a9c877fd34c13cdc",,
13650,"eb1e342e1f9eee279b7006cddeea3875",,
13651,"db7d450092a8ec8f27b2cd1f38f88a07",,
13652,"e8c1c24e7687fd7864a7e3f804c6b2bd",,
13653,"2f6727084152906eadc9fb39e62c1168",,
13654,"c2d72207b70cf98acbd4bfcbfd826ced",,
13655,"f583040a243546f0a862a5b64e2b2a0e",,
13656,"ae018cf29450918110169c373e25650d",,
13657,"445b371219295948007d9ca37fbc277f",,
13658,"333518e7fb1929de25f40f825bd5c9fe",,
13659,"b1d40e442f5ddfe23808bb71a36cc88a",,
13660,"dea063006d121a1ff4aa081862e0d15e",,
13661,"2cda26e87252dfc1e90c3051d58a581f",,
13662,"7aef9bd8f0e5460cb542dd7de2aafe81",,
13663,"8305c1fd8e88eddc8a729a5e18297a7c",,
13664,"f09d5331ac1b7f6f2365742b43d0ddcd",,
13665,"eed3026bea48caa07bbe68d70db2719e",,
13666,"a44dffd4859be8017049423e1c74b9f4",,
13667,"95fe1f443f415e8435e40b21b3917926",,
13668,"939c828820d0a94a31708a2f238c78e6",,
13669,"ea34ca2c0f5c8e47c98f155f0f00cebf",,
13670,"daac08c8c3838c8c0ff545224941005c",,
13671,"03a47f11f923c235800dbd2eb5431874",,
13672,"3cff60f9c06a0d146548646ba0e1f9a0",,
13673,"3b4a5c791fd26bc17220853ccab587b0",,
13674,"5f28667b3f2b85ed78baf8623aefa00a",,
13675,"c0faee01636021cdea2b4a5a78462b63",,
13676,"013584186aa82a1670184188d99404d4",,
13677,"51aee451ea2c33ac31e5102fa05e5d59",,
13678,"6a055faa621a2d2a01409e53cb332fe2",,
13679,"51e56e4862c114061f9811f12718d8f0",,
13680,"a9deb5ecd1a622a01a9de0aeb152fc48",,
13681,"3bbb47979aa1148b2b944e73f57580ec",,
13682,"4598302aa914d3b8b3eb140997210a20",,
13683,"fd32ae725b2176afb42aaadc0146326d",,
13684,"f04a4e5e3205325597bafdb57dccfd37",,
13685,"6123e440f963b44de881e6ba019413b2",,
13686,"9bd0513354c4332370ae757c01291a7b",,
13687,"4a5d9aec683bb132619209163051bac5",,
13688,"d6d9795a1f58c62249d80a3b36f888ce",,
13689,"70e6b2859ffd0f7a7f5f33bb14ee5b09",,
13690,"0ec92822d245c9e618e66788d5a53044",,
13691,"306bfb1802f03f6ff7a9403b7054c385",,
13692,"496773c5fa4971e557fd39fbd499482d",,
13693,"0eca824c1805fe5d34c8408b207ab3c7",,
13694,"1c331155ee05613104417c0ff60dbb33",,
13695,"0521d82fd3251562ef4566b80608d338",,
13696,"e0dec70f6a19c715dd0a234d317c02af",,
13697,"dbf4490425f6f1ced4669de6e30e17c7",,
13698,"1a06e8e04d65d450745d5e11f0007709",,
13699,"beda13111632f92cb834c970692d027b",,
13700,"5992ec58322cc31216b2d7fc31609af0",,
13701,"e5af2cf27d42e646e5d461edc5dd4fd8",,
13702,"160b20463986ba56596e9ad9966739a9",,
13703,"9876bd647c49ac2a50bac23107f06500",,
13704,"8dfba42dd39811dfab99782a4e6c3885",,
13705,"8d6b15d2e11598a1738740eb2525e8b3",,
13706,"aebaf61b57f39d917231ed19f5a8593a",,
13707,"0a1a24df576765dd2528b8ad60e5f403",,
13708,"55de95b1d1c57feabf44bd9168516dff",,
13709,"61b1839ba997bba760f54ffe7a2c021c",,
13710,"d846c57063eae0025472b9cb71fb7dbf",,
13711,"a0d81c6c0b373b11781c75577910416c","nordic",
13712,"7d11dada8d0626e1a1b4c8f48b2790b7",,
13713,"273796098ea11f4b89bff078ee703664",,
13714,"41c0f2e97d246ec3a7e82139bec80e3e",,
13715,"0d80af4000b63b78f2c79331fc8d3091",,
13716,"e7c360b1ce034b518a041b1ef93d6d59",,
13717,"174d8a429589885eb7c5f280496e91ea",,
13718,"125c0ceda2399c527fbd39139973f1b7",,
13719,"17043a8c30148829ea2ea247b4d6aa1d",,
13720,"4f3e15836758beb563ab8e8ea420359c",,
13721,"49de2fc9131cc2a1c16183c3abce253a",,
13770,"8203d4d5c755fbe5aa769e49313830e4",,
13722,"592cbfbde5d75789960f948642e7cad0",,
13723,"db9becf8518bfdc035fa70824f75f5d0",,
13724,"d7a7446c611c885be2a55116f34a5a81","nordic",
13725,"8bde4e42e645c0e3b0fe37b2d1dd5a1e",,
13726,"931e70d8f4e5b3bbf1bfcab4b90aee36",,
13727,"d8384eaa9eee3c4c4c97c167489ac79e",,
13728,"168bdb1c4bf881aebcbe3f1bbe632bd5",,
13729,"92f3fdf813b969a1132a64f6b851981c",,
13730,"1c93c866687bc037366cdc3c48834311",,
13731,"0764aeba90337e388151a4301866787c",,
13732,"666fb163b51b1027c68c81490bab0418",,
13733,"af5aa6bc0e7aad6a035d69d22125001c",,
13734,"127766942e0e904d48abdf6ad7371858",,
13735,"fd52cc9be8fd1e1738f38e4854b74665",,
13736,"cd73c13664f508e904f2cb066bb297ee",,
13737,"8e078b6b2b2a57e72ec27c8b244df72c",,
13738,"e778addff75cafaaaac2b2b465f9eab6",,
13739,"374e044cc2b8e33c76d1ea80d31028cf",,
13740,"9e44cefc523f0e896878a186875e2720",,
13741,"a195deb6e1d0983d6739f7286e5c5657",,
13742,"faadd380612f18a2bab18668ac4ee733",,
13743,"f069a8342a9c0423c76ee2d53776fa1b",,
13744,"5fc96b7691b78554ecba63e32dccf6c1",,
13745,"56b8d8135c3815e131f3a9f0e59c00b8",,
13746,"eb8463a6d41ca79a2e7d015fe379f92a",,
13747,"53c1f5028070dcd207a2cdda27ef8eb9",,
13748,"1c57082a52206086968252972b98f5e4",,
13749,"53d9c6375a2e0ef4468476de98f60436",,
13750,"649cabfb4f18ad509a195f881535fd4f",,
13751,"0b5faeae12ba99bfb5e2d4b13582b400",,
13752,"3a0e01c522a396732d29d79bdb285dde",,
13753,"52d070cb140a848acc23880b9161081b",,
13754,"d341e3a857f95fcb00a0ae3029e18034",,
13755,"4eecea50f9133ad85ab78be5fefa6740",,
13756,"6e2c4e020a8c1d4abd492e9f49117ec8",,
13757,"1769f6045c67554e4c5de4d4ac334180",,
13758,"7035ca12e5e010e0bee762dd1858ec2f",,
13759,"bb819d98fef91faf7e60d4d11e0b9d9b",,
13760,"8dfbf6a59fa2be51a6124a00be57368b",,
13761,"215a43d5c8db3cdaa52cb48c397d6e5c",,
13762,"1ec4527beb2dc65c086e11edb45421de",,
13763,"4eebcf511729bf60a0d1f0af4c8cea9a",,
13764,"98ac3be68931b50c80cccce04e57440c",,
13765,"21dd13e110950b48ee0ee055d2bf1493",,
13766,"798ce401ae88efa0f86938137a51e214",,
13767,"0108b8673110d9380a10002f2a42f942",,
13768,"0054397c44cd5be401f7230ff5353748",,
13769,"d2dc823ca17d5604335f1e09096e5eed",,
13771,"bb6e0e431adec1bcfcfc83b8e19c38af",,
13772,"9008ad26afda349ae9291a0fb66100db",,
13773,"6c645b2ca286eb726b528f79ed8e8e3b",,
13774,"348e52d906d53d2c981600a73f950750",,
13775,"b167a69b8e480b10bd3f160cae3fae6d",,
13776,"c6f8cda051fea873ce8e306afb9f20c5",,
13777,"625d4051ecbd66b7979189a01172106b",,
13778,"d3d516d6f057ebacedcadcfbd2c7172d",,
13779,"13a7ec9dc66fce409b0a8ed038a1e567",,
13780,"706095d4391694cd09a07ff436a67281",,
13781,"8f51c5c0872d57c73c99e58a774b994a",,
13782,"9e034f9cd80f635f83394f6d2e1377f3",,
13783,"612ca28b7f49d4a18b40816a499382c8",,
13784,"8ced1e7e912c1eeb23bc382b1141aee3",,
13785,"ebbffd6dd04747b7fc482d4093303100",,
13786,"c19bc350219c1cc59490cf7f83d2962f",,
13787,"372f409a4d3d4a8f40c527ef504d78ad",,
13788,"b1a4d72f48a9b1feb541c9800758e1a9",,
13789,"9f3917d70035f696e3f7e420e0e36dab",,
13790,"f4789bf0898f3ccce275f8cf47e475ac",,
13791,"ee8b3fde32d4bf5e2751d79fbbd79dae",,
13792,"d7beb89ec2a5f842110337564f71ea6f",,
13793,"82a22ffb4f934fcdbf8eafa16c64aa58",,
13794,"6596f0f357f609b809368899c9e03f41",,
13795,"d403be78299dab97ccd687b94f605f23",,
13796,"2e925799fab73d9a9c34146cac869c32",,
13797,"b1a282e5484eb65c3bb2bff1b86fe9e2",,
13798,"b3f67a4e361b3e8cc351864fce91d275",,
13799,"2745c5d4c0baa0884c52716a8714a576",,
13800,"1eee1e56a4d86bf8636eaf0f845996aa",,
13801,"001db8f7ce23cdfd52620edb2fcea298",,
13802,"bf07e8a8d0a156c7a2a4261694165ead",,
13803,"33388423117662186abe2ef17b88f98b",,
13804,"47c71cd54740f57e945f876a46d43864",,
13805,"4155ad353e20f78ffeccc90e985ddc7f",,
13806,"b7106b04155245d08a5498598a87c669",,
13807,"5a707a34157438c38e6fd1034ebba8af",,
13808,"12d0d4f9e2ee792e26f007fdb91933df",,
13809,"20dc6044d288595633eacac578ba9a2e",,
13810,"34ab881b9eb6bc2fe8e5a3d07f88f367",,
13811,"afb7277fe994aa19a20a2b6e13f86032",,
13812,"6f1acfd63f255ea7d2060ef5b785ff01",,
13813,"f3e5ec0f0bcbea75db6aa256b1b16d41",,
13814,"e54757ec821e6cfb22752b2a856bb7fc",,
13815,"474c989d23d55536e6ba768c3f0670d3",,
13816,"de85a5f8196ec73cffc61382b3e0d5f6",,
13817,"6682399b56d0918b26646bae9637acdf",,
13818,"7edeeb7ea9436f4bbfeb701a2a136efa",,
13819,"801ba9fa1f48780b77181a72934940d0",,
13820,"917ff8f80ddf9c67965138a21c3743b5",,
13821,"16eac3a869ef9150af5dde29f0a4e392",,
13822,"01bf81920d00152f72a05ed5d063a0a3",,
13823,"f3aa3240af2a7fcf3b23d61afc8d0d06",,
13824,"e6642a481ca506d0050ef1f58c0164a8",,
13825,"b8438989d7ae1c969a5d3a43b64f4e9c",,
13826,"ef303d92d888ead1223e235e67872e7b",,
13827,"4a39b8f7d39b2a39921e2643e8b1a46f",,
13828,"185a1783f537296a34f09a143ce95be3",,
13829,"22111b17676fa52c58f0a5f378464cae",,
13830,"e1719556ce15e56de041031e1e2e4599",,
13831,"ccb8b2c0f4a4581825dd99e3457439b0",,
13832,"778ab69c9a8a581171aafea1dbd6473a",,
13833,"b729dd7dba86b9fc42bb4715f7d3c0f6",,
13834,"39bc0059f11c4cd165e179f05b0c93ce",,
13835,"7e3962549d85b74b5390aa7b303fbf27",,
13836,"13bf0e1f08a6c1f32fd387f833f20d07",,
13837,"c9125b000de5b289bc72e7dc51ccc597",,
13838,"99ebb48d4330b09473e9ed55aae1321d","nordic",
13839,"2e1500549dcf0b46fc5785f44a2d621e",,
13840,"30cf5edbb02c95ff1851908c562b30da",,
13841,"9de19b52bda965726b26d2dfc2fbdd3e",,
13842,"5c269aadfc82ad987d6a27775a282358",,
13843,"e8cfe650c78bc9bf0c89758de37f38c4",,
13844,"91ee5eed4defa214d1492e5f66e761ff",,
13845,"e2b2d750a46b617b9760962121100a62",,
13846,"e4546c7abc42927a8bdcd940d6c663e7",,
13847,"a3116c16208547248ef9a7660abe39bb",,
13848,"15ddda7c31ec7b5b2023d0bf0a4f32a3",,
13849,"d1f08911dfdbad1603b31d6f5113d852",,
13850,"3d4c20f89cc22420150defaaacf3f2f5",,
13851,"d9bbd0b6ef1ade5b13242e95c4d115f6",,
13852,"95be5ce4f5f747ed10cf454312da419b",,
13853,"01dd023bc70dbe34b77c28c52b6d08f9",,
13854,"0140c2ce6e866066f2bc34ed0149a5a3",,
13855,"e3c5b528e44672e93a1ec156fa1199a0",,
13856,"ea7b8bcb275ba49d329ccd84e95f4383",,
13857,"695f0246f2915a0e538a9ddb4ec670e2",,
13858,"4a044044be4059e723e65d459a1b8df2",,
13859,"8a83657cea2ef12afdaf78f9c5215306",,
13860,"321a6397f180ee40112caef7907bfcf1",,
13861,"b10c576c8c3447f4038a4488f4199b2f",,
13862,"859d1e53ffe2d08ebf337d9ffc8a630e",,
13863,"45907793b2032fc4fd4d07c825d8e859",,
13864,"016cc5c8a5a62b0c5e09c31457e39fa0",,
13865,"6a131ae7496d7b73474684b58f97e0c6",,
13914,"043f7b5b9d35b8b457c5d0faaff0fe25",,
13866,"352a925a598de4a5e272e691700fa80e",,
13867,"91e426426345c6cf3786901d57ceeaab",,
13868,"7c8b2ef1676f7657196170ede14fd68a",,
13869,"3219b526f25af3a6cf25a1d632e7a484",,
13870,"4854677522d0a5a38c30f9249cc9686b",,
13871,"62808dfa337872609bb5845743849333",,
13872,"b76b6f6843c8e8093980b357640db6e3",,
13873,"d41fd84b10d5a6a968219c7c48223a5f",,
13874,"8a8e6bb5b83ceae7919ac85aac3c4861",,
13875,"e90916b441680275f32b7ec0870943c1",,
13876,"ab20135f7adf48e0f344282a37da80e4",,
13877,"d5de41c87487ba7094bc0b2cb90d7098",,
13878,"b70e5453a4d12cd2fe267a042b353bdb",,
13879,"c405f438c45006c84c0f86b9766d1407",,
13880,"39606b8e3d7eb3b69693ff9579c4b98a",,
13881,"13b570fd384a9c3f3e7044776ff009b3",,
13882,"ab557787abc8917f6592622875c9e211",,
13883,"78668fd07fe85d1301fbf3b841da7ea3",,
13884,"dc6d5c3329ef433f97f2c2699e04883c",,
13885,"d8f75242862306291d7ee32e2b7ad996",,
13886,"dcaf2fabc0ec91f52ecfdd254b1481ed",,
13887,"08876de34e28ff8f4ecea7f0d826c318",,
13888,"a104b34c24ab1dcb367a4e5215cf746f",,
13889,"32f6bc84be1528aa590d4565adecb50d",,
13890,"226f4354f99c4b1a030ef14080099de8",,
13891,"c0712dd26385ff04dd209fcf7cead08c",,
13892,"27fa7f9763d3417f49d7f7bfca614603",,
13893,"ec2589cd6c1f40b28bf5fbf82b991bf7",,
13894,"6179a800aa8c6c18db7d96f1465a0ae4",,
13895,"863bcda47a57b486e6b3f24566789842",,
13896,"1712a3e0f280778deb38d90f82d830b4",,
13897,"84f4985d828a51f3cf22f801e900a68a",,
13898,"3bac8cd3f277b2c9d8885ef1521c9ec9",,
13899,"f6df99ad66fb4d714ee70beb385b224a",,
13900,"4cd300cfebc26b157d8f4a13eaedf8a1",,
13901,"08c923a3774cc0264f5697f1a0c05d63",,
13902,"5341308436428c784e463c15ceca0dea",,
13903,"d460f2d20f1350a9663c14f2b3272819",,
13904,"95a5f057c3cef8a2c63bd01f8567e802",,
13905,"0e78ad024accff1b03d767b2f8f388dd",,
13906,"d89aab3af7bff49a4232dcc3416a6b3e",,
13907,"640fffa4f0554f07c2dd914036f0c3a4",,
13908,"e75c88a45c60c0c3eb6644e6effd05cb",,
13909,"e4e63807ed39b81a233c3374a54950e3",,
13910,"fde2d80d6056c10e967ef646daab8b0d",,
13911,"3ac45e03600ce3d1ff6fc80a75212852",,
13912,"6ac1e2aa92a154d0eaffd9764e09b43e",,
13913,"1a63ab1cc03859d2ee61023bcc657b5f",,
13915,"1a9780ae9e17cc47c79d6c3da562e61c",,
13916,"ac3a7d6bfc94b512ec20975c281821a3",,
13917,"e60f9a0486812846ce423f3cf0942f25",,
13918,"ca36e0c5ee2afbf8498443e931494f92",,
13919,"14c60d9cf7fe71e8cc6bbe1d0c748bc7",,
13920,"a5d53965694cb7c6088a93d98817ec6e",,
13921,"d3f7844d9ac5777cb0793dc7b9d8b656",,
13922,"133722f21f6f42bcbb89d54f82e7398d",,
13923,"9b9fef07f1eb215f69c00a0c585395a6",,
13924,"7b7abcc94476a7cea2d8d1477492d0f0",,
13925,"68b9de3201de93408da6bf948c3fdf2c",,
13926,"b0dd854093ef9cb5d3dc5e49b390382d",,
13927,"979b3c53a23423772bb53ec8093d44a0",,
13928,"6cbb574c04c546e33074e3e5c2e4289f",,
13929,"09a58f096fb22307f3bc223ec99a8c6d",,
13930,"87c118d9aab9da6da9b54a88b52cbd4d",,
13931,"1a8578bd415df3ab508b8b6a8b99e9b0",,
13932,"7f9866352e0822962daf1cf51596fdfd",,
13933,"cb116ae259c14ec6fb08ba9aeb493107",,
13934,"55ce4f01a7fd62c9674cb025c6923111",,
13935,"51e805528d92592778f15523acbc463b",,
13936,"f2fb809ad89199e0295c1a8c2fff0580",,
13937,"169b8c19d944b88d5ad9df114e111f5c",,
13938,"696b080cac8d306a3b63808cdce20a81",,
13939,"c9d2f900cc577c90a6925f049f82e941",,
13940,"c10feff6bd3d3f8c606444e867bfb87e",,
13941,"c66ef8f464bf4e3032cc31ecdaca7151",,
13942,"df69e99094caba96ca3688d94825cb33",,
13943,"8bffa96560241bb5f941becf6a84f22f",,
13944,"0385299a70a6a28edf19a807b1315c41",,
13945,"27c6cd6cdafa47717fb8cdd914d473b3",,
13946,"7e38f660dcddb3e76cf9dc2f91df9c4b",,
13947,"e6e5fd20ddc3d62f85b85a326b413113",,
13948,"48ca202d30715e25d5db8c0a16321037",,
13949,"f418139fb57a51851442290eb7c6a3dd",,
13950,"6bd2d250335d5a47908650cbda240d97",,
13951,"349ab68fb19f9e8c0ac6952532489601",,
13952,"30a09e77f3846ea55af4a237d5a68c19",,
13953,"5bacbf857545405813eb021bb2a43368",,
13954,"62a15d77032992075aee3d8c0808abe9",,
13955,"80e03cd1a1db0a44c24f5c179b47a4b9",,
13956,"fa242cee797e385e237c11d7517a21bd",,
13957,"85373de08be41a29269d5772409fc183",,
13958,"2bba1efc73f54985fe773c66bc344e6b",,
13959,"0281d86dd8c6aea90e58331ac0dc90de",,
13960,"c752297e07105b8eb39eef226dad62ba",,
13961,"c87b336a3e916c5ea3bb96e58fdcb79f",,
13962,"6edd77ccced6eda33850d302853fe665",,
13963,"87c42a9c5dcb3bd3f44233b3d10a169f",,
13964,"0c4d082a795046173f2b6dbab4ea346a",,
13965,"31396b8889b390a3c5aec652e70b9531",,
13966,"d45cd8d69f3460266c197eaf260c31a6",,
13967,"fe668d3ac22729f677e045c5a1970709",,
13968,"0de4a73052c5ed5760e2b8ae3905c32f",,
13969,"bc66efe80667ac9a223099410a418428",,
13970,"a5baf6cfb523b8780bfc82a4eea771ca",,
13971,"2cd9b67771d7431a37028d4116054ce2",,
13972,"fa301131e7b7efa6f9779dce379f937c",,
13973,"0768bbb9d8cd401039130af20ce865d0",,
13974,"2bae37e36062efb4644a1175c7257b6a",,
13975,"2174eca5554eb34a846678040a67783a",,
13976,"9a06bc5e6ece3dabd96fd3b17aa22892",,
13977,"ad81cdb0a3a695962404c91ae1424e20",,
13978,"e9c5cff76798c283eca6d1b0885d9312",,
13979,"d047f259d095b69800a0b65548aac3d0",,
13980,"8e29cf0b2c7357d50be18597209ac868",,
13981,"e98bf26273b1bc0181bb33e16c647ea5",,
13982,"3a9067e47877157ed1e0fed7806ad97b",,
13983,"4370411cf7b8a8d49b09e626aa7335ea",,
13984,"1cb202e7de6c70865e655b3555964e04",,
13985,"093e749a90feb516be26626a5f8987e6",,
13986,"f5841e23e72cdbba66a8f2712b641eea",,
13987,"a866a09c04618a75fb78e20f110ae415",,
13988,"53f80ca37a6dbeb9ced8deaabe742afd",,
13989,"2985d24d9c0120bb0dff94b9638c4961",,
13990,"1cecfc226bfd031dfa28cd5a8113a87c",,
13991,"f14ac832d5ab12dbbbb984771b92d83c",,
13992,"a1054aa7c0e32ee3e833bea8c93ba154",,
13993,"30fd0a7cdf9054f60dd7f88c66c763b2",,
13994,"fc1bc8c4bfd188344b90995d2cf9c571",,
13995,"cdeb5a32133004bdcdb4e6f9033b7037",,
13996,"565062355b3378949242167ec911969f",,
13997,"19338d5a732bc32207e7b1c681ce50c3",,
13998,"d70afaf53fb60218b9959b0716fb2c46",,
13999,"bd30a836c05d2671f3f3ca16f4e1c676",,
14000,"4b65ef8e68cc15347aca8fa5ca217208",,
14001,"30d9f8719a6b79d9e00dd9ca78825556",,
14002,"acfbeb21765368804b0fb3a9d414cfb0",,
14003,"a1b794a219f991163c11dcf2dd480c71",,
14004,"b54a8d83fdb930b80b075e53e5e2b329",,
14005,"4869247078f70c4894eaa49ea975c27f",,
14006,"59b207d14f1c2fd1b58ca4b49aeeef24",,
14007,"0e3a9d089e8389575b3fbb5c0bef783a",,
14008,"988384cb7287aa76880b96697b996759",,
14009,"43d68a1f10215fe5cff28a52f7cfdc79",,
14010,"c336db2c0a0a45766ba66a8669767bd5",,
14011,"5cdb625fc334af2123dc26271d8e4252",,
14012,"c8ad17250e4ab5cb3cef1bd03349a4cf",,
14013,"22aa2c60ac3b146ce2f8a87d95704896",,
14014,"0d860ca615ed1f68df99489ae9d2afbe",,
14015,"a397aeb68ef37037b0965f55480fb6c6",,
14016,"3303eac115f1896dd4054553a42ece96",,
14017,"43819c1a7ecca2585c226e0355964bf8",,
14018,"ee04c77f5a208a20bf411c7e5b29ac1d",,
14019,"fc72d2f265f1d1f5df2c7530ee485105",,
14020,"a474792ddc355a19dcdec97827b949f6",,
14021,"f5b1b256cec0ea7b20c01fd64370625d",,
14022,"4b94bf549486fba70500020ca7310746",,
14023,"4614e616cdd9d2bd7b18a5170804ddc1",,
14024,"7f48d9ed1d3c30b622c79ebf4d0ef216",,
14025,"521d95f75577c49eae09b00704c3823d",,
14026,"a28892b5e4ed93c56132035b63a1cf01",,
14027,"a43c1b0a130c6c08224ed33fadc8f77b",,
14028,"bae724bbdb5fae078ded54d4566a8f8c",,
14029,"f88a417fc5194f9cd1c2c364ee60f64c",,
14030,"d8aade910b4d05cb89e2bf22a171483c",,
14031,"060ce0ec766a32e27dde5fc633822337",,
14032,"a305012ccf98af0e2a8d7f8ad69ac16d",,
14033,"3af6c0f2c3dc66b1f16dad71f58e1d8a",,
14034,"2f4e0263ac9fcd0be1aeb792692953da",,
14035,"1c2c493c10de6256269958cbf7e04e1e",,
14036,"d160147aa70520700d60373af1934f8f",,
14037,"841f033b499e4853ad5a19d3054476ec",,
14038,"5aceec6c52f61d22c15c0bb19dacd533",,
14039,"f39a5813ff1519f0aaa3183d4ef1d502",,
14040,"505651cc10bfaf75c60574346d48e8b8",,
14041,"7460895a9f6c8608c498f4886010ef0a",,
14042,"8ba69dd2020e5de29ad86158ba05324f",,
14043,"f40c9230c0d5ec50d32a59a6b39f0aa8",,
14044,"58e55efab37b94cca70b80c892a90fee",,
14045,"f7a1e699ffd89b21fe107eba917c8c27",,
14046,"41bb6f17646974d2265c90e9716c3663",,
14047,"f9178f0285474c36c28a728d9057e28d",,
14048,"43c949148c7eeff3abc2ce10ac8d255c",,
14049,"4aeb523bf4a86c33c6194118a35f0223",,
14050,"0064a591c6c0040d34e70f9d514529ed",,
14051,"533de13c7ae84d033af50bb1ffea171c",,
14052,"2d7407830da11538d24296adf7359f05",,
14053,"fc2c731241d0eebbb70a92e999f5b620",,
14054,"f144cf918eb4370605a4314ad60df583",,
14055,"b90643053a4735bb6455d9c403870c6b",,
14056,"2099f955ad7e511395186d4501910330",,
14057,"3678f2d9116cb31fe67f219fdd2f3b35",,
14058,"0a4c182f7b2fadad3014296c56cc347e",,
14059,"b6243d4071df64cf552f09d1eb18992d",,
14060,"3f1e7da69797efa65e42279f62b49bf6",,
14061,"63a210f0ddb86a3cef73fd62dfae798b",,
14062,"04ee15737650f5dc13528acf5959ed89",,
14063,"c1655fc5eb833553d68faf07fb064b4e",,
14064,"030448d2b1faf6deacbcc6274057828f",,
14065,"c03ecaecd0009da9d98a09e196252e8c",,
14066,"168551fb2ba61be8ffb5b451203671bf",,
14067,"40fbd3ffb699819899df58e157366e23",,
14068,"df91f1f72c6980cce5b867410bed266a",,
14069,"88aaa12164b2a205cf37cf244d290c35",,
14070,"0fb0591acb66ec51d0bc98e0dbd4cb20",,
14071,"c46c1381a80240eb99928dce405871e3",,
14072,"b995be9c3cb084baa88005e387f0c6ea",,
14073,"7a67b15f4a4bbed02068076da55f17ad",,
14074,"5cf50a499f3095582ec2649761a81251",,
14075,"30e26521ddea63a682418c20ea7cd53a","nordic",
14076,"ea239f385bfba674b2e3d49f7ded4498",,
14077,"bd6317e9b07a75749542d5239470274d",,
14078,"06b528b27c86e356cd9be0cfaef9ce39",,
14079,"3e7dfd1c015565a0c58ce1b4b18a5217",,
14080,"703fb50c196f67f1892bc4f0793c5eb0",,
14081,"c785b18e9f3b4f57fd6a330061c0dd03",,
14082,"c53608f5818b702c46a012c57b4196ee",,
14083,"20d5e6b077ea17a603a1ce535f17e3dd",,
14084,"3e95de9459d55bfef05dcf857b0e7753",,
14085,"bb9cf507ebe34f242094b008ddc66073",,
14086,"ef62f1fa54878a1f502e9346a315a107",,
14087,"4f47feac867dbdac81338ea5ace91246",,
14088,"a835b74b35843d0d08d8794a9848808c",,
14089,"71086b348ceedcb4363fc2b5eacd8716",,
14090,"c865a4bf2a0accca484f789445de8270",,
14091,"0aabacd0b6d66d845c952f1106278dd8",,
14092,"c98581bf9afadb81ce3029846e3c206c",,
14093,"8fd43021adb40bb99cc9123cd394c147",,
14094,"ed791bde3f592b14933deadb96a39159",,
14095,"725766e5dfc8204d447041dd48769151",,
14096,"32becd7f0270e185b740a9420fda3aa6",,
14097,"711bd33b89d18ea1fc9dc17698c0f718",,
14098,"0152dfd89db87b7a9a30a45fa0db4b8b",,
14099,"25493f83caa236b8a28395085b2bff5e",,
14100,"2dbce2e58ef5b9c79a1fd2e671d78f35",,
14101,"e58dff81fa778067d03640903823b0c0",,
14102,"ed234a7f56eebd3e460d31a1c3456bcf",,
14103,"84ec170b623523fb3a5454f5a9203b1e",,
14104,"9feab7862db6eb7ccde7e3574bf950df",,
14105,"0f5d6d3626283db7fe5a3dc466988ff0",,
14106,"6cda39e570edb9265e2b44eeb299a311",,
14107,"2d2d87d8e1bebde05862ff67a1fe44cd",,
14108,"c3ab102c2411d05cb441bf031d217431",,
14109,"87a8b3bffbeef398b3194347c538f17d",,
14110,"58f4605527d2a00b078770c3ed030787",,
14111,"4fd8b2afb41316e4ad30adb6f83e7e40",,
14112,"1a62e72d89abe596e2ae26da80dc8575",,
14113,"e2d46b585a4b8a93f5eb1fc68a44eff6",,
14114,"9b10fe0dc99c6013d976512658ec205a",,
14115,"64a5d47cfd5027458ca5af96e20f5c1c",,
14116,"a629be68f4c0f09d6acbe49648ecf638",,
14117,"fd79e0aacdd544715e518fb8680d1d67",,
14118,"80d661029f1456460a9a554a8a2dae14",,
14119,"6ceedbb3f30d22dc627d9287d407a5d7",,
14120,"014b0ef92025cb8e162f33d7a525cfe6",,
14121,"f433a651d6ec1b499f674e53aed3d553",,
14122,"d64351f3528de3ebf51e72162e168220",,
14123,"8827fdb0cf6d139788bc55a40e76228b",,
14124,"b98df33047cd3519e105890db9cc416f",,
14125,"fb7d5bc79c32bbc768282a23bf7ed556",,
14126,"892b3fe6f1c08adfe0f8001324701cd9",,
14127,"03ff3750da1130dd37ae11030e15b45c",,
14128,"fa63ba4bda7ce25f30be4a0300fa363f",,
14129,"881bc6569edc15de943f1f28c0a0d2b0",,
14130,"0bcce19eecccf7d4a66622ca5aa9ad18",,
14131,"0918da0dd32601ac828601509a2ea71b",,
14132,"56c2b3d81dc2618720264935a30aca7e",,
14133,"7c0781320b9109796b50f7c135830498",,
14134,"a6af82925238ae9c14fbe6dcdeaa3cf7",,
14135,"bca2d7d0978ebd8685b85a81625fc949",,
14136,"11e72acd93033803cb61789eaf1715b4",,
14137,"4e11ae1746b5cb58a70034f9bf67820c",,
14138,"f251cbc8aa63ab109db46166da3912f6",,
14139,"198c5fac4124e8039b7891d70aada5da",,
14140,"01c66e417fc8dbed78a9edefcd802d9b",,
14141,"218b4c2e55834540151e867206dc860c",,
14142,"ab673399f17a87c2b472c094386325dc",,
14143,"f2210111490fec1c9f693ac090b084d1",,
14144,"c042d1cf747985f73ccc800b3fc94b42",,
14145,"9ac9b6d3d9e1231f7c815569d84de734",,
14146,"395db73097c994750bf4218465dc3bc5",,
14147,"76a15bd75a7ee172aa69622a0a30e576",,
14148,"194597421e9e75776240d954eb3aa5ea",,
14149,"b375fa82fbac99aae9889a14344b1d8f",,
14150,"c78b50cb4a064606a6e43093ad72c5cc",,
14151,"b5f22dad7db90f0eeaf4142686225d00",,
14152,"1be680858e0aa14d04e4724b456cd26f",,
14153,"adc66a026ff876eb4f6e0b29040ef2e5",,
14154,"18d898209a2a3eb5bdfbdaf209bd7a0e",,
14155,"827d0ff1a0b1fe73334515a123be1ee0",,
14156,"329e115adf9172741492b3297f45aa62",,
14157,"832d32d27fbc53b7f2c6bedc8682d22f",,
14158,"e2a962db0ef28f0d7cea1e64dfc84ca2",,
14159,"5ed304fbcff523ca11c10e756deeb720",,
14160,"2bfd748fee0f52670896e704c2287342",,
14161,"8d98ca9f932bde2fa1fdfdb8bdd82543",,
14162,"f5560dc4e0e142aa39c07e7fa1aa17d4",,
14163,"aea1f25a2ea91366dd41324e7d991c29",,
14164,"c5a1415dff9718cfff4ed78942423966",,
14165,"7aa399a248c0d42fba9439ae0fbc5d90",,
14166,"e42e191f8550ce1ed61a3def62a35483",,
14167,"7996bb4b1fbe7a03e5dae0f53314334e",,
14168,"be0ecfc10ea5bf473f95ba951fee9432",,
14169,"95fe2915a644709b9658e07e21f014cd",,
14170,"60c8c7b71b5c78bbe7fb0f11399863e9",,
14171,"a7d6a1e5086aa900c2ddd971669dab14",,
14172,"07f209dbcf90109a91473350036e938c",,
14173,"8bb15792540dc63a70d6c85f439362f0",,
14174,"f572714001b37f6d319280cd9d1f415c",,
14175,"d17c3d11a1a89c83e51567c0f33b5fc2",,
14176,"a53036c83949416c46c321a4b7c1cb38",,
14177,"d83c93161152a31153dcef90f0f66365",,
14178,"20ca8e28abf5492844878f0108d7226a",,
14179,"ba114c32a11da99ab0557848daafc974",,
14180,"79fc896ae5b964a793b5374074531a10",,
14181,"f19223fb918e73ccfd7ef8c0fbd86e99",,
14182,"a98001af60b54addb06fee7b1b47ce36",,
14183,"6604258a6953ac9e9d398bdb8146ed1a",,
14184,"78b914091dfa67c9c2867414a9dd6650",,
14185,"45bc59ce20b38da7bdbf768ab2a39130",,
14186,"5d8aa28160003c9612b6cb3d185aeff6",,
14187,"3d51c7c81f21e267bc2032ac8fdd98f8",,
14188,"89453ea0d2868b96c91094bbe37a7c78",,
14189,"c1734745c646e96fdc6769ea9b634c6d",,
14190,"b150a658bec22b888b954b9a7be392a8",,
14191,"4597b5f99d1fd1e001f0934a6c08cb32",,
14192,"bb814094e9a2cfa37352ffa742807691",,
14193,"7893dea76b3fa8fc0a50edbcc35eca63",,
14194,"429cba9e2dab44070d967b1e6fcaf785",,
14195,"a51f82529dab7a708a67b8f54449ee6c",,
14196,"90d63ebf9987583fff5c62108490bc38",,
14197,"d2ff3fc3edfcd06130ac97361b90a7dd",,
14198,"f15c4302ec0704b4aec0a17d11bc93c1",,
14199,"85e20512d13894d4996590e86df87d56",,
14200,"dde8c4ad07f7ceaf1f484412b9fc43f0",,
14201,"d63c3c26b167db17d501b7150660b277",,
14202,"491caf1315f7284e40a8347dc6c52fa1",,
14203,"33c0879ebb0861bb00388f99b0d87f41",,
14204,"4ba71bee9bfcb7893747ab3b3aa2b129",,
14205,"b6e120251d04d53d2573acda6171f6b4",,
14206,"627250ebf2db657bcf0b2a6c605754e0",,
14207,"a2958b7729b124fee7d801407270143e",,
14208,"4ad43b66b93851a98e1c180e638ec9a9",,
14209,"3cda4a1a8d2e32cb50369a128aa83539",,
14210,"1951f4a55378750af3b103f1655594b1",,
14211,"f329356ec97d36d8ef36650a61efe574",,
14212,"70fe2e17bae0c8c363936087d1e5b813",,
14213,"81abc7093185f1ae82eb443471dfcce9",,
14214,"538906f06e11362ce7cec4c2873b2d3b",,
14215,"c6ce69b4df56ef9917df81463c0701b0",,
14216,"61889455fd445537a8a2051b6fdeb5d8",,
14217,"e89bd974fb146a6d4b57e4c23e68e4cf",,
14218,"33faeda2c400bcb0bda86d631125e03c",,
14219,"e14956f4ad47dcfa4f8cfc57fc21b321",,
14220,"d44b300a642721de7ce5c45a5e383532",,
14221,"3f426a15389b598d95264e1adc73f637",,
14222,"c9564677fa5e657297e23b5f70b702a7",,
14223,"0184c11afbb447d526a09e27300e12d2",,
14224,"8407be084ecaf9944d294dd9871283ec",,
14225,"b3298025936c29153c821ac4fe1841d2",,
14226,"dfa8fcf3bf2d8821257c4904ccedaae0",,
14227,"bfe1ca2c0fb9f850d8fe1c4e60ec81a7",,
14228,"08c079e84d6395bf28f043af888966d7","nordic",
14229,"85d9d2eb960dde00e407e1316a1b3095",,
14230,"b7bf2bcaebbb4c498bdce80c468a576e",,
14231,"7dfb95b11d7cc4736358ffcfb35bc575",,
14232,"5cb9f94d71e6693a87b42586cfb08270",,
14233,"dfa08d20bd1d870e2ae4fe4d08c7c941",,
14234,"2f45851d0f76361b80478eebce34d5ff",,
14235,"46b6f172349a01e98fb905ab88fb248d",,
14236,"7240fece45bba1284fea8d6d2b67d7f1",,
14237,"04165e1ea5539b04cf2fea3290ee5cac",,
14238,"354bdb6f678e548873be75fa25468f77",,
14239,"7743d4412050610a909dbd2f8cc2c6e3",,
14240,"9c342c4e04f9e5e71dccfcbe4e7e07bb",,
14241,"27ec1c254b45e22bd7601971a172e3b9",,
14242,"554bdc15ae96dd79826a25521bfff91a",,
14243,"ff48fd71ca93a42190d3b330e0e94f73",,
14244,"43bcf808e1e7d8322631e3ac5abd65c7",,
14245,"f237ffbb7e3866586c1b454c1b08a6a5","nordic",
14246,"c58568568557e5708cbbe2865919af2c",,
14247,"90b46a321685f3c55d1cae5669a8e13b",,
14248,"28e3fa90b94d8019d376ecafc6ede89f",,
14249,"9af9bb398fde2b2da1c46cea478e974d",,
14250,"fe6f6e6c5bcc3ae591983e9d93643b58",,
14251,"89b0b7b6092015d81e1845298d9fea96",,
14252,"c1b2ba60af190887ded5d6ba2e9878bb",,
14253,"104474990490c4e6047092f15936f813",,
14254,"19a4f33d5781f201528deabea36a3009",,
14255,"0105b93c9163ee577ff034fdb50f5642",,
14256,"83b4debdee358913c8d3ce1f3850db12",,
14257,"ee5e4ffcebd4422173e777c265c18433",,
14258,"a3d5c2b02b75eb704ad13c6041ca2beb",,
14259,"66a615395ca0e756640ef1458680862b",,
14260,"d2e8bebd492780639cd835b7cf728149",,
14261,"6b5098411523a791fced06f4b73adcae",,
14262,"5f6830bf0fa9ec646f707a5fedb3225a",,
14263,"7e4dfe4a444e03c4deb2019d2e7d259f",,
14264,"8686d345e63ec00e82af98e9b15adf38",,
14265,"8ed95e36f55d9c595d8b45edd3a4db43",,
14266,"6b1352426aafea04319f91e3343128f1",,
14267,"37210afd28043f1ed300aff9a235e217",,
14268,"d23938405941b3b550617b230f232f74",,
14269,"01217dbf0009a9f894093e8e226f07f4",,
14270,"a5deaf3f63ce52614a6e3d559fbc2ff5",,
14271,"7bab0b9969b5453d5e66ede58578ae7e",,
14272,"1689010a0091fed6b436c79d83770a2b",,
14273,"1249c770afe4e688a0740300a47c961c",,
14274,"72ec8e839b54e26cb25d186c67203e4b",,
14275,"0b381f495284942ac5a0fd708b78cc73",,
14276,"1786c37291bffaeb6ce34a698fc7cd3b",,
14277,"c179c4d09817cbe80fd2c3d28b7a1146",,
14278,"5021db46c30a666b5886c21eba83630f",,
14279,"c421b1675e413acc22f0a218766ece01",,
14280,"e472767f2fe954bddb22bb0df7043dc3",,
14281,"216941756471ec23d55bf83ed30e6475",,
14282,"4bbb8f69a63a589d3d880ed6d8aecd8e",,
14283,"ac28ef3cd454e67eab435d8b486a5e1d",,
14284,"a507f40362f72aa7fe848b542223052d",,
14285,"61eddaa2c9182db4b0878e5401521a89",,
14286,"5b2d5891c4255256ab3d1d0b3e4b7815",,
14287,"e5cf1d94583729133866a30881890906",,
14288,"2a12f361b6e6ba039470a0bfab47f76a",,
14289,"08dcc840a7b6092f60d6e192941b9252",,
14290,"553320e786b97f8de11f284abe26fd05",,
14291,"9fe88bf64aa764c02de18f78d5d34493",,
14292,"d278d780baf52b3703112115a2b99d85",,
14293,"2666010aa45de8c94c3bb549fd8c1faa",,
14294,"4c4cfb559568b735694de8f4f4cc1550",,
14295,"00ac39aca1bd9edad8c069c2f983a58f",,
14296,"e059a2c13c2abcd341fc758de69d801e",,
14297,"c16f2a065f743fca1719b76320dc77e8",,
14298,"99e0e3aa64bc183b9803c60b726e17cd",,
14299,"4d997c1523b9522fcec711030d2bcc5c",,
14300,"8908ae3d6ab5ffdb83d2cee1d29856a0",,
14301,"c5ab2cccf7e5d6a738f206ca39638c4f",,
14302,"f1ce07d63be2888887b67c2e1bf46224",,
14303,"fd1f5a37b83c4a0648cf139c00a2c91f",,
14304,"d49ae3c346ce72cfd884343eba21db73",,
14305,"995dcbf5f0e7e21f4db98f1b56eaae48",,
14306,"6673f4331a90a295e59781608bdb5ee6",,
14307,"29504f9dcfcb59cd329a7a7eb0bd7873",,
14308,"7bae4ffd0fc09d4aa8be6102482a1454",,
14309,"f423b4b2b64b1cce2ee8cf96c0dd15c0",,
14310,"eeb3fc84a80c285fa9aa732eca186954",,
14311,"69711fbcbb121619256dfdc07899ca2c",,
14312,"3106157934a8feb55145c4f5de3128e2",,
14313,"38e6bbd3af39b964f4d63c33dc19f2df",,
14314,"e76943adf630f4bbf47977e422c3839e",,
14315,"87caef8d3d1416a86477513799e57c4a",,
14316,"0af25f5e79a65ad34aa6f2c09e31aea0",,
14317,"4bf5474edf52fb7989c6784e3a3582e1",,
14318,"86d2b7a1c747df845faf402a8f9f8ec8",,
14319,"20d9e7f7de42296cd553e5c00940b9f9",,
14320,"ce9b0c19cf548efcd2a4449a82045073",,
14321,"e533890c198b6af7d27204176ca96e08",,
14322,"27cf6b55d9333843c2bac3e127085b6a",,
14323,"9274a78e67ae417baba0799f5cc8a382",,
14324,"3eb7642f5999ee88da4d87de5537eabb",,
14325,"f91b1c72ad757253f9a261809f465092",,
14326,"7fa101322b4003dd98afe6d28be6d611",,
14327,"b705bb9c13e91f0a3b055059af07c587",,
14328,"d926c32a0a0c6f8b3a86412f7ef71d18",,
14329,"b42e190faa6b0a17491948d2568c7296",,
14330,"134e6b24211e7ee4b817e272c64e096e",,
14331,"8cf8ce03290fd28471c29b3c82489e06",,
14332,"17ed18e5dda623fce7e683fb66764842",,
14333,"7c2ae6142b2a522154c8471dcf0e1bd3",,
14334,"948ae1f2c9b9d48c6e68c6012bea2859",,
14335,"332538d88de46e79cc7715b128943559",,
14336,"b2f5c89ce0f9047aaec4d422ad125961",,
14337,"cafce27d4a77066d3980b1751cd7fd24",,
14338,"bad5182326c3d363c2acd19f1dccea7c",,
14339,"33aacc79377fcb045102b9e73a3c5cf1",,
14340,"c449c03bf6479d57932b1e89c5b49c8b",,
14341,"4cb91276c970d2896af59600fedf2d97",,
14342,"9caa8aa9b18fac20bd803ba819fbc492",,
14343,"a465252c4bb838406757d9f3782cca4e",,
14344,"a121f14467b0a03e898b96bcedf73f1c",,
14345,"3ce2427e0079c87d46b6c3dd6b8f3de7",,
14346,"78d3d0ae27b6b04322ebf42132943eaf",,
14347,"99d03c0cff358576eff30664fbfac9e4",,
14348,"2560b746f3ac3ab5069105185ec9cd3d",,
14349,"f1db702debc69dcd7fa496f07d531055",,
14350,"d95d4fe644735590e48642727a4b6ea2",,
14351,"f67fa6f719a20b0fbd719001ba69e0d4",,
14352,"dd09698fcad9667e5328c27e81c3a93e",,
14353,"2026a1f167e6f506ca48b9c5c7a45fae",,
14354,"0462bdb0d7628f357325b82c785620cf",,
14355,"b543e1629e17cfdadd5d10385c06c0d6",,
14356,"ded255638dd0733b441451c81f11aed7",,
14357,"f90382b5c93524ee1612cb4b1ada86d2",,
14358,"c365afd6e5a2460fbae293c1256e6550",,
14359,"75223a7e3df2669fa413af267e519579",,
14360,"22807f9ecddee84878dd40c429855d64",,
14361,"71824b47b5901ce3f815d294aeceeb13",,
14362,"cf00dbf3dfd9daa8473aed13c67d86eb",,
14363,"ba06ee11cc4ab810d6ce2eaf072afab7",,
14364,"72fe2d92c50bad7adf32354b652f3e92",,
14365,"590973fa2d0c783db113ecf8d72cf9ba",,
14366,"dcf5d6bdb5f4b729c11efb7d5fdec6bd",,
14367,"89b3636a961c03af3915764a7c91b545",,
14368,"9812f2547cb9993576713e0e47a094c0",,
14369,"a8e14dda8cc62634ec452d5640dae1ef",,
14370,"31f2f47d982263207034af2ee877d88d",,
14371,"51b1ef39f840795a4f17849b43f8d2f3",,
14372,"e36e602db406bb62b02dea88feb41a3b",,
14373,"bf54ee9310b460114d2dbaac1a3a804d",,
14374,"55f0a3f89b40abf9d82466c22a62c612",,
14375,"f63ea1ceabff6927f5dc134f84932c71",,
14376,"b185cae3049220d9df421c6f4063ae92",,
14377,"5a0aa9ab8d1578e26a9de0187a592d63",,
14378,"84469389ca5ce8a7f74247cf6b47fda4",,
14379,"9a2e3d30c89e6e6e1ce832b054bbd993",,
14380,"1835eca893421a2266915762b509bf86",,
14381,"6470c848f90205cde0053e7d284eed4f",,
14382,"163ed1a581a47946ff8c09eaed8a5caa",,
14383,"eb5c9e7bac86e70568579edc68a9008c",,
14384,"3a0bb7b41c8d90aaff4f81eb3897717e",,
14385,"4e99c28d3fc3d7013f1d72ef3a93db8f",,
14386,"8bd84c1d44d6dc5a34e6934af9c8a5e0",,
14387,"9f819fddee74d6520eb31705c6239aa2",,
14388,"a412aa060b13b730383d927559c11d69",,
14389,"5165647048c038e79dd4e12f47f33fca",,
14390,"dc947e32b6e9d5319e91794c657a9b80",,
14391,"48db59feaf30154dc5183301781ee7c5",,
14392,"76be35b430598e7df9eb19bb5e61b2c5",,
14393,"8d183c65019ec2f8804aa95a3a2b7fb7",,
14394,"ab0aab5f32429ea7f06fac1963eecda5",,
14395,"48ffaf2ba8c793aae10cce05217c93d8",,
14396,"daac2f45ab88b6de4e5b1892513b9ef0","nordic",
14397,"952e90a18f83a97bc40d4297759c0182",,
14398,"ed9b2a187d9241038dd8b2f7c20f2fbe",,
14399,"6da83cfd60d1d5c90fe48a70bb169fc3",,
14400,"922cb0b28827d77ec43ad29ce9f3f3ca",,
14401,"b13db1b1a75ee8ccb876315775333328",,
14402,"fe3809701026cd3663ef41c189a9f86e",,
14403,"20e2683a95f584c8a75faeb27b03a0e7",,
14404,"2e6f5045ec4c5a42bb93ced242bad0ba",,
14405,"cfe4925051ae6b3fe5cb75682752040f",,
14406,"a989d9f1249b76ac210eceacd3de5b3a",,
14407,"828eb39489c2590c152acf1dc7c15cf9",,
14408,"4254a866c9ca620fd0f9926606e90220",,
14409,"e039d07c0daa9fb5715e7a87d3f721f0",,
14410,"da21883f98f47c91dab7d5e32f47cb3f",,
14411,"220748a854839d0f211d2008ea677d82",,
14412,"8ba6c423713f3ab631094928bf78572d",,
14413,"67eeefdcf4953710639a7bba055102a0",,
14414,"22206c849fcffd7614bfc2449e2eada1",,
14415,"5f92b199fc1f3a9540a5a7346071c721",,
14416,"4e8979a3ccdb074762c7b4e416378e0d",,
14417,"fcc7bf4e9b92aefe611f89f8028172ac",,
14418,"be708258f7d3111cc91355285b524f21",,
14419,"96e81bdaa05a073f899751e352d82ea2",,
14420,"f2a1eb2dd68180998ae565955334bf3e",,
14421,"18c33c5d42ea1051beee80982156c538",,
14422,"86a19959e64aa54cb63507001ea7ed73",,
14423,"9430146244026e232de368157cf1f24c",,
14424,"85d2528c1e6644da944ec0d2cf91c974",,
14425,"1ee67e7a4081015a1d6769165c3fe752",,
14426,"2b629fa0a23aa56f621b2bf076851376",,
14427,"d59b5c8eda1db8f9e8c65d69f4beee0d",,
14428,"39016eeb1b7a58f30afcef64ca568018",,
14429,"315d91e4b833babbcf14785d7eebe1bc",,
14430,"b0230a85ad8a53b5d99a1cebdf92f084",,
14431,"48b934af73f6bc09e95b393c092474ef",,
14432,"80c257aa586886a8e6200fee3f0eeca9",,
14433,"d2f576b0f652483b9f1a6af975180d8f","nordic",
14434,"a9812dbdd2e9a97c2b94859f718ee059",,
14435,"70cf2208b82cdde6d5750de9eca0dec3",,
14436,"be5d9ba218aee0517875ef94d9f63dfa",,
14437,"3f1846e65a3f1d1daf7769f11c53ce6c",,
14438,"5925c82f0fb8460fa1801ca16b25a316",,
14439,"6438c08bef2e784a99837b9d1cb60989",,
14440,"e24f5adf6ac1078eb5772f7028b512d4",,
14441,"03256393e5ea68a4347e1c519d6f28cc",,
14442,"148976b117c98a351630b855513a1d29",,
14443,"dca60bff85751f932ccb7f393c9f0b6d",,
14444,"1bc06323493d9bd854c7fd5f1a9c3852",,
14445,"7650f3901c26c45591a20b30792ff922",,
14446,"8531437d910042dca4635667bcb999cf",,
14447,"086fb7dbdd37bce821f0f2c8012e0e7a",,
14448,"662d887e3a315e6d4503ba7188d274c8",,
14449,"452895bc22530d696b63d95eb8b7e3b6",,
14450,"f82798494a4d5bec367031bce33131b8",,
14451,"407e3d74568b3d5495a582251302e42d",,
14452,"d22a800929996bc5effb136b4e21a2a3",,
14453,"33b42bab958370761d54b3548565200b",,
14454,"4b39b0f1d0ecb753a9284b39c73d7ac9",,
14455,"6c7bde35aa1cecd9078125dcbd052089",,
14456,"bcd1c01570efbe50f4f83d856ec8531b",,
14457,"84f8129d40646a570f242d6d7dc12a06",,
14458,"46174b9f3b84a300fa0d21ae3d89babf",,
14459,"b20dfbb375829067598c50adc695122c",,
14460,"2439b2284b0f42034924c52916e7ce60",,
14461,"4dac702e4f5c341e84347b57254a4ce8",,
14462,"3467c2c20ce737f3ca9c7c14788aef77",,
14463,"f7495ce362e45d13b224198eb4706214",,
14464,"324cbadde1ceb44888731c3f1def0c1b",,
14465,"0c740a55f9fb7623cfea5e519f414c6e",,
14466,"1ca05c3fd000dd5d71bcf906d330e2a3",,
14467,"32091ae5cc3bea07531969f53a0cb606",,
14468,"e7536f67562ea04729e9ac2a2151709f",,
14469,"ff1c097105f44a27b023a9fa50b76145",,
14470,"62e6ece9f00ff29af23b5189c0eae1a3",,
14471,"0dd431b52a2e7df985dd5070ec94441a",,
14472,"8568490a62fdb4b452fddc0a3a3bf9da",,
14473,"5deb666a41e267859eb55f3e4c53ca18",,
14474,"4e4ce861e1877d875c3d317299be3817",,
14475,"c8d71e0141af621cd0979c5da5d04cc5",,
14476,"fcd628f07ef2cb759e00a432f2927c22",,
14477,"c8e64ab0aad4eb72d60d2ace7c8d1721",,
14478,"8b80fce3165ca975413e98faaf16b382",,
14479,"07c2cdafe0245e9367758bb727f44c71",,
14480,"816ddacfb710419c5ef7ba3512f74cb9",,
14481,"3c8a12637ea9f7d226aafafb9183b8eb",,
14482,"6a31cdeb4d1312055a02457f9d610a27",,
14483,"51ef715cacbe3dac8e08056c67841489",,
14484,"7602165459389a7ac9af8c91f9e91122",,
14485,"02d7f5fb33d0e23bc67b285596fbd0aa",,
14486,"70f357c1181663952fa95d57f375f0b2",,
14487,"9e0286e905fadc3ed597199f7caf5af3",,
14488,"e14993a6fafbf8c628756b623e392856",,
14489,"4bfbe894e8aeff9dbd443832d20ac2fd",,
14490,"ddbf1dc2423d8b7f9f3c38ab775a07ff",,
14491,"25b8c198569f003813962b51b7534feb",,
14492,"d88f314ed770253a52f4023367679115",,
14493,"d042c7d45887a18be4854cf279edfa58",,
14494,"0488ce9cec2a238c6caa3cf9dac99722",,
14495,"68e8469b3dbbd60d243e39a6a441f5d5",,
14496,"479b1cb8fbccfe1160a79d6596b97cf1",,
14497,"6558b5500ac35d098f8c8dc134300a08",,
14498,"5379617ce7bed34cf3454f696d036eef",,
14499,"6a4c8b6e93a2765ccdaed0c5498c8a37",,
14500,"2b8e4a9fba516a0a10560f970419130f",,
14501,"9825b0ef76fd9cce2c471925fe7e96d3",,
14502,"31d1e1ad8f063c5cb15702e94a5c2c6b",,
14503,"c966ac591126a8d93ccccbb67cd4678d",,
14504,"0c84cb137e8888f910da0cf8d8438c62",,
14505,"b81e0f5cb594211459d3fcddb6ee60f1",,
14506,"0c099f30a757ea66d7b140c397622fdd",,
14507,"b6e3baa625af0331b9df0263a67d9c1b",,
14508,"d0810273923f368c00add44f918a8c62",,
14509,"28267852fb1727abedc2dd32d55196e1",,
14510,"c2c3ef6c889d1b97a8de7a4f16235561",,
14511,"15338149b80a16adf0ba1b191b484f98",,
14512,"ea22cd501ce97e6bb081d6014eada54d",,
14513,"8313e779418c966e13880bcfa7c394ab",,
14514,"2f6b70047bcd6eb2930ea0e6069fece8",,
14515,"fc678850e19bbcecf827130399126a60",,
14516,"d55edcfdfd5f717969c82ea762873a74",,
14517,"3f138118d35dfad9a3b6ee5c289233a9",,
14518,"07fc72f9ae6efdb7800a269068b2ef8c",,
14519,"231d30db5efb3f97bcb74f4494897479",,
14520,"e7025eed6e44e8d91a0aa8d61293e184",,
14521,"da5c3b7d8e2f4f446f1b6ce367d9aa05",,
14522,"e55a2cddbc93aef1bbe6ee2a18ffbb3b",,
14523,"240fa29e301d460350d461ed22c84083",,
14524,"d77787beb9b03d3cde7da05a33af7167",,
14525,"c3bf9f68b46465dd1dc522db155c02bc",,
14526,"3c167e3af543f9ae38fdcb2ea93a2ac5",,
14527,"72ea19607efbf6d90ea27328ff8840d6",,
14528,"364c512b214663110fc084e645710c37",,
14529,"67cf500da293e5c9f2b061189a9fe554",,
14530,"fcee1bebbff7a18d545ad1ecf1cba5d7",,
14531,"1c86e9a04c71339594ebac258014fd9a",,
14532,"73aed2436ace8aa11db0ffaa4e687a80",,
14533,"58acfe2052848642533f945695dcc4ab",,
14534,"0665c898b36c06acec4e1ca09b6507e4",,
14535,"157d14064f83a7a6c6b6a8c42990c2b6",,
14536,"cb8fd836e42bf2de131eea941e2efdca",,
14537,"d06da5eb486657ce385b07229d900a60",,
14538,"d8f1608b98bfe77d1aa4810183e19095",,
14539,"61e534d023a986b911000c2b9f61e017",,
14540,"7608b548763dad23771b0fa3f5258173",,
14541,"7a7ad5261bfe559f470bc8d05c8f9dcc",,
14542,"7f1c5d756e2f71420ab3dde2d6bb00fa",,
14543,"da4d43dec3603a9812c5a1a9248ef53d",,
14544,"9be1135483ca8b7b6806461c52eecef1",,
14545,"a4f06dedbf4adc2b61522cde21ee35a4",,
14546,"29710b7a46259fd5ce17e75cd1aeb787",,
14547,"f30f08d29103328754fa6b2f2113d8de",,
14548,"5b95ce10605d5b543b5775c7de26a909",,
14549,"07cc25a966c732da41f5092f55ed7662",,
14550,"8986a70a7541af510ab83d9b2e7233ea",,
14551,"49e0a8fc786287fcd7bc96ad2d418352","nordic",
14552,"b59506f1560fffc16baaa76b5dee7dd2",,
14553,"fa1f1571c36a29f7658b365a955be915",,
14554,"a4ef4d86c96d56cfcee499bab5367bd0",,
14555,"1f899f35142852125eeece3aaf9ae89d",,
14556,"10dabe0507b33d01993239eeba34dbab",,
14557,"1f110cdf268263d3f65823440075ca92",,
14558,"609cbd4f74d139e84690dd381369355d",,
14559,"c1e34db84aa95813bcad53add93d17d6",,
14560,"bd5a7d1ba6c962546f4dc3e3b1199114",,
14561,"88d5c9c6e2944469e84a806005938ebe",,
14562,"29b21bb70450ba14cdff9da496361508","nordic",
14563,"82e70e841d8e9475524bda2cf80c1647",,
14564,"ecaba27cc9eaaf467308e488757e10c0",,
14565,"0506b9c1e3e14630c0aadb694b9a3b9d",,
14566,"cab3ffa673115b861bb26d4a70c64d6d",,
14567,"64ad31c61241ad023b99b8f62dc45c82",,
14568,"9251b528d75b4fab7dec32395933574b",,
14569,"d4278a81bd61e045d2d2079522d15770",,
14570,"29efc7d6057f36a243d3f1e236ca9db9","nordic",
14571,"aafe85ea64f4c96a18e0074037b7c0c7",,
14572,"c0aae0beeccd2c3fe2c3326b259c9e3f",,
14573,"c06edc367bc4911e03dfb06556af6087",,
14574,"9bfb9850a21c033df762d31691024c82",,
14575,"c0e87fcf0a5284f5f299d426729a01d7",,
14576,"db0e68fb8827febda64b57eba82fddcd",,
14577,"13ad08cd5f7f9d16d973b5fd689eb286",,
14578,"315b89fa65c4de02d77586b41c69cd12",,
14579,"4060895e9feffc8b46ec9ffdb3da7e71",,
14580,"e3e9f2732d7cd5d294674178df48138b",,
14581,"f1bbc421a2b8819499128ad168f02e3b",,
14582,"38d27ba38288349ffc6b14a009719caa",,
14583,"009811dd377f9ab8137cb581f8c301b2",,
14584,"384f8e93a0c5a770a9b8d93a9b17fe8a",,
14585,"bdf6d4a05eb35d6e654f2f7635f02bce",,
14586,"3948f056b561c5fcd097110f932f1ba3",,
14587,"b2c27d84bba0cb80950981ba311c3e15",,
14588,"0ee44e596124af2adb4ff5d852b95c81",,
14589,"d74473202de655beb3bf6500c0778952",,
14590,"d2586cba8f25c8d50bc8bb2a5919bbcb",,
14591,"dcf6a411765d9ab3352d168cdb02e195",,
14592,"3add4d22694230a219262d8335f1ffc8",,
14593,"780c4b15d6edfcf79147acd9bb7099c4",,
14594,"e254ee2057afd020aec02f4393528271",,
14595,"8e221c87b99e167275e3fa9a994571ba",,
14596,"fa00933f1e71231b6036a727360f498d",,
14597,"ed03757ae929e780367f6f94a78bd329",,
14598,"072110000125bd34371901f21362e38f",,
14599,"43933e7826f8c2eed2d25d3390ca78e2",,
14600,"fa4b0c2574ba621c57212beef1d6d7bc",,
14601,"703aacf7de289abef46892955c4fd8a9",,
14602,"42996385b6958c05412c49769b8351ec",,
14603,"61e11eb558ddb0cffceb2c29bf70c9d2",,
14604,"c6c812e875d4956901b4010e761438af",,
14605,"22b8d874e74031071a17ffced27fe2e7",,
14606,"5b0cf80fd22f4840c98be883757752df",,
14607,"eb144955cb93fccb757c08f115998c9f",,
14608,"126b3103bba181294a8ca68afe12b443",,
14609,"6aa742fc91838841d11136ced8c3ac47",,
14610,"92fd6188563ca19d307a2c9e71589f67",,
14611,"8728c908a7ced91581a5c1ba3abda40c",,
14612,"aca0ef318ae9c50ff57200cdf93d02dd",,
14613,"a7b2874ed8f12227afb8a8810555fc02",,
14614,"0f4d760c4d9b66a103f0f2d44477f55f",,
14615,"11d9eb52f8cfc0d647eba15bad29cf98",,
14616,"efa587e358d3e799159b6129abd4a5b2",,
14617,"4349dcabf5b29473d7a4de3c44fd7b2a",,
14618,"5ff92e3bbeca920efbfb96b11143e4be",,
14619,"2e63dfefc2812cbcb6e8d4eb181b66aa",,
14620,"9fde3a84e93c28d61414deb77889ee0f",,
14621,"629389a01029a2021dec3f28c2421d15",,
14622,"82b60533f2ceeff3b0e24395beb1240c",,
14623,"2618cf0c22fd788ab9f30e8869c8512d",,
14624,"3eaed7d537878f88d6082fe540d9f73a",,
14625,"31189a06f2e5834614ed3d117a460900",,
14626,"ae8d6b43b0ababd91fc3f0dd47cbaba4",,
14627,"12c899e9c2f8c3db02e7929943a87905",,
14628,"08b67a23e1345e12f39e65ca24cab377",,
14629,"263e23cd8846cc5b6e9be1ef7f9283e2",,
14630,"e970df3fb9428181e1df5bf17fd32c6f",,
14631,"35c2b13f0b6e777289717bc57a8d844b",,
14632,"320a71509b96362e73aecb9f2d8265e6",,
14633,"4ea7d116f2a2fc9f17d64a77ae1ef74d",,
14634,"2cddb9575b2b51384a592604a88ee88d",,
14635,"3ace83602868d4f2dc34f15b2e940c2d",,
14636,"acd1306b2e5a86500487e876cf95fc29",,
14637,"2fcf020ef567e1a38963529c30aefc92",,
14638,"cb5a1586b625e4d18993be11448d916e",,
14639,"c14c4c8873fad2633d6a0e0c0a9beab3",,
14640,"4ea26c45aec766c9fd4d77cf8df63fbf",,
14641,"2b79629436970d8fbc0f74807763ba97",,
14642,"9ff1ea3ae20f18e7e9210fe7f01afa05",,
14643,"05f45fa225715af87fdbfbde1eec5503",,
14644,"52ba8e8efbd17b35f0becb4907741a55","nordic",
14645,"7495a4bd14aa418c5f8d287affe403ca",,
14646,"9946ee715b551159f9616dcedab206e8",,
14647,"d4ee749f03c7bb02a753bc08988d0ec3",,
14648,"cc9c63f9f4611444019a9d332f8d38c9",,
14649,"6e8e2f17e1e14d518a9aa237a9a70046",,
14650,"41cba652babbfbb44701191493dcb626",,
14651,"a99939fb290ba9d15b5152985f35d4ed",,
14652,"ce3ca79ae1e264e2c132393bd2dafba5",,
14653,"912f283f0074da0db2480592306560a1",,
14654,"2385a7735769e86a9fbaf1dfba6fa16a",,
14655,"f9da28f96d38216fefd0aa3305c2aaca",,
14656,"6ac885802a4c282206a4da2196cd76a5",,
14657,"10d33cd975e6e503b1e9d1f0dd42e422",,
14658,"ee79d98264dd0011536f5eeecc64a137",,
14659,"550f1563c5a280e517f5b2e8adebdbf5",,
14660,"1583cf316fe16adf6897e22b3aa4c293",,
14661,"8a8a8d55a60f9e66ab36168fdfb3b1f0",,
14662,"d6f11d8479ab173e2df001e172768aa5",,
14663,"e42f2722b22d65e415fc62b2f4ff7104",,
14664,"2deeae876d70a9652e22efc12be5ea89",,
14665,"1f628c0f93402bcff7f3ff264ba7030a",,
14666,"a2f0609857691b7239959a4097751521",,
14667,"806e33de91ce5d5c5b97fae490ba376c",,
14668,"b40853f3c886a9eafbd715e164d8f50b",,
14669,"174731d41946bc1b7dd5d8c185d3fb10",,
14670,"6fa299f81672ab58543e7fc0b0d04264",,
14671,"f94b616ab8818f3e086b70376f1f5cff",,
14672,"03661026f2256bcc509bfafe3f899290",,
14673,"d2a0d011526de69eddf6f294f41525ae",,
14674,"389bf120e6b981c7808881f93e50f2ce",,
14675,"4ed67d2992a7c1e906f1ef4a0dc900c4",,
14676,"3032618ecb69de2b992074c445418d11",,
14677,"53fcd7884233b08265e25a9774c551a8",,
14678,"eb1974911f52727a6685f9b3cc9a1000",,
14679,"8ad3e186e64504664410173ef6acce17",,
14680,"6f0480b33d4417b3e19907e90b4cfd83",,
14681,"6a408be3b40596bc9c38c159bc9d96f9",,
14682,"5fb3ea9697498a6b13f0d86e369c9560",,
14683,"df4d509017a4548fb4f2a5e5e9b85169",,
14684,"46a6322c8c4129ad1e07a0ab8ed413e1",,
14685,"c623c6a5fed9c1d5e278d8a9351e6b2a",,
14686,"f3c1fe1c9965452f33e4144e370ac382",,
14687,"412c2db3d9db04ea9f36492fe8f51c20",,
14688,"9bad10e1b6a117dfba7cc5c8ea7898ed",,
14689,"eadbc525a9995cd66553f76185d5054a",,
14690,"d00328077ce0f2ee4adaf08432ab0e34",,
14691,"732e1374495990d3712c2cddc8d20102",,
14692,"d8db3da5f779e82ed46b6ae29ea16fc4",,
14693,"bf1f021e3796495f8e6a75fe90f13add",,
14694,"e5560862204af99a1d6172f9fb372674",,
14695,"5312f70c46369392bb4f19cb70770d33",,
14696,"719e0f634361c151560bb363c510e78a",,
14697,"eadedd4a15fd67f4893347c6bc7a82fa",,
14698,"ca7d922e00dc9bb053954f888381c138",,
14699,"e270806b6abd43e25893418188c24906",,
14700,"839de6e53bb61c319e2ed6eb70740239",,
14701,"70dff8304be4ff93db449959e5f26495",,
14702,"1476bef0c7c0771835d41eb62a0a938e",,
14703,"3b8ae6c3023bb6552dc7afbc4c5162f5",,
14704,"2cff32e076018ac3e5f821856a7fd80b",,
14705,"486f45df3c40e1a31fc93bfea957a1d1",,
14706,"fc3bd561da98dfccb653a4a95917bb26",,
14707,"a6a64df7cd32d6d8087348591e686a1b",,
14708,"fe404db153a1c0219c51d7857da120cf",,
14709,"7f3368facb6761b87fa2b6b1b5d62e2d",,
14710,"ef4e1c28226020f29718c1b4a71e4936",,
14711,"86c0f48e92a867fa916cf4511999b075",,
14712,"a37bd5b4c74ef04c29e5ed7c8d46bc90",,
14713,"66a042d231cfefd9bd471773cb346008",,
14714,"1bd4c2f47f292ec7f40186ea56ed6a7b",,
14715,"97ccb6f88a2f0bfaf3e49b50609d5620",,
14716,"9934fbd35ea6bbae1929950059e164c7",,
14717,"a5b9f182bce7bc523cbef7bc984fbc8a",,
14718,"de83e8ac1f6e5505d1f82534c140c2c7",,
14719,"6ea5e109fde7e417746d994db36c2afc",,
14720,"6da27c273181037adc4b1183e7359048",,
14721,"9dc76e2e05e0575d94771440bc4910cc",,
14722,"d62f243eb996f493c38358c8810ab46a",,
14723,"19bc055e2372743bfcdd7921c3ff0c8e",,
14724,"dcf79ef985c613e3a3acc7f698bc3536",,
14725,"cceb9f7f8dfd4efcc06e2cd27f98e516",,
14726,"5ba4f2fce48ba3fbf822d79e80186acb",,
14727,"7a8e5dd5586e8b83b4c07328b149fa33",,
14728,"99b55a6b842e6c88ac37cbd15f70311d",,
14729,"1a7ac2d24fb19901d0ce80b574068d0a",,
14730,"2ce5a66eedbaba216230c6f522d32a07",,
14731,"f0f2f003110387ff985bcaba02b61db0",,
14732,"3edaa596848859c70b73eb421a3af5ea",,
14733,"82f2060b8adaa8cdbaf68868e82291f2",,
14734,"4f3042aa401930ba46f44f230704eec4",,
14735,"13d26d0995cbe7a95cd746870aaa8a64",,
14736,"613cd4796486605b26664cb8006663a0",,
14737,"7b96b70b0dccf1973d107bf7779b91b0",,
14738,"dd968f24700421a00e0fdac90148438a",,
14739,"37ce63a33e13d3d2ce968c4fe7f82abd",,
14740,"a42d0dcb4079c965fde1d0b5c2e77153",,
14741,"3ba71194f8aa8b9db306cf09bd4d9601",,
14742,"7e43e335fc25631781252463618e7e74",,
14743,"c0a1f1c29955b2aa244b1dd984157d8d",,
14744,"4c20fd190e81de3b3732728bc8f9e21a",,
14745,"cc481567f0a1f07792a1f8a3e1d99346",,
14746,"9b5aafb5c64b335e0be9033c9e8d1643",,
14747,"f3e80b03134935638cb4d357170e2a0a",,
14748,"a22a377a43317e53a51c5dc3cf067352",,
14749,"d9d165ab6c8d5ef822dd4c289d9d6b78",,
14750,"a87fbef918769b6102ebeffe90a1f8b8",,
14751,"d605327d500c9e37e072dead9448d7e8",,
14752,"711fab2e430bb53b24079749a415f1d4",,
14753,"09998d642bc0e597ba27aa58bd7b0df8",,
14754,"b45eb9f492a9a19d171fec9710884931",,
14755,"5e5b1ff327263f004b9b17bd070e1b2f",,
14756,"c7faf126439a0046af0fc6329c7bc187",,
14757,"ac49c54944c044c4a9f241b34564d1d9",,
14758,"70b8eeb306ce8d049581c0fe4dac3ab1",,
14759,"a4d22a93882d2c3887480cd998e6ef16",,
14760,"3c4317e61ca591168b6574b2ceb88514",,
14761,"11cf6c53e4aee38fce6696643407bd32",,
14762,"fd05f1fcb5f01f1757e2897608fe3d48",,
14763,"19d0f04a3cdccbb92c647519ea90e083",,
14764,"f9bfbcd201d11b60b24e1d8cb92111ee",,
14765,"ad5c597740fcc5abbec32b9bab5a01ac",,
14766,"13fa8ad1db8437fa1f96b6c93f4c24cc",,
14767,"e5d8041e0e5c7f805b22343b5885f27d",,
14768,"f4db141e667b9f962bb3e71ecae027c8",,
14769,"96265c41aa1eaf0aa6656b570b4d9fe9",,
14770,"b0ef2bd79abebf50562533c154db0659",,
14771,"300aeb499fe87140423713fbac10c06b",,
14772,"de0027f5f4f5e3ad7cbc19f038486552",,
14773,"a5d8e3a8aff5c46727bc44e798f5b3ae",,
14774,"c3f1d041e5e5a4dc04617c025763a80d",,
14775,"9236fbba05fb99860c6e289d7d65f4f4",,
14776,"d670cd77feb6b39cc0f3040cbddae248",,
14777,"c9136c1556b517f46baa9b155953684f",,
14778,"0a11e6a3bc7f752057844c713421b39e",,
14779,"5bea5b4298bc3e4476a35c10233d3787",,
14780,"8bb174c320a9d5bdda6f6dfe0ba0125c",,
14781,"f7d3db47492eae48b86817d5bbb2a1e0",,
14782,"944ef57488e09e708222d4fb49c3ab73",,
14783,"c4402192348c19795113541c39173538",,
14784,"9bf9faa663f3ab6f2b204bd64925e626",,
14785,"87b9cd91b784d9dcbeb75678cdac2165",,
14786,"387498a3f86c2cad99dce1236a270fd6",,
14787,"84b729ecbfbc4c9246b1cc9b3fdf134e",,
14788,"28884fa0ec90987b98d516740139c482",,
14789,"83f11d77fce2407a29aacbe3a9636278",,
14790,"c1a91b50601cb330c1a05bc11e2aa2ab",,
14791,"65f82302d5f179a51824e224febcf88e",,
14792,"77b18622380f4762a7e2e1626e25ecc6",,
14793,"1ee38dca6701fc66533d9ff84125f5e1",,
14794,"83e5c4a0f58e6299df72ecc9f7d05caa",,
14795,"beea5946a978b0728a3ea75bead05685",,
14796,"8f808391d29be7082ff4f923a5587f4b",,
14797,"faa2a640a88692ec32faff4a5e4f3e14",,
14798,"a6fa5a6623804e679a715ab17667e8ae",,
14799,"470cfad8c2effb78bc9faeb28f2af0a8",,
14800,"01297867178445d3248d4b2e7ebe2364",,
14801,"504954285110608472dbcfde73af72fd",,
14802,"f886d6fa25b142c7a1a0a4c1c14efb2b",,
14803,"dc14ebbc34c03db659df0e2ac4388919",,
14804,"dcbde4adc4bdfa5d80952c54a9cb4060",,
14805,"eb5efbdecc72adbaabdf889845457a51",,
14806,"5852c6411ad80c5742ff047b2d9f1532",,
14807,"07ca0628622b6f3096953b4fa6e5ccb7",,
14808,"5a1e779f8b528a47c4f712925041867a",,
14809,"525c36541f8cd8a20f9f4f2a89f1db7c",,
14810,"3955e78122c69476ef29f8ecf73ee1ed",,
14811,"05c370f5ba5e6cf4b34fe6e7682065e2",,
14812,"b2f7d95f515ef6358317d19d8a259daf",,
14813,"5f02fd222e8ea03907b2f5aaa4c37e5d",,
14814,"994605b732b0856b575550255e25d908",,
14815,"b6d71b0b911986e2fa7dca825b477ea1",,
14816,"4a7b729253803e95ff1138d32dc966e8",,
14817,"18955e1b38fb984e726ccb14a743f379",,
14818,"1d2936f4229b1b3d552b131ff8c90cf4",,
14819,"5b6bf5a4fa768b4266957045536834e4",,
14820,"5b7f7caf962dadfe2163c3cdcf002591",,
14821,"89ef51969d66227a7e32a272669c3a2f","nordic",
14822,"acf5bcf549985ec354cf1ef37aec9b74",,
14823,"3f07fc59d11c5fbc5e7976c6d75b12c9",,
14824,"df65ebfb40c8f54d47a69911b5b2b661",,
14825,"9f1b003ac4d7093e02bc1075e3e0da32",,
14826,"f2d22ca39a850b2b5093e34a942c352f",,
14827,"09dfc7284c4aeb20b5a8e96fdc1e2f23",,
14828,"9161619a1f6d6e66147f8152057a1552",,
14829,"9e0fac876d621eddf6044087f154efcf","nordic",
14830,"694b210130ea3710afb061e1681687dd",,
14831,"6603c7f140fe6c3aba9b1b4675dd8471",,
14832,"a5fa311d3ec8e94017555e9a0ee1272b",,
14833,"0accd924c813803dff1d7acf3615b136",,
14834,"0b045909c53050dbc1471c862bbebe3e",,
14835,"d48d37c3c299ed6f616f58a90a7e4778",,
14836,"60394a9d331f192551c32e195935e336",,
14837,"d1989d285d158ade9ac159b8cd5b58f8",,
14838,"5be4bdb4b7071dec601d4ff2ae469471",,
14839,"feb5d1c2df78d9429ce8ec531c93cb57",,
14840,"1536546e450f6414e8ea84817de8a60e",,
14841,"78ac8c92b0816a01834b4f2874a32d5d",,
14842,"e1f4185644a3c989d10d54ebc49bb192",,
14843,"144bfb267b188b1b4f916aec5b8f542a",,
14844,"662714ef3514e02f6f030c1bcbbf3f58",,
14845,"43264448174fd95d8ba5beb72d4d10dd",,
14846,"55f544b0e57c9e04b43be0be82241e91",,
14847,"b2d3bb1e744160b9cb1d1c767deede68",,
14848,"62c8154ecf0593ab5403125384f51d7c",,
14849,"974bfa19c3fcc9dad365ed7d72cb03ae",,
14850,"975a8c6b1334045eb0bafbeadd87083a",,
14851,"e26c090772e20868634d25b77eb3f2f2",,
14852,"8843d0628709501dbb5353064019cc20",,
14853,"22bd4d64310a30ef9f40e4653b8f912a",,
14854,"87e2acd0a8da7f8c8f8f5ed1597dce0c",,
14855,"752421d021700a668c07975b8d88631f",,
14856,"a2034478ff1476c22d786396f0f528ca",,
14857,"6c3c17e9a423abb57616ded00f36934c",,
14858,"3a888f92ee7f76fc45f9b667147260a8",,
14859,"be09e80e776a028bb06aea8d17419377",,
14860,"c8429e71d95c29d0adeb0e5ab579d102",,
14861,"3165e6eae6a18b097ea38aa5eceb27ae",,
14862,"d7225c4c4e96d311b1d82e41610b9ac5",,
14863,"5189b342af207afde2ea9e0ecfb9468c",,
14864,"b9ef6edbeb692cb07aa6717ab54250fb",,
14865,"ed50f19c18e7c93eab5565e5e2315920",,
14866,"999def9c288eb5e138107cbbedd24d89",,
14867,"12345c392a6e01f0386715562539ed83",,
14868,"0c88529880412bfd66544a926a7f7a5f",,
14869,"f045ce080faf916d72383440f355b2f2",,
14870,"bd783302f9369c76d8b6dad5be12e8f6",,
14871,"be12753b7fff9b8de4dabdf3ff3bd492",,
14872,"f7e4348dc89badc01d4208866cfd7cb3",,
14873,"a884bb1c3f69fe75286a0a30cc69f3c5",,
14874,"a9ad5aea1a3031b2a99d37601d87aae0",,
14875,"716e5976e302c7962323c12b639cc5f1",,
14876,"62d14287f6bdc31b856f22db6595f1bb",,
14877,"31f7628572b968aaeac90b45d7634ef1",,
14878,"0b3044552b98a9a87e10ffcdc5e49aa9",,
14879,"b3072fac01a6eab4711c18148c8bc305",,
14880,"bdbf2fefcd2e3e7541514b132299c6d2",,
14881,"4a811b8c1357f98d3ca7b4adb24932e1",,
14882,"ce27561541b89617a0e135de9587f7ad",,
14883,"c113ee1a2f19495482244d2e05f07af2",,
14884,"87f977eccddab73f51178150bcdfc4cd",,
14885,"999cb1ee1738d7e59b6747a1544b1940",,
14886,"817e75f69f9387b5f10885cc65f986da",,
14887,"68c703977277e9ac16597d1ca519f7ec",,
14888,"58614b1f21bab639e01bd9320d6f34b2",,
14889,"7d6641b2e84c7a6334f582c4b0b8d654",,
14890,"110ebc91c351587aa0712a3a496c6d4a",,
14891,"d1e8e2ba3f95b28d72575c240aae15fa",,
14892,"6ab833e771afd00f0243352799070c8a",,
14893,"201877fa59f2fe4d896d5e6b6c1d2e1c",,
14894,"4936a2d5cde420309917fa484b953a75",,
14895,"34dcf350f8e74c1472f3d67de07dfdd2",,
14896,"968d8c33f86a10a69f2ca4c75a287281",,
14897,"5c0d37bc2d1cdebcc4111d303a789df1",,
14898,"997dbc903440cff39eeccb3eba71e761",,
14899,"391ff62266c5e31489aa8e3c3e009c27",,
14900,"1422fbd02089697004df8f16794e3a2d",,
14901,"49c0f6282fbc652684478031ea578850",,
14902,"80a7928b4ea61f2249bb08798e5e165f",,
14903,"2cfd6a68af2a78dc5f127e3dfc1aa2c4",,
14904,"2edcb1ae33ea81438dbe7bd0f6a9e604",,
14905,"ae12f9368610529f95196320c90f03c9",,
14906,"47829698567b0771417376343719bef0",,
14907,"461452f415ae81ff61d4fe1e80672651",,
14908,"ae42a3eb98fd02a1ea79b7fe136a0dbd",,
14909,"753ef742fd649e77aa7c2745ca103e12",,
14910,"0f6501d69df393af36f8f3bcb59d3835",,
14911,"ec3479c992c438622fc3d3a858393c19",,
14912,"05ee234aa2625a1f072bf2b4c6206f4b",,
14913,"68132b82523711c49d36ee363cd0b639",,
14914,"7fa18b4e4b5f4b0a0693b8e5abf18fd1",,
14915,"77598f4065e96c0905c00e74ebee3638",,
14916,"a0551a509e95acf864b69cfa9d4ba2b3",,
14917,"96b46f142932e54a9d0dc130d375bcaf",,
14918,"163b8ad7c56c64215b081a83af427930",,
14919,"59aa98e1cd83a5767399f5921e8c469c",,
14920,"81a8e395973c516a24855a13d25fb254","nordic",
14921,"aaf0cab950f3b7f233716b10fa144d23",,
14922,"f29b72e1ccad9f0a44569aeca9a4d708",,
14923,"306fde4316f4a9ef7b6d975c48bfc4b4",,
14924,"7075eecb096d0e6f04d38b2fb23c08f3",,
14925,"fbf55f16f7e82604c10becb6dc407a1d",,
14926,"fd592c9ca3a3ecd95d712e575381ca53",,
14927,"f2c5cbf5ce2708fdce29b32e32103286",,
14928,"e9c50df0e08a73c6ea506d1084173224",,
14929,"9a8dbecf84db5de6b95be24c0cb7e185",,
14930,"d0e13bd8b4dcf56e1f22186c539e39b6",,
14931,"6602f5f618dc932460dabd6975d8e75b",,
14932,"5b2aa54bfaa9aa06386c41c1e2ceaf3e",,
14933,"f856a2518acf96f4d045dbaa1447b4a3",,
14934,"d91cc2c3c04a6592905f605784780b00",,
14935,"06f66fa335e2f21937e32a83a0f36d41",,
14936,"157bfc90a60ca6568d0f8a8ae7acfdbf",,
14937,"41949cd95b1208f8d00cf2f28c17b737",,
14938,"b828fbd46e716c702e4b55c36e3b8be7",,
14939,"70d5dfc98d29c2fb1789f40078d4ab15",,
14940,"4b79e1a33c5f647611372af5f57859a4",,
14941,"260219acd1e417bea4161c1cae0a2662",,
14942,"0035a51feb389aa6b38f6048f43720a6",,
14943,"682f7ca2e0b3ea16644c3585772a2cba",,
14944,"6c51619d6d0b610690b6db908d6c3d66",,
14945,"c40050dcc1b5f1cad532606e41eca717",,
14946,"b370b04c6182425594cc6adc2d190191",,
14947,"9da3e30ef760c68fdd8cb2f3e5cdfae9",,
14948,"2e60743409d7e75223b86946416c2ab2",,
14949,"35feed6b6ac54c0133854458bfd170d3",,
14950,"f4bae6a24ab61f675d9692138acc2697",,
14951,"d51d58a943aa46b21fda4a961a1f800e",,
14952,"8acdd47cbb2bd4c413b08d9586558a1b",,
14953,"99e88d29936a09de3c451b3aea97fe5e",,
14954,"0ea97b54680ad78c6b7dc7cca3a3d563",,
14955,"9d311f38f046d6160aa22f9a8b6b8cb4",,
14956,"455eb86fc15849b7d7c8a05a8f0783e9",,
14957,"a429c8bdfe34e8be626d6c54d5765478",,
14958,"9482988bb6bc3564cbf8221f947bc3cd",,
14959,"111159be5d04d9ea04ee64f0b3ac0f7a",,
14960,"5dc83e5172f44dd37bfc8389a86b44b2",,
14961,"aa64a9fae2bd39652c71f2f167c6c84e",,
14962,"b8dfa4908389b2c3a1779590b011306b",,
14963,"7d67aa035c50afc1501d4b7b17f2bccd",,
14964,"ec0f8e23e4ea94725e731d183034048e",,
15011,"18d661f9c1e60f0be36ec2182036d19c",,
14965,"b50885d7747196dcf9fb4e3e146af115",,
14966,"6922c06b97eb6d35e49760ab729418e0",,
14967,"10a6b74c46d0a51537d4bd49bfc0531c",,
14968,"fce28d715ae5820d41330a3c4eab8004",,
14969,"c701f4c0a0d4257e6be4e45e196d2f0c",,
14970,"331ea70dbd1af9fc7dbfdb824ca47d37",,
14971,"e01f59e2d161a41f014b9dca1aa5a353",,
14972,"3499e501b369067fe86b491a19a6a93f",,
14973,"fb4dda96eec1cacd847841c5f6d5fbd2",,
14974,"8bd45a3f4f1565911e56f333196c7130",,
14975,"4054f22e40e7a8119785511a66e8101d",,
14976,"46d3d85cb7a7ef4cc00e288889abcd31","nordic",
14977,"8808ae35ac5c20ac1925f95086e159dd",,
14978,"3248e11b40a355b847454d7b6e85cfc1",,
14979,"e782843a6eeb390635064e0bbf6fb19b",,
14980,"a5badc0f6c4e68c65e42cee869b2810c",,
14981,"f95ef028b4c51cc8c34eaf014ffedd6a",,
14982,"7fdbb1e080257209b7338e188d3fa815",,
14983,"389781785d532976e5f872551967018e",,
14984,"57d78def908f33807ddb85ff8bc2d101",,
14985,"d0ef865f4bdca6120a6ecf1897a02e49",,
14986,"b46ba29e72eea3ec328c66d25cf48eb4",,
14987,"76b53832a7a6fedb8b89b642bfcf9487",,
14988,"c5b26d1fb9d44c4f21f4fcbaf2bd0e77",,
14989,"b766f71691cb628e415c13a77627047c",,
14990,"ef787b1275964a75442ab4cc03f9cf84",,
14991,"a5ae6ed30354946dc0fded4b329e0c42",,
14992,"58f1d8c18f5264abe6c914add6131988","nordic",
14993,"51847a07c777e9dc83080d84f3a9f841",,
14994,"259bd6225db05c6f4c785993e347c711",,
14995,"09a427ddbc218b47426cc59af36d5c30",,
14996,"da143b361f3158287dd3cd6e611591f0",,
14997,"70a4a16a06fbe6461b69d8992011bbde","nordic",
14998,"3026ac8f0e54046bc3417cd167ae078d",,
14999,"9fb8a9f45aaa8a4d70b9c3cd99b7f599",,
15000,"4ab805c2a899d9ab0a3119cca032d7c1",,
15001,"6f1ae70c42b1cccc34bf93331a68e7cd",,
15002,"310b7943610ea443d58c059324481f8a",,
15003,"55db555a71dd0b2fb9ae9632d8ef2238",,
15004,"31185e7f3434f65d766249944ec85c6e",,
15005,"c54b3f6a77f69c1788ddda1efca584af",,
15006,"217eaf48a8a825b2f95fd49c241188f5",,
15007,"12b3f907aa9474349a8a7b3030f77cfc",,
15008,"76cfb21e926bc9149c9254478c2bc5ec",,
15009,"bd00845c50cd7cbf755b84b9f4cab5ff",,
15010,"31a166a4713c99e47542cd08efe65959",,
15012,"27b1a82c10696e3dca469d7616b3f481",,
15013,"ce130f18735d81524ab510ca67a4a455",,
15014,"f406e099509d952e1a3bfcec539aa293",,
15015,"29b544f38232d5766d18d4f22df19de0",,
15016,"3a0ca25fd65a2ea2cd9e65880d8fa256",,
15017,"3ac66df80ebb3aa26c5ef4f05949755a",,
15018,"d6716023cca9eaafd4a5a1a5ed48b3b4",,
15019,"313104e8cf72b603de5bfeac9334f871",,
15020,"a470a0d77930ef72ac7b725a5ff447fe",,
15021,"2c1f1e74c91c603af4b5d6a0c46d0f2e",,
15022,"d52eed82d7b0548cb223b64bfda672cc",,
15023,"30932b9a519f4f60dbe0f70dd64bda97",,
15024,"0aa286beb74af382e5da906bd366c5b1",,
15025,"2c37770d2b05e192713a0411a0d4e8fa","nordic",
15026,"24a3dc3ba3a84c0ead42008f486bb6bd",,
15027,"dc99bce57fee14a264dbf098ab73f31c",,
15028,"8891a1449f7b24a13b0497132eeb038e",,
15029,"9669e5d12ba65ac4ec3f342ee1d8c3df",,
15030,"157ae24fe81e617571a1521bbb49a8f1",,
15031,"8a95b38ccd7e40e9b1fa8dff8e55340f",,
15032,"dd488f8fd6a35950a0a80fddd5d60da8",,
15033,"0c86316773b1e90b4f06a3b4e9b0cbe5",,
15034,"1f03620b8088a1df453a99a2aabed44e",,
15035,"8eab56274509d6be21ab59d90116fb18",,
15036,"adbfa16cf6bdf38e4030961169d66b88",,
15037,"7e3e08cd0a6c9d712305cd67de71a4dd",,
15038,"bd4797e344812a6db23e027810935f7c",,
15039,"b668bc6bb534894061b616839df8adef",,
15040,"912e614b16f2a4b3ccaf7f9a941f547f",,
15041,"36cfdeb8ba9258f60e53d3d9674131a2",,
15042,"2a89377d889c94a5e73b273e78555b9a",,
15043,"b8bf2736cc2e0ab5962770526e1bfd4d",,
15044,"ffcd00ce4507deb031399db074f6ed42",,
15045,"d4f6902f2f8439a44d2811910fb75faf",,
15046,"3d8f316814c2020238a0c5e984e5a0f1",,
15047,"7cb1b274264178d50abcdd81c25db47e",,
15048,"edebba64a7df8cc8d16606e099c8bb72",,
15049,"2d463276a94dd127be009eabaf63a8f0",,
15050,"6d9d79cac33e748327999b1790b3f3e0",,
15051,"4c3b93c075b7f078c38049f495c6f8db",,
15052,"acaa82c195c60a8297af78901d57131d",,
15053,"ac120728f1c4587d26c570656286b1e0",,
15054,"ed5b820b2eb5bd569cebdb107c724225",,
15055,"e3d34a2588b63744fbc3c9f0bc7c05ad",,
15056,"fffe5cffd42f92cfd2d65f8c3e84310e",,
15057,"b41d2d66488edb688fea7b9c190712f6",,
15058,"62ae6a17dd802721ff2c5509df2753c6",,
15059,"55a543853f51d2d48b00adad5ad5150e",,
15060,"b6dab1850b7b138d3e9a4b8bc74cfab7",,
15061,"8455b7782ebfcc09058c1eebe7fc1d80",,
15062,"b969669e62a8caf621b76bc0208363aa",,
15063,"a2909aca54d538b5ba2b2d76cc1ad464",,
15064,"e587f8c37e7a9b49bf8af482f0e752d2",,
15065,"e57d8366efb0ebefbdd5c7b3d2d6a602",,
15066,"9ad6fb82852d55a6da79673ed938c44c",,
15067,"15f81f6bdd0b80509db82feee6449e15",,
15068,"1cb6aa4e73492a58bbc0cc4d9635e1a7",,
15069,"3b0d350422d0e7f1c5fd4e21cf08bd83",,
15070,"797c832e278b83593da330e48c93d76c",,
15071,"71ce5efe6aafc8393c135b333d495c3d",,
15072,"6ceb819d859cc8e78a1cbe17c4f2e3eb",,
15073,"3813a011886ad4b90ae27967c25f02ca",,
15074,"b191b784c7c15ec851a9c0125c100e97",,
15075,"d21e67d01d5b918aa909a15b299abb72",,
15076,"95e05fa4e0ef0d3b7dc6f03f9bf54bd0",,
15077,"39b65de0e086dc84393f86dc45666d78",,
15078,"93b26376faae843435f9528f7cd1ed70",,
15079,"0271aa084c2bdd77743b4b19290da296",,
15080,"eecfae14b8c4dcc2d23b781b7a296915",,
15081,"ebe7309b1ae3ce6be230724945eb8394",,
15082,"047771fcd7a7240ce35bec92f3a0c542",,
15083,"de0222e549d5d87067482eada61fdefd",,
15084,"51a890add0cd3e8b0f8e56c7a827459e",,
15085,"a2cd44ff3861ba871229b0ab7e1c21af",,
15086,"ef2670af9a9c7b0b70883735e04722c5",,
15087,"6b6f34d5e0ceb2d4559bfae47bc63e5c",,
15088,"df6503d34f82cd8bf1bbf6f75a5463f1",,
15089,"8528cc136d23ece7b6a6b6eac1179570",,
15090,"c3d4507695b60ffdd2ca43d8f774a25e",,
15091,"a9046d5d6a86104982c74bc22e4b80d5",,
15092,"76a35331f0861ca477ba958df974c583",,
15093,"89d5352b93cc542d41d5f7e6b338368b",,
15094,"061cf4ca9000aefb4be366288fdb81b0",,
15095,"06d46f615531ea6eb719acfd5f5bd5cb",,
15096,"011a50c09d99a41e6a116d52226651a5","nordic",
15097,"46406a64a9bb2940fbaf997721f7c465",,
15098,"0a639e800eac4206ef67ec74002c8852",,
15099,"15c58168f4fde8566e95a671799c7bcd",,
15100,"b261d611e28fa0f1bb960fc82c635b42",,
15101,"75e61e34404c534b16afecbb692ac264",,
15102,"d6c0fe48155078b42a644f544cb22f4d",,
15103,"2faf20cd3723e236ac34f70681c34b04",,
15104,"5e1d63095c6b2b4d999c3b0123ccb278",,
15105,"07813603ec289171447564200c775704",,
15106,"28dd5191c48537d93113a23dec725762",,
15107,"267c34d1d4f578b08e8be706afca5d7e",,
15108,"3b829f855c9de1a23672c08cc16e3d1d",,
15109,"f5f369b8f808dbd3a6a75914931caac5",,
15110,"4e0d95c1ff31e3629c291ec24be75a37",,
15111,"8dc64da92a2a4240e108419c7e3cc708",,
15112,"768d29b2bc3e8ef79e2d904ae5292c98",,
15113,"67e234b40238e5419f18cb13f2553a3b",,
15114,"4cf3bce72f572015376be80ca956456d",,
15115,"377e6389909af5d7f1c61cc5a48a44b4",,
15116,"cbfc99b755d4de2db98fcb30adf6ddaf",,
15117,"d442e5cef07f76a435eb88fd57a0f3cd",,
15118,"0d05d1d8e947f741a8aee9781f79893c",,
15119,"654ce049fd1a39a3b1f4644196c30191",,
15120,"d269e46f400359895f1bc86afc0868c8",,
15121,"a0ad421db58c845d5d5a7c3b40c4f4da",,
15122,"91a331547de80a05ee69f061454cac6a",,
15123,"81095ad2bd95342d296ccfe6b62e60cf",,
15124,"b0bc64d077886a597d26bb8620305bb2",,
15125,"2783eaaba006f19982e57402229fccfd",,
15126,"bdb63872c8ff5e3613bd649ae67a4cc1",,
15127,"8603b1b1524f42032995dd1e0a22c4d2",,
15128,"85adb7f3130f8f95e3eff1f6a01cc13d",,
15129,"88a2775ae91baad077a78727e367ff55",,
15130,"d12ceead5c93985eb0aa8295c5fd97c6",,
15131,"62a283650e75d6a3a08a92269fb6a26b",,
15132,"6ddc1826a92d5674b3234fadc2755fbc",,
15133,"579cc4d53527f2f7a7f342cfe004c15c",,
15134,"0642a754bdb7791b4716b77ee7ed1728",,
15135,"5f012db4219d0b1b580bfdc1f440fd26",,
15136,"78fb4fe5a3f797cc933148c44d4e1f3a",,
15137,"b4d18059565b09b46657839fdf5ab408",,
15138,"8177ac66338112cd780a1daa8e0c70ba",,
15139,"b97c539d76cff5064f6e747736e88fc5",,
15140,"81466615060a2068a9aba91b43770d3f",,
15141,"67bf8734a092603d5bca02aed663258b",,
15142,"b98130ec8070d92d383beb5e68b467ff",,
15143,"96aa2f70053a42f8ceb2df7e22f393db",,
15144,"11cac8bfe163fb9180976620d9ec5270",,
15145,"71df833139f211d73e9b5972c8ba37a0",,
15146,"f012d96c3677e72414f774f736c9d28a",,
15147,"a787b88686316b5bc47acb238f0b41c7",,
15148,"9f8f0acb7aaf6c12267ce9a2ccea542f",,
15149,"d30b473f6d12a10302b299243048d132",,
15150,"2c1a48ad5911484fb9ea8c05d48a9d42",,
15151,"b7433dfc029fd5d53fc80e955800b5cf",,
15152,"51087914b2273c15fa8bb4d967526795",,
15153,"66af4d8e05d65ad384fd1f03e57f4026",,
15154,"db6d52d02d562a161a4c982343102c99",,
15155,"709b2ead4fe67f93b36084cce3f7f63f",,
15156,"6396c54f2faed98a254fd2be86054b3a",,
15157,"00f315728938bc1b65bec98bdafa4886",,
15158,"52c33cd88463a2e4d54d85ff69cb2960",,
15159,"de6f743bab80143a28b097a00e80c83d",,
15160,"50484d624a94c4204c5a13aa57bd5c2c",,
15161,"b8b053103142d6d728e9e77fb87d8652",,
15162,"ebe68c8f95f43fedd742a6723115f7f3",,
15163,"8ad860244c60486bb989a84b5a549cde",,
15164,"da18e3c747032241025e8d51acfd75cd",,
15165,"1d9794c60d42dac2cda8cd2bc14a31e2",,
15166,"74d56ad6b903fc48e20aa9a7df02a129",,
15167,"a59e732fcbf71cb5fcc6c54fef0124d6",,
15168,"7cccdc7df6b98df888e7c6d513ad9578","nordic",
15169,"75d710b7b3fffe5437612385cdc5108c",,
15170,"936605bbbd56a7ff6269fd67ca4e45f9",,
15171,"3c4d7699dbdbbf70bd656711f33f00b3",,
15172,"bbea65a303dbe232d907c234fde2b2d3",,
15173,"2d2f6f2353301c53fd562e41d70828fe",,
15174,"a0df760a6b256c110c7ac370cba8221a",,
15175,"4167257af351d26a532fd07f025b5c41",,
15176,"9370e9e9197faddd5fa503824f3d38ba",,
15177,"4a2b3f22451da3a845b78131bc6b5aa1",,
15178,"6f21345a02febb81545b6d073c3444b1",,
15179,"c5aabe9a2368190e2ea839441c2b13b1",,
15180,"6cf72d768eb6edd061c80b2f90a58880",,
15181,"1db2efefa1989498a5f2fb8caa86f155",,
15182,"e59e2f8bf102fffa54c07703c039d6fc",,
15183,"9935001c4d07c19f07e81f24bc57f227",,
15184,"36fdf21717bd30a9a4068ffca2f35499",,
15185,"bf1bca920c1a5d66261d4d2756afa16a",,
15186,"ab23631c9aad8ef172326963ba621211",,
15187,"dbb44acbe869c3106eeaca01e978985c",,
15188,"80f85cb9bd15dbe6ff0d18321dba6e34",,
15189,"2c4a66acb2a45beb3a68add780c7d5b8",,
15190,"865613e99386c16eb920f2b7d89edb76",,
15191,"3a36feac4dc052ddfc3f275c0fa72706",,
15192,"e7c48c4a91e851f23dfc5c89f95199b0",,
15193,"418098fc9ee888cb4585a641c9333679",,
15194,"cfb5057f8c0b20c0c1e74b75d537d7e4",,
15195,"f7e7fcc7046aa33921046f1245f1631e",,
15196,"e33a3b049fe4c93cbb67fee834d8ca81",,
15197,"7c7786b35259036c29b78fd537e10612",,
15198,"8ba845aa84cd83a1e078aad759639c7d",,
15199,"109350696c39fc57128675d33e6089cc",,
15200,"18ac2641a995a5989b7e5a05d826bb07",,
15249,"bda4b7e7ae273b17a73ba1e69f491585",,
15201,"88ad171f7d28260fd9aa3fe15d6e61cb",,
15202,"595495b8bc49f4b68249d70f58cb19d4",,
15203,"d393eb2380af5fb4be50ca908460ed79",,
15204,"ae98e11cf021f5cf0edf45c34f0112d8",,
15205,"e02e6f6077bc70ef5cca09e93a102775",,
15206,"d92577b7a32ad310716dbac98bbf9cd1","nordic",
15207,"a5f07f65a9ef260c0077021ecae43dc7",,
15208,"797c58bf55424e248afdd5832f0b46fa",,
15209,"e3fc0c909aa7a32cb607be3057de6f7e",,
15210,"c88476e7f64ea2272122d7461ec32b1b",,
15211,"d695dfc8c7391342c94929835d01d492",,
15212,"735aa57bbf6e25ab0a9e83597403027f",,
15213,"36012823c62c8f0bed72e07b2d7d5f6d",,
15214,"c90dbf1f7ba6c051c53cd1827f3f8969",,
15215,"5c6b5b62ebe81b74e9bdabb184311c42",,
15216,"135c003cb2bad0ea95be61302268f71d",,
15217,"1ce7230638b36c7ae92561af067b400e",,
15218,"158f8e21ccf228ef063888c4f637fbf0",,
15219,"f1b6359124ac353f238838e33fc2ca8c",,
15220,"af57dfe9bc1cbeac278b3819dbc1337c",,
15221,"553cfc7ae84e218a84879b913e1a53af",,
15222,"50839ee44a70663281ee4f3889cd2e2f",,
15223,"701ed108ab9d8ac8e02c91ac57b838fe",,
15224,"d43b7b1f3ea3bb5f5de615eb06c6520f",,
15225,"6d227d384606c5f83cf895ef86b184d6",,
15226,"20ae7137e6492114b2e6e47df4edbce4",,
15227,"7a2c42d792f2100521a997d3e8fe66d0",,
15228,"a33c1f7d70a3866a70d3158d2d1adf17",,
15229,"9a5fa7e6d3d80207f2db0027a410216f",,
15230,"1e471f5626469d4a020ae7eeda36acbd",,
15231,"f42ba855c688b8f2a7a42cd8afd158a6",,
15232,"0d1f50f562802161944bb2e341f74dee",,
15233,"50e7123a1aee13b71b288da34f8451d4",,
15234,"e81721df66fdc975adb52ba98ddb3f5f","nordic",
15235,"638cf73d5c09d8a1dd7a9fd8a465dd89",,
15236,"5e263b499697df880616ed3c9389eec3",,
15237,"764ea042aa93880d02b99988f8a59703",,
15238,"caff0c792ea77ca4ddac7531cbc28306",,
15239,"e927e82cb23ad0e676ac9c6d25531318",,
15240,"aa188c53e28245970f6c06c33d90237d",,
15241,"0a1a751f53126de78afba82fd075e949",,
15242,"996cca06f888ba917913b5c68b1958f7",,
15243,"6ce83939d15d519cb56c5e01964a0b85",,
15244,"386e776afcde800db6c9b3339bc7a41d",,
15245,"f8611ec4459ebadf99bb999e5903df12",,
15246,"c1d939bddbfb2e217abdd4eeb46d5a0b","nordic",
15247,"f4b6fed466fbbf2225ad59c858eb77bc",,
15248,"f1982fc868f8a1204ac695add8c75c4f",,
15250,"9c6e4dfd4a1574a2645b272b22544b54",,
15251,"9378e47cb9251348c20c0e46a1215249",,
15252,"8578b5257b5405be1b468e13f3936f79",,
15253,"37d09bdff3610bc937d1f1428c963176",,
15254,"7dd7fda80d678c85629b992590083fc2",,
15255,"9ffd09e22c8e5bd4b1e8c75ef7103f9f",,
15256,"58e8bd9911d0f59d5c877496b5d3393d",,
15257,"9c633edccc8c07da8140e48ddd6c7131",,
15258,"34a6a8d03e3092fcf39de1adbdec862d",,
15259,"40fb2bda9b5abf73f663c29c327a9e26",,
15260,"d5f882c5adbee976c46c71b1a0a20061",,
15261,"a7532858735e2f4d51cec10ccc1b210c",,
15262,"2c73b87063ee4794e2ecbb59fa67629a",,
15263,"5d38c49077f07f99c9f7f58914361171",,
15264,"d3602c4415b7d77b22939794018e1761",,
15265,"ce97bc91defb23ecbd8d8928c4f10689",,
15266,"a1691a1a633e29bfd9d872a20336e3ec",,
15267,"7e73e8f2b8aa5235bf9273ddb82f837d",,
15268,"2719dda8a9d1dfaffd6efdba9b3e8bc5",,
15269,"4b42083b32e7a6c5006b38ee51abe3ad",,
15270,"c5255934c9da43e2652a27f5e36aeb28",,
15271,"ea3c1810c888881d17a8f571e43a36ae",,
15272,"7dedd09b388a2b746ceb4e3fda03a066",,
15273,"abeb16cec1e76c3363b34b3b9ead3f36",,
15274,"8ad551e38e12e189be847f0127ab5f63",,
15275,"b3c4f783602b6d46dba0e4fbcd8f1304",,
15276,"1ef4aafd7183c86f9f5397189cace802",,
15277,"aa59a6e3d20ddf8f12ae183a56e96a6c",,
15278,"b80e45e2d19623473efd69e6bbe1f631",,
15279,"7d09ed336b4913f8d1ee41d3e931b7ab",,
15280,"35f34655261c8a4623c871c1811993b6",,
15281,"62165f4973bbdc717af693b9534c902f",,
15282,"c7d15730ef00923a63cdc0de29ac86f1",,
15283,"2e5bb5bb1c777571fc2f1f8cc5d75710",,
15284,"2ff22cf2bd90e7f3f4f589f27687d3f5",,
15285,"c157f85aef305da7b26270d3f45de82b",,
15286,"4012afa48448194705971c976331156d",,
15287,"3a39f9860b434ea97267742759acbf11",,
15288,"2b7841c6b9011efdf25810fdb4e9326d",,
15289,"0904e45ccdf10aba9128296a1b1d70ef",,
15290,"c511f21f192563dfcf6c2af60239575d",,
15291,"193dfb569a9d6acb72ffd8d108f8dc32",,
15292,"f0d8d7839655b2efbf08f98f29c354e6",,
15293,"21440fe2a144157bb5c57023298a1e5b",,
15294,"bcb8be6fa2a1cc1519de37605645d198",,
15295,"05b59824344e98535cad156ac98c3acd",,
15296,"3843b57a32c19bb6426f4f31b58edc6f",,
15297,"6407a83071c7f51254cc8524a0762361",,
15298,"9365e8ef3ed69ff3a46dfa5c469f0c7a",,
15299,"32f4b00074c7c3f6088093e372f6190d",,
15300,"e376d1e2ce550a084aa71141f04ac5c9",,
15301,"97852a87ddf9554bb8f21fe954312eef",,
15302,"322a3a4f57c7132814e316917944ce9e",,
15303,"9fb755c1d51474635887122169ce77cc",,
15304,"3436524d4aa74eb70fc3441391766bfc",,
15305,"ef03709fbf98d106fcf3531fa22d2d2e",,
15306,"a03eb6be4e590fe602591983e80b7e83",,
15307,"9458edeb8f0a080388dea3b886759035",,
15308,"b32a39677c7aa610204998859ab60e5c",,
15309,"1c11e6306a4a8bbcbe60bdaf5c6cdf05",,
15310,"e7d90ef7b76de6a9aabb46cc102f167c",,
15311,"4855d0625f03cde53cda6817fd2209c4",,
15312,"72998a56722d0a980dde15c1d73807e4","nordic",
15313,"b878a4e9de5931035bb269a1bf515231",,
15314,"969396683924a9da4e469006b04f2e08",,
15315,"d066f15b957d1a1cd70576ee20250b98",,
15316,"ea7891d9dbeb16a967d8654d12b3a934",,
15317,"8c278e9480bbcdfb69a53a7411b856f9",,
15318,"bdca9ca158757435706e3aae3a5c0b50",,
15319,"f8f7fd721b58382a66957245210018fa",,
15320,"f265bd5553cf7ad71a5f3787ca142601",,
15321,"7e36ce370b8e171d18957944357ca561",,
15322,"f91af1cb05b030040d3efb1a3a2c0db3",,
15323,"e4a98cba319fe3826a14d4fdba3fdb63",,
15324,"2bd19e9f255737b87f34a9e6ad11173a",,
15325,"953d5aa0af70f773a22d672ba78c8bab",,
15326,"0a0fc6eacdbf10229d0a5ac7b48ee93f",,
15327,"84df1e5b24a9f8b3cea7ba75a807e0b8",,
15328,"53e8bcd22af35e1057c5e5105e7092e8",,
15329,"2b460bf418b8edc1c1ac2e394840c6c5",,
15330,"0b36de5a37f6922cb1a6d487e845c0a3","nordic",
15331,"06e51bf7e47e65c2e7586610b8826749",,
15332,"37b9abd313be49e3f3164f983c11c8bf",,
15333,"6a7c9f4e9eff97dde5412fcf43b0323c",,
15334,"5c035012da2157757ebd782e6c9bc416",,
15335,"f541c3e837711e3aa8c9e2d51654606b",,
15336,"d4daffc5e8c4cfe8bec8143886a60b84",,
15337,"f3522b1efdf9ce3d180b86ed29c77c12",,
15338,"913b18ee1731d2bcabf63257bbaa6ff1",,
15339,"4a8be926957726c01d26caf031ad802b",,
15340,"de55cb6d6d6820074dbeb2b935248d1b",,
15341,"3a734be45be8b120afb9f9f18c4da492",,
15342,"3efb797fe36839dbb6f8dfbba47336e0",,
15343,"d7192c0d790993eecdb842b54b5d7098",,
15344,"0af0bdf31a74907ea12d8f6fa5197379",,
15345,"2b70a262ed45ef3e5d5607f8cb2f76cc",,
15346,"3349780ef32d8fbbdceaaa1958f45db6",,
15347,"a979ccd1c15c9448024fdb8e3e5ad1b7",,
15348,"4b454773cc958070e059899a6ac96fea",,
15349,"97efe1b9d1dd570364587bfc40e33780",,
15350,"8dd9d3cdfb14add95abe61fd90912d0f",,
15351,"77e3f1262807c77085ec781344ce1b0b",,
15352,"7dc1c924b31fc59d9cc00992883484d1",,
15353,"e4e9fcb4454f90be0e4c3fa57a702a22",,
15354,"03102419a968eb41e72317cd715c18dc",,
15355,"c6228e607dcf9e5f6cd1506cf3c28692",,
15356,"80255bebfe4aedaaec37fc5016c5d309",,
15357,"b6bbf153642db438d4e432e46c1e53a3",,
15358,"eb118e461f0ec50f8e11723bd1aa1982",,
15359,"2f7e7cd04f58bd65b0b7b3a0c13d45e4",,
15360,"8c471390bc255824d560ad2333b07560",,
15361,"6fbb8966ab4d871d9be20d251d30498f",,
15362,"54070a602e0c0dfd04f911c140aceede",,
15363,"7306a1b0f97acc7fe1f2f105c543f288",,
15364,"13a1a8222edefb500967fe7bdb41fce0",,
15365,"2bcd75069b76f2ea93efbbd45f493c9a",,
15366,"7ddc190d4b504d7e1daa8723e8ab9c79",,
15367,"47a9dd2ed1df69560a5fc2685a7f952a",,
15368,"3b633bd2e209fc4c030c196c173ae871",,
15369,"5116f66b57e5df5d2715fbbba15e7c04",,
15370,"b98c51f185d111e03213b2ed9fc31cff",,
15371,"2c09687292ddedbbac7d98cc51504bb5",,
15372,"074c17824e366b95ddc2fe1fd163c786",,
15373,"f8adcdd635592cd32fa4cacc9673a43f",,
15374,"62d282491f4bf36daa320d9e17d9dbfe",,
15375,"18071891cc9479541ecd2edcf8046d7f",,
15376,"f9f25326e81817d363383bdc15613ee9",,
15377,"daa8807ef5bd89cdc217c69f73ba934d",,
15378,"e98caaaca02615a01c3956ab6baaa25b",,
15379,"e9eca330e9fbfc00bc7ca1d6c187894e",,
15380,"f4386df7f23593cf5c3e1e0941ebf56e",,
15381,"e748f82fca6d85bc3e382dbf8b9c094b",,
15382,"720fb05cc9cf5c66d5666b26ffca540d",,
15383,"76aa3511277bc88359552492b5b906d0",,
15384,"3dfe23a1e94dc079acc3e051fa8ff9f8","ti",
15385,"7348ea6c1543160e1588e7670303ee20",,
15386,"073b67cf6322bc67079016acc06bcc63",,
15387,"b7e65966727dd6e58ac9b7464e3b8c8b",,
15388,"b04a969743203ae7bdadf4d3a086a7c2",,
15389,"6384f9b4de6ce092942949e9c9e9dc66",,
15390,"0a4e123788ac9b148db2b17c43c72a96",,
15391,"2bb4a54da337363b8392fbc8c1a7deaf",,
15392,"0352befeddbbfe40d49a30d272fb6612",,
15393,"3b28f8e6a6bd704d3fee5419aaef98c0",,
15394,"e733237861199fb6ae632e500ad0ee03",,
15395,"a74f6807d5bd9ab2c178c4da832a0dde",,
15396,"cb25406c5dba5a7ef19ecd632220aef0",,
15397,"609fba40d897a95a7b2992c27ac869e8",,
15398,"e365c1c2e2215624806f712ac6d6c13a",,
15399,"ca5f8391dd067bec5f3030a3fd18dc4e",,
15400,"bf9bece5410ae1ba48e4c9643fb6b6f3",,
15401,"bdb66d08e81298703585d213e2ac060a",,
15402,"e59eb9d60a9f800ffe86278d3adf9291",,
15403,"7adffd06c03daf4c3de6deefedc372c1",,
15404,"42c85241b1adcd29e9bef2c5365556fd",,
15405,"d6646cd46a1e05abcc53818bdf1c5579",,
15406,"4b7d7d5da9e7bda2cfdeeea90d701b99",,
15407,"1f7c95f5ef4000f5224dca2272ff013a",,
15408,"b7f2dce78551a1bdccb93bf03363c8aa",,
15409,"f1f855f660b5a74b98bb2b97f81f3078",,
15410,"3955474cc3ed1e259675a36f240d66b1",,
15411,"4df032fa12eb6470b2cbbf3afd447946",,
15412,"0f98ab0298b6136e7d7cbcfe55d4b777",,
15413,"d5f6cbc947c3c16bdfca29e63cc0b676",,
15414,"f805e7a718a11c1ae645acb17f390dbe",,
15415,"9eb7cab805353d7e026a93d8d6600295",,
15416,"c7d19c7ccba2b2a423d738b6b47cb00a",,
15417,"381bc19285f765a6c126bb2ca5021dad",,
15418,"ea08e7693578e2c2bda5516c73d517f0",,
15419,"69c57ce90815406380c68c11aa6a0fb9",,
15420,"915e9eb92726ae1ca27f5c6385afb068",,
15421,"6da1c50a41cbb46816656ca0c47e4903",,
15422,"bd4df02eb371fc24df7d6fb4bdd09708",,
15423,"8341a96dddfffb7e80f7c8e0d2d42bb5",,
15424,"b65b4a66332432d7a3ead638a0f972bf",,
15425,"f39ec33a19eeef69106839482d2bf616",,
15426,"0f54c78f0a1aa397fac29c79b780bb4d",,
15427,"1f8de664479b3fdec4b5223c86a73034",,
15428,"51407080e2a37175854eeb44c70b2809",,
15429,"2111499a33cfed6582b05243167c0c5e",,
15430,"c1107ecb64698a03498b1ea4e58d64b0",,
15431,"4fadf54a5ec8c8fc0c42ac949a36f45d",,
15432,"06bb3974bd710a716022509485c04df6",,
15433,"7f780a9671d6ee488492b2f85012e1d4",,
15434,"479bfcab06e11880b3defe4d8046af83",,
15435,"6d8443ba0362938215f9d67298706ff9",,
15436,"25c0499b79a91bef8e4b3c31668b36b6",,
15437,"c824752a9b95762d4b9f18f978268423",,
15438,"d1332320689ab6cb2d44f89615faca9b",,
15439,"fa5d9d5f8bd5a28f60871d345fca3c9b",,
15440,"498d0d87a98207a964f78c4ebdd7c884",,
15441,"cbbd1af699e70591445c9e264a9373cd",,
15442,"3825bc1e64ff87484a94c43ab085a99f",,
15443,"b08daea59149cae2c97450a1419ead2a",,
15444,"3905cab404437313e97d31728ad4789c",,
15445,"1f05238fb34879968e760146b88e3ff6",,
15446,"5263097d13bfdee46387e616c45a6575",,
15447,"264fff9df3fafc2ab7f600e9ec1f0dfa",,
15448,"d3121e55f87d2940eb423ec450c05a03",,
15449,"f0ecb65e1fb6ae34e1e81c8f156d6496",,
15450,"11623809e32c757cfbcebe14cbf35bd8",,
15451,"2b0e00a0c0efd01310d82959f648f51a",,
15452,"95a6cb745cceee146187eb4bf179a7af",,
15453,"195a9f5216c08c12172d487a6908f6e0",,
15454,"354b87665f1197b641172f637e00ab32",,
15455,"2eb17feb71539354490e56f856c2a523",,
15456,"6ab73abd3af611a0fa14f1fdcf448af6",,
15457,"122173449b98e051006e019dd0fdf72e",,
15458,"7267f7cf6367d6b39585b2c2f85270be",,
15459,"bfff8561c6ba8de7bc2e8291dddd8ad8",,
15460,"5cbc16307b86c5c98bc0cbe89141ce8f",,
15461,"f15706edb6023db3d0ca78769743bf4d",,
15462,"7fab2ec177c81ec5dc6c881394222f8a",,
15463,"d7410d058a69bbab1543752b529976de",,
15464,"4e91575668f7ff0ebffe9d51c326e454",,
15465,"bed5f33db799dcd3fa6ff47c3f210a33",,
15466,"74549aa04ae01a312cd0d6c835c2b007",,
15467,"ccd28c7e820ab1fbe8787210c297f593",,
15468,"dfe54ced4c8651a73cdb66143a248874",,
15469,"bc2da71b68e2040326c2e7846a4ec7cd",,
15470,"850cd22104c958d4a306ca964e134acc",,
15471,"c752ed8cfa149bb6f6e16f7c26d00fc4",,
15472,"29f7040cbdc279e015800da4d9e099f5",,
15473,"c9dea5f9738c19edb9e0cd04cb553b12",,
15474,"ad309ae5cc342a3c2a90afbe221b0ba0",,
15475,"2baab51d97c422e89ba7ea678b1de6e4",,
15476,"8fb2d526b19cf315fb1645acff42038e",,
15477,"10aabca45c4f326a4e35772ff458ef37",,
15478,"1470c06cab0006e6360d0004eea405bf",,
15479,"5a3cb919ba099d9cd21cf3685eb59b5d",,
15480,"f65e9b9f9f5c721894f4ca648b76f4f4",,
15481,"b2310d415de5ea8be7633a64269fb6a1","nordic",
15482,"37994a0c60a5f8077776f521cd64383a",,
15483,"671729f4bfd86cc859a7688112e35ec8",,
15484,"5f9385f4ec1aaeeb35c6f8985cc0d60c",,
15485,"6d0115eda8bc8aed39be29a6aa9f01b6",,
15486,"99a1f8f676a4551fee84328337ccb1be",,
15487,"177e14c9465948f0e3a1d4c53d5abc95",,
15488,"504314600d875d213e1120faf0383e65",,
15489,"a2211ccf471270d77eab8a98cbbe9585",,
15490,"842d9954085407fc3f288d10b5b22628",,
15491,"3cadde144e6b21170535044fe410fc05",,
15492,"86e4a5e788cfb5d4b923aac34d54fa05",,
15493,"8ced7808c8877e7f8ad664efc0f14992",,
15494,"44567f365ce6f668c69c6c40279cd878",,
15495,"58f58e7b841268901014ad833b5f96df",,
15496,"c9c11fdb3b936f8d3e9fda9351bc6812",,
15497,"356197202e3cba2d619eaf93a7ee791c",,
15498,"74b556de87ea2913d9038c4b944fdbb9",,
15499,"32d667f2864290afe6f1cac1ad6f2ae5",,
15500,"3ce63fbf0cdc732d93f3c2738a77f95a",,
15501,"be62ae9fdd32aea93185ac4a927787d4",,
15502,"a275f0f87ff3757927ca9bb0ebe013ad",,
15503,"66aee5c5a03c58c223c45a658919194c",,
15504,"5064b5636b5d552f3a5289edbf91e6f4",,
15505,"a1a9aaa1ccb1ff35728a7584f6b99a0c",,
15506,"b56bac3cc6479b2f6481414e8ed1a79a",,
15507,"887c473719316935d853cdef96e5ad9e",,
15508,"801de6a9276e566bc864cd838311819d",,
15509,"603fad0aeef42ab7c96acac8353b5bce",,
15510,"33aed365a4231fb131abad442bd3cbe4",,
15511,"4a3a0c5139fda419fc7321df09964ee1",,
15512,"5ecc37206bfe7eb304ff946bf493f6e3",,
15513,"c9bd847d7490caee11a6907034fca442",,
15514,"82fc3a48f632e432de01b77eae54f1eb",,
15515,"8c1f1123964efb946b7b3a3ea8d3a768",,
15516,"c269e6e800bbdec9e48c1fc1c01ec9a8",,
15517,"c455fbbd5621d05c1e03bb8b69604682",,
15518,"2fa9f64ba4a45898b3474db13488e508",,
15519,"327d2305ad4900c1058a27dae3b06464",,
15520,"3113beaf3a8cc40af09465fbf601ef98",,
15521,"58ebd59e9839b459461db81f8e8ad4c9",,
15522,"c4955f5f2f0d408b537a9bda29d6d65f",,
15523,"a22810ce1870a38a8ddbbf959d32f684",,
15524,"99a4c2e8b0d6d3a4516e29b57649cbd4",,
15525,"8f6187b934339b03de345e6d71e26f73",,
15526,"36a57621966da7c984b482023b98ca1c",,
15527,"b2a2b0eb0a524b3a0dae7d53a698fc33",,
15528,"fc162d4b377d3ddbd05d5de0d6c64e7e",,
15529,"3269d3075a2924fcafe8740e1594945f",,
15530,"3301fad4ec78a2d4295e16aa4ac58fff",,
15531,"2317948c21d01c34be08be0251d86515",,
15532,"86b7f598ee800c329c3d7cb583a52852",,
15533,"3bf1d0bb54da2ceb7ea22a903f2ce6ed",,
15534,"ed57ad52d36da7e66ba7da02d8b7676a",,
15535,"8169f0b3703fd5d48149dfa147862088",,
15536,"bb9a3d3287d4e2d236087d79e59dd4bf",,
15537,"be684711898462b9da2f2761d74b7aba",,
15538,"38e92db36eaf8a114282eaeb0b4b9430",,
15539,"61e0c2e3be3a1c563ddfd17d61887cdc",,
15540,"71bdbaa000350e3110374175c78120a3",,
15541,"757437108b8de5c00da2fe51d6d199b2",,
15542,"9159ee9e543a67bedb959bebfea3c9a4",,
15543,"8c7364659ef4315ba08745a41d00b62d",,
15544,"0f837622d89a5d73321e8d10c813eb0d",,
15545,"298f3b584884e1ebc5bdf98e405a1cd0",,
15546,"4137c813f3ff937f01fddf13c309d972",,
15547,"ce720cb775fe3c6fe6a3637fc218b40f",,
15548,"3cbbf9419337f8550970328b9e36a11e",,
15549,"369cb6c6571d0cb03d8f01ab52843ca1",,
15550,"47480342928f7347113cfafb1f4729d3",,
15551,"eaa6fe6500032bbe051027578600e27d",,
15552,"db682facfc2268a8167c093a3b9f28ec",,
15553,"aa726e303fbaebb55e5c781f252970d6",,
15554,"34ff2f8fef40b4ef881e85242e55daef",,
15555,"f3b9ca0332d0f7b753d2ead0051724ed",,
15556,"60a1b9d4147d75716b84469c24317dd8",,
15557,"ee28e8c572a7a1f0dd6ea00a0e0fb255",,
15558,"e923f9817c178a0527511ad44463aefc",,
15559,"6d537b66cbd4106b2403a87274b4f164",,
15560,"95628668165c63d9c1e5f356df911bbb",,
15561,"4b6035f9cf17540de58ff33e6d323496",,
15562,"09eac60c5ef1e0ee94004811296eaca5",,
15563,"9800c9c3cda54e42d5e2e6600c21571d",,
15564,"eb5c4b064ffac67bec2b514c60fbacfc",,
15565,"c0e6b10ed14fe6a54b074a9d5658014d",,
15566,"9daa50b89a464988d05dcf52c44fa013",,
15567,"d042da88423fe413fcddd0a3bd300857",,
15568,"1ba24429ae84a94a5f53dd18a7f98a47",,
15569,"8cee3d2a03ebcaec804b5e14711cba60",,
15570,"8afdb8654c7e84b3aaceb17f1ef77e72",,
15571,"633cf640002b0b05b915e7135219172b",,
15572,"95ad776c92cea233bfa677e89a81b9da",,
15573,"6d406de23324b7fb1659b383cc741cef",,
15574,"ec29a7cf14885452053439a9f6cca587",,
15575,"489ea4cdb9af3186cf7a51d8fc2a177d",,
15576,"9c29940ebc112c516de6dd209de5b43b",,
15577,"315c2d15750306ffa3bdbad8b7d93489",,
15578,"664d1723c59f29fe17bd3d08ffb2bd78",,
15579,"501cd3237e37cf4093f61b0f928cb1ac",,
15580,"03a9075a59ab85b669e6ce083a2be8ab",,
15581,"6c19732fa7d1b1d1a0c024da9d63e472",,
15582,"9a8af4f377ca39ca1c6037812dfa3b27",,
15583,"e16672f6b4a99404ef5503b234fa0ac6",,
15584,"de59872299dcfbef9907157f19311f42",,
15585,"85ed8b95ade62d32ec4b000553ea25e1",,
15586,"840a6925e66fa5ef56479e7a9095c365",,
15587,"998f64b40fbbd226970a5ba0f66dbe91",,
15588,"0e79912b92433fae8e4d971707d3524c",,
15589,"3fc9c90bc682602f63b629345932990a",,
15590,"1d3899ad88bfa55e5ba726b60e81552f",,
15591,"423c7032a3de0dadc872a0618d34e6bf",,
15592,"893984cd1705a6f33bd0ceb4b1368040",,
15593,"a0911e7b871934e21b4846d3accff740",,
15594,"0ae378c534a0d9224123c4f8adc07dc3",,
15595,"5bc37d22e4a6559e2ac50c542b1dd0a3",,
15596,"35c16c8c12369882b4a0e9d2f0374ce3",,
15597,"bafaf85c21758487b8d9b94117604191",,
15598,"47901668a0b49bb1312f7ab68d0c7166",,
15599,"015a9910bac1668e2dfedab9cea24a28",,
15600,"92c2b274a0e06828105672d81d6027d8",,
15601,"1c3c7a32c2d380d1799d19537bda72be",,
15602,"818724aa933f6b4e8d0422fb754b9899",,
15603,"d3d8a1753907149fe860cf792a59b88d",,
15604,"a08ed4e9809b8adef2b5b0918b852982",,
15605,"278f35f00eb781e6ccc409c642225869",,
15606,"d273ad03fb0f4f43fbb821972a70b1fb",,
15607,"0554a05210272df165fa0dabbfc495bb",,
15608,"e920bb21fbb35cb32890173d1d8269bc",,
15609,"97d28b52fe420b21d9622aebf5cb35b7",,
15610,"23e24d184ac1bd216c4e5476aa3a6967",,
15611,"c21b51816227711c40007df2db346b83",,
15612,"12ed52e53af06ed355c568c57f1b7176",,
15613,"71c24203f642848b60c77ca26492a5b5",,
15614,"12b85d7e4fa4f59d65a57e37f615fbbd",,
15615,"4a8440789efe25a2442a010f028bbd03",,
15616,"601fed79227cc8282b9cf676e62e61ad",,
15617,"e0c013405770d2a5a0eeba0624c40ce1",,
15618,"618bc2728a1f90a8ab5464d7ba534b97",,
15619,"7659f4f80b1f87756645b01f084ca845",,
15620,"bd23bae4d522561095fae3dcd83c3321",,
15621,"a397ce5db6a66907c57140cf71a12702",,
15622,"1abf822bdf79cb1e9a2e70fdfde1946c",,
15623,"914c552b6b41e2e5aee3f9be65d543d4",,
15624,"c89aeb789d8e8cdee5f4c20ae5acd85f",,
15625,"55c46f9c8b67a860e2319dc73813aaf8",,
15626,"278e04f2e11b416d2a0f585f395ce49a",,
15627,"52e0930a753d0509b0e11bcb0d997912",,
15628,"af4b7eb1f1e278bfd12d7193d9401a4c",,
15629,"d03aa41ae36055cc0f683008cdb40ee8",,
15630,"1e97a375d06051e661bc3244aca001dc",,
15631,"6764ea69e836b01004c0dd65315c2eab",,
15632,"82c658e2020ebfc5f07f69a026db1808",,
15633,"55bec6c0f7f6680e457e38ccc24bc620",,
15634,"bc04964802eb779a2a2bea47da41bb0a",,
15635,"ac81aaab7cf789ab328ca437737c117b",,
15636,"9181c2123f98ae32b0c462461a2b94ca",,
15637,"5eb4cf4a15f82d3f768d420b7d2e372c",,
15638,"114bb0a7490d6adf3cbd8cbe73c3313d",,
15639,"ec29cb269e58ba7ca11e18b1f414bcdb",,
15640,"396bd6b588ef0d8b973364d3f0a7b5c8",,
15641,"cd65eeb132059f45e4f4ec53d82dc3b1",,
15642,"8d63a2776d5acf48c4ad2614877b31f7",,
15643,"a1506c638bdd5c8ec2fe5a48abc179df",,
15644,"541178c16da42fca228111ffa298bdb6",,
15645,"f74b3554e88be24f302d1d6d88208cae",,
15646,"11bdc4f99dc8485c7d4a5d8b745fef37",,
15647,"dd6039df7c8b1e52a9097865b9d2f0ba",,
15648,"d01c2e77e2326eb8dd6eace2b86edf9e",,
15649,"5383161de6d87ab39849239978df6ddc",,
15650,"bc03086bc618254f738d649e8a3ef990",,
15651,"224af78a5aeb5fbe30cfe4e07fdbdc5f",,
15652,"b81b63f1978646cd292394e74e205f2a","nordic",
15653,"964d78fe52e5ffc4927d772e257abaa7",,
15654,"c06957bded03ac5a9c21083ff9444bde",,
15655,"183de6afe9801662bdafc8c4b8e8ce12",,
15656,"fe72973635f88d9a556ae9a17bfd3087",,
15657,"a59748093351b9c93d265d3fa4cc7ff6",,
15658,"1bcbcca58bb6e3207ab2f0ced0a1e10f",,
15659,"7fbd7f8fd8d70942342c5976f26a3008",,
15660,"f54cae1a589978932daa4f2513180a62",,
15661,"3f490e984dcb355e02ae9581343dc256",,
15662,"7a44a391c80c9651e24eb04ab81c9b30",,
15663,"0943e9441c4046e23c47f8b20fa27d57",,
15664,"02c62a42f985ca75cca5fc6563111b48",,
15665,"848dde7c90001a7a2082e300f056fca5",,
15666,"fb46922700c3e99f0133e211e47bec66",,
15667,"54465d2c5e1040b527602c150e57046d",,
15668,"1b30db81461fa723eab4d53ff27ee900",,
15669,"2b426b06b50f7c61a5029f04846f2d99",,
15670,"af79b5f741950e92255573544cfa058f",,
15671,"ad771bac63fb1baf12c7d5aff0f7d342",,
15672,"17fe481d5e99aa36a1013127ad83bdf7",,
15673,"9411762c67d58e8add4a2dc62106463b",,
15674,"c7c9213b297bc18749beee261385a583",,
15675,"1331972844887536b269a15f614a6a1e",,
15676,"b1bb3d6a78042d1b9b32fbbfbed7d57d",,
15677,"4636587fabfe14ddb3d05923889ec0ba",,
15678,"1cdfb20917c0a7b1e36f71738f507aed",,
15679,"64240f3f3e234dbee3c98c649b025302","nordic",
15680,"9836235839c423a67c3ad2940587a40f",,
15681,"786cdf9f3dc66f0f46e3044c933d1f5c",,
15682,"b48bae75e4fb026da87805ba200d0c79",,
15683,"85cc489ec5a24cdd3d53cdaa7ad4e076",,
15684,"042337f1a1edcce5e4fe1601bc51a844",,
15685,"56853adda7c8aa74bc0d0d17f58ca651",,
15686,"2f24b905c4b9861354463b103a5fba5c","nordic",
15687,"7cbac8ca4f76167c2a66618c073a4fe9",,
15688,"914b5946de5dd646dcc6cc0f9fe015e2",,
15689,"6ad4dbe73b40f2e55c7c616364d3dbc3",,
15690,"78c37b5a8ed6e225498cf3bcb9edfeae",,
15691,"7dcb2779c7b8e8d3e44e449a21db1408",,
15692,"3a34f0264609312aa5ee0eb8e1dc5c4c",,
15693,"a5dab300b7113113a785431319186e74",,
15694,"3c7b3730e22c29c54c4cec2edab6975a",,
15695,"b7fa4a0abdc3d2b5309eb557bb36fd07",,
15696,"9ff5f3f130e1f48fd3d31bed5a2c1049",,
15697,"0656d581242eff727e938a63ade36f31",,
15698,"b77fa56d6e720f44725fcec9a3c01d02",,
15699,"04e8e0d17d94dd9f185aaf8ea60b2aec",,
15700,"6a07277c0775ce75889ee3c1b368f43d",,
15701,"fa52d9139c49d4a1028fbfa99402ea70",,
15702,"d5665b4b9fdb0047c5e536e37ceef499",,
15703,"bc7a72b7e7a798391bedd25aeee6de75",,
15704,"4ec2a69d717d6ab40f3bd52eaf7b4087",,
15705,"7bd5330e40aa9a6493ba1b25df8a9b56",,
15706,"0a05e396974b8107b2d88b3def43939f",,
15707,"3d16f91c8385a3e1f4b9da234ed313e5",,
15708,"1cfa78e94a7d39e99d03f40927545cde",,
15709,"8da05c2ff047cb2734210c4ba1ac70c9",,
15710,"1ebb9ba76f8c65702a4b08a3480c1cb9",,
15711,"776306fe073054757ef03d7a8a7de80b",,
15712,"364240a84399da9fac6ad74f6dccf48d",,
15713,"051d9800ada4b0c51e625078815d948f",,
15714,"333f4add0d9f9481d5ac4fed5b39c324",,
15715,"22a4dafb4c8958e3dc2fc54d6ccf4776",,
15716,"4b9e6e6e6bd4094568d682237e5ef324",,
15717,"e545602aff022ac08cf46c207e77cf2d",,
15718,"19e38970cc4fb793f9f9a08ebe81ee10",,
15719,"57f487368c72486f44014cdf37519a20",,
15720,"2afd12ee9501d5d1a6adefe145c086b1",,
15721,"284686c5fa2fdb27f8d5114ed26947aa",,
15722,"e4ddbf41b336264ad19f4ab22c76348e",,
15723,"e861508fa3cd1d0197fa961b47fd9864",,
15724,"76f5cda119c9032f0dbf08010c2ac65f",,
15725,"503d7c90015876a0042d1c398eb99598",,
15726,"b06a230d0fd384d1215ac02ba66697fc",,
15727,"f01f3e4fe08decb49c235b057fe2f1eb",,
15728,"54a30139b829763e7d4e45cad15fbc14",,
15729,"2434e62a2467287e7566422d8711e6ee",,
15730,"cab1ee9eb5fd04b3ba1c879b1ea5e3dc",,
15731,"e39badc55cf965884caf2137e440d4db",,
15732,"0dfc6fdaca8525487680bf06ec8310a1",,
15733,"1274889055a681ff22e745aca1137051",,
15734,"2e6c36fa483053207470be95c4bfcb7b",,
15735,"b7685fc7ffd8d5251ef92f70290b1e83",,
15736,"f246674d8966bfad6217f3346173d9a1",,
15737,"dcf684414059e063e7fc85b4a41dba58",,
15738,"27959cdd2d2fd79a83fa78d4cdec127a",,
15739,"f0398b708193b898471e65d98672e461",,
15740,"79828f396f5e4e17001f5482bf93a512",,
15741,"f0f5781ebb0fc874b3e956c4b9c10feb",,
15742,"e86215f67f195e2d4f2c6b52d4a8d700",,
15743,"d45c9259568f2a402670c0ad15313191",,
15744,"b1c31fa2e3b37842845e369f6210a567",,
15745,"2353ae1f06b8f547cd264779f820b43c",,
15746,"f6b553ac8516c8bee2cd8c9f4ab8ce8e",,
15747,"cfc5ae271c1fe70211069b1c2a38f8d4",,
15748,"124a13379871af86362383b265e49945",,
15749,"d8c8a71085b2cb907e257732ea340ab8",,
15750,"fac9efdff408c90c2d8c43d8e4ffcfc0",,
15751,"fc8463311d897e718942c8c7d400d074",,
15752,"529c52428f660d3cadef7928296db04d",,
15753,"69b8ac2d6d03ffd9359b7d5410fa3bad",,
15754,"85d865b9b2a8d356ff149cee11113b36",,
15755,"40cb5bad9d45ddaf43823232c2a8153d",,
15756,"ca474559aebe2fdf7fc2f296d1b9b11d","nordic",
15757,"e94596d43094c903d28c2d3881100640",,
15758,"3dbf75ef6658c0aa09164301c2bd540e",,
15759,"ef800ba2a3c2677419f37f59ee2a2580",,
15760,"3b7c0a9a6734e8c4c7172e26ae9a92c4",,
15761,"decf120ab7a051d10102507e3590d243",,
15762,"7100c555d12879af8ca7b02c2c19b433",,
15763,"3bd4d75a90c3f8554ece3c5ee6f75798",,
15764,"856f828811651fdf5318fe2fd61ebfcb",,
15765,"8055d99f793f64f0ed59baf1221a0890",,
15766,"76f43184f3c6fd6b7edc24b0bae426c6",,
15767,"51bfba6f7addcbc98ae06e1b926aa19d",,
15768,"6c1dbe9361f554d4fa193edc1af78bb0","nordic",
15769,"6f69ac1bd5779efad710f9d5e7a4ec27",,
15770,"ac34b0b08e58db980ca48763ae5a99e6","nordic",
15771,"2d8b7b554a7a8f93dc4240857b31951e",,
15772,"3ae0ab962ee8722242893e3795ad6042",,
15773,"7dee6cce250eb401c663f7f5f9ff8b08",,
15774,"3492804fab937c37cd493947f80acdfb",,
15775,"46c59989f4a92fe10de6f64176a74487",,
15776,"15c126b74e6a9abf5aae88755c3e8232",,
15777,"f5c018d7818764d5faedc8a633f0684b",,
15778,"f6d8a8567d912bbfad288c744a41af56",,
15779,"93922f2bf130373df03cc2537572c534",,
15780,"7eba0b50094d7ec9f6b5c7b3e409ca7e",,
15781,"d3cac36e77a911851a2a75556ec37a80",,
15782,"1a250861a2efc949749d66faa52b05a7",,
15783,"5f19874ca0253472de0225cdd44c504f",,
15784,"19a548531f5f1864f262f696912fd87b",,
15785,"303ee0d0ad2fc1c504b66b010c7838ef",,
15786,"f7e20e85e95c3dec12ac8d70e2eed1d1",,
15787,"5b26d47234695704c118fa76a94c5480",,
15788,"29433edd7e2c1b2ca84f4900446deaea",,
15789,"621702c8f67c67dd3c883a9278b23d8b",,
15790,"defa9f9e2bb670398f66fb74a203b3c6",,
15791,"960d1d10d8b182a67daf8a2ff042def8",,
15792,"9ac1f8ed33cf7526f08ac8454a8a12cf",,
15793,"5a7c73726c4f66dad6dd3088f8c3349b","nordic",
15794,"936bfe40239c4aadbf42fd927ff902a1",,
15795,"adc6966085a0ef3c0798c883e8c70a88",,
15796,"e789b08dcd56e5bddb99d91bd0f6c493",,
15797,"20079626b5302fd7045fba8824fbc173",,
15798,"71cd3d272f2c8439014d90b5dc4b68ab",,
15799,"353bea65c23bb7b62a5dd94e9a6ecdb3",,
15800,"408098e4aefabcf4e77f9c4865f336f1",,
15801,"2a77b85739803af5d1a368b7f4509699",,
15802,"0828c6c0e1028bcd0c46dac9c032485d",,
15803,"d4054909a508d7c76de0b3a71f7c9cb4",,
15804,"1e3b6a2b9229d1ebd724a8146bc4f808",,
15805,"fa9599ad32a67cbfff168812543f1d22",,
15806,"a3750f5f0de4a21dca33c59bdc18c9fd",,
15807,"9d3a39854ebdb43b81ac8d28ca747f2b",,
15808,"a2e9d2bbd4887a1ea848cd114882549e",,
15809,"32dc5d5dfcc1efda7f69c06e286c9e1b",,
15810,"a851bd8ff3080c563ecbfcfa61ba9147","nordic",
15811,"49147fc074ab90aa6943e491507b7b93",,
15812,"22f486f7f0c0a1d2813314cb43a2c034",,
15813,"3a591a431663b7b93270f6f0784cc932",,
15814,"d385e6dcd3a8dba1d29156bae10526f6",,
15815,"f4c0cd489ff3bdab9f7487c2a52ed028",,
15816,"95b63bd7e21e24b9529e29ccc97f9fc5",,
15817,"cf367fcc44d3b72355d2ae601c0ee76d",,
15818,"a0dc53dfa15845b64d68769d55aecd05",,
15819,"58d38b16e50185e5b0bf1923e1f910ea",,
15820,"c3a71a19af92bcc79d3cad3e7ff9a264",,
15821,"8a3868c296f391b0262ec31f319525d3",,
15822,"9d427c3c6be9c95228f907d65510539f",,
15823,"caa31eded38c0f2f6aa71502a49410f8",,
15824,"0b623cae93648e2c675666eacbe50605",,
15825,"cba23ecbb6aefb3dd0e9694a81a79d44",,
15826,"93681a2c828baf2d74f7150db26f7539",,
15827,"d89bc6a52fb79fb89931a5d65c0f804f",,
15828,"6ea2dfa3bcf2f663a2c3c6016abb49de",,
15829,"417da193ba2cdc53fea4d572ded590f5",,
15830,"a45ae28e3880ff797b105afa34015a57",,
15831,"52113f7ccc068dc718be4f13218cae81",,
15832,"1eccf01dcc188ea836862bcdc8a5a687",,
15833,"0f92c29f2da1c25acbba1e695c0042fb",,
15834,"9d2aebd82c9be12c0d1a58f4d893537c",,
15835,"62e3906118162d3e4935e591ccf3c40b",,
15836,"09a8f09a18e4accd8a7a21fa7843cfc3",,
15837,"d1ad59b9102ce7992dd40bfeaf2db641",,
15838,"0e17782ea4ad6ebb1690b692fca8a0ba",,
15839,"9eff732abd40adf423bd00e36a999cec",,
15840,"318b16d0cea204396ecaba2f1ea2ffbf",,
15841,"562fc5ec6f600af03b60f96dde41f036",,
15842,"3b44f194189af39d9fbe49b9897950a0",,
15843,"314bbb698df561ae600ada448dd06668",,
15844,"9a7034540db277ceb94b304f99b59500",,
15845,"e17231c752afbe354660196f24da859f",,
15846,"b563220f5920797a03d6cab578bba89a",,
15847,"d65624aa89915c0508b7e99914f9db43",,
15848,"3f9c08e4d96ff11d33989b9d8337fd61",,
15849,"9998485bc152cf0f39dd61a33b92ad9b",,
15850,"f36430decace86dc2ae256e43aac3876",,
15851,"80465f60812a415ecba7635661cf9e59",,
15852,"c335055bad72a138fa38dff2af0a71e9",,
15853,"89df3fd104f4eaded8a92b5d8ca6f509",,
15854,"fd9a3f6be5e0171fa09f773f77fb2c13",,
15855,"c23e77fd156fd1a6ad3b7e23bb2c237e",,
15856,"3841ac803498e78aa390f8ab6197fa82",,
15857,"f4c6d2ba2e06b2e8133055bb9418d33a",,
15858,"c99766f3460dcace9efc50af34c2b444",,
15859,"0171cac747c92d46ad9b1eb1620b8efd",,
15860,"b99fd855d8d918b51a8fbfb5eb6b24ce",,
15861,"1ada19c324a23cd2e2071f86ffd3499a",,
15862,"b246af1e9caf2d1dac001be61ea7f415",,
15863,"c47216956032419152b1cc302a7a8f67",,
15864,"f2e2b595498466547aceb105cd01eae7",,
15865,"4e32075762d2d4983988a9cfbc299ded",,
15866,"90928201c4c86ac08ffef69b046ff12e",,
15867,"925b84de73022a806176692c9bc05413",,
15868,"e4b864fe5ef48134df8cd49f0f8eb068",,
15869,"28634209b11e1ee71d094a4d43fcb30c",,
15870,"6243fe6fc8da9bd54258de139aca4af7",,
15871,"a90a9ff404d161bb6214093ac1b5f175",,
15872,"c610b3e766a49f9cbd495debae55401f",,
15873,"b8f97a70b25104e3ca24b8b8ade19997",,
15874,"6cc22bbbc1fa812f4960b209abfbf0c5",,
15875,"95084f0205263f11207f0dfb5e656b70",,
15876,"d288f19815111b58c752a5fd95871297",,
15877,"b0711d9a9c24af747f2cc56ee14cb94e",,
15878,"64135b6249488ba7d0f7fff263a528e3",,
15879,"7b8484ab0d3f7df1b29250c50eed99f3",,
15880,"cf57f57c6d4859bc11a3b3c23758b3b3",,
15881,"8156fc9c159200d72ac85b10455f2201",,
15882,"efcf2ff279ec91a01216aa2b3cc66435",,
15883,"6a75bb3d829e5f348dd287eb53ff6fd5",,
15884,"a7dc3b7ac4f9c3616d2f540cefa1ed30",,
15885,"bdb7ca5645c1b5dd1734b7fa011dd465",,
15886,"1b4f38c473690d493aac61d07c97b868",,
15887,"b1469ac001eaf8d5a04d91395c5257f8",,
15888,"2dca2882a14e1d6a43792f786471ec51",,
15889,"68bbe3b6c9335a7599496eee43c67913",,
15890,"e252e033468ae423e4b58e87b7ac90d0",,
15891,"13c4b74cd3a4780b8461f6f3d3c9b890",,
15892,"08cee30a9a8277fe5a9ba69c69cd6f33",,
15893,"a86568110c9ff499c2a3a630ac1d38ce",,
15894,"79439f8f66165faf7f0994b29c193af9",,
15895,"f979c3225937f633198a36af37b4c5ef",,
15896,"e986401bdc78da392fa24359995b9e32",,
15897,"c004ccba50c4f89980b5827c69a201a2",,
15898,"b4eb45f2bbf8d1a39cdaa306c97ba2ce",,
15899,"135aa64cfc3eef5f4cfc9cfd6dee9032",,
15900,"36854bbba5cda63eeee1caa3bc6cc56b",,
15901,"857079f2d8ff1c0c4e6439baccbb9422",,
15902,"fc1ab44eab2175713dee66002e698816",,
15903,"075f2db5abae83b8b9299882ff3bcca0",,
15904,"268bb0052cb10aa077922a7ae00c3925",,
15905,"9ebeb0d15f5c078f70dd077600d0e7d6",,
15906,"d939ff51cf10adf98e905f04dd7603e8",,
15907,"2d9bd27c3a0c44468e4120913390a53b",,
15908,"d3c098056190930ed5d25e24f760da0b",,
15909,"6f20be5f5e866c6e97c5fd5e469d3595",,
15910,"10d961e1f5205987b5214fc80721c27b",,
15911,"1e3fc0205d3d6cc061d1d18665452768",,
15912,"c655ecefdc7a45cbbc6eae4d3b37b2b0",,
15913,"28a8740e82aaa69119e98085b3c4263b",,
15914,"8909f1afc0d261b39995e02dbcb164ce",,
15915,"4c6fd20aeef9dba49637439cf40a37f4",,
15916,"beb395701e2ac7e57cdad0857f2c14cb",,
15917,"6f72ee4a4874b85b1d729daa8f698f87",,
15918,"9c7f988571fdeac761cee7f558ce4559",,
15919,"505aa269ebd40dc0c3d72e8863cce062",,
15920,"03708626c239d760754dad5e469ecd40",,
15921,"821934f48bf131f8f781d15e6fc5ad34",,
15922,"b5b39d4e08633b184f6eeeb699f08dd9",,
15923,"89d2b2519d22e52144f59e72f5daa14f",,
15924,"d754da9ff0a8858a79e776686181f677",,
15925,"aedec5b8393442405cdefb0bce140487",,
15926,"669ba89316052eb8dc571ecf460a38a1",,
15927,"db040a381546bf067f74368811f2a01b",,
15928,"ec416820fdd870a0d3ca968633eed692",,
15929,"44ddaf1db52cbc6b9383d6ca99976cf1",,
15930,"05917806398560d9660e82d1bc288f41",,
15931,"5f6993bf445099ba7847ad12108318af",,
15932,"e0bb33ec345c6b71ef38148e57ff90fe",,
15933,"2ad1be716279a5d721bcda0581069c41",,
15934,"1611e1f06a4d67614e080bc6d37b3eab",,
15935,"b4506764c2a9722807a22b9d1216eb1c",,
15936,"44b3e66f92c47725baee9204322fc092",,
15937,"b65414de9b937d49879b896c3b793a05",,
15938,"6cfeb2dbe886a8d1075d5ec344a3b72c",,
15939,"d8d16811b7e9ef18e7cb09656e24ce32",,
15940,"8e235b09a5ef194420e4526b3e396f30",,
15941,"6bab7d26e0d757df76002db980c1c8c2",,
15942,"2669f49289bd7046caa8a967dfbd1c1b",,
15943,"3790e407b50a88817605b49ebdf36834",,
15944,"785492be6ecfba6daafa8d1dc55b09a2",,
15945,"94f2ec6496437ab7e017b80d063809f5",,
15946,"689686046b6f9f2545ae35d77e8a41ec",,
15947,"a438b960ecd3dfe53ca334cd53ba4dfb",,
15948,"0adafc59454b916a6f1dbe967d8a1c1b",,
15949,"bc5542adbd44952ac3fb6531cef19cf1",,
15950,"f93f9a0ca9eabeebda07cfa1bd2063d7",,
15951,"4d44285afc2dd18753d792dd3c1680dd",,
15952,"0d45dea7fed507e57135e37d7499ca06",,
15953,"dee7108f30cded5f172b028eb82892da",,
15954,"c4b8b4bf24b8102512af9f105fd5d4f6",,
15955,"074a553931efe03ee1728835ff1b8eb7",,
15956,"c4c89030bc6ebfc131205c33ea8ebf9e",,
15957,"686b9559532f466d2abd2fe8dccdd2cd",,
15958,"d21125a72b88a189b03bd88efe9813cc",,
15959,"e0a43c54dfe9d52c392c3a5be3de0fc9",,
15960,"92fbd06b829e7f822850a08f98e4b63e",,
15961,"868314ac29d1605f21c128b3058ef54a",,
15962,"466e0de1bc01f3727bbb384d6b1d8a7f",,
15963,"4181aed55038a9946dd3fda36e220c64",,
15964,"d482cd86f1d504bdf34d43cf767a1290",,
15965,"a3f81cc92787b5e8d930d2254a09c47f",,
15966,"b7fb8a88a9fc1bd212ce72e40ca4f954",,
15967,"71ba6c77d535ff4dce4a1a989e8147ac",,
15968,"cadffe4a62f953489eb8b8fe96ca889b",,
15969,"7477887d2c11a2a596ce507b07a4fa66",,
15970,"3accae3ad63b1bf21fe0aaa1bb34bd1c",,
15971,"bed23bd1ac1ca1b7d247a0314b092690",,
15972,"49b585c9af76890cd728ce685c50b2d3",,
15973,"396033da78606ce078d0f8fc9870b51b",,
15974,"6fb9296eff61b5576fa25336aaefd9ee",,
15975,"bc2670a4d52798347d6bd6e3cea4f269",,
15976,"db5d643c0aca104d119d1dd3bc31ff7c",,
15977,"4779e0a15e00997ba64730789e59dd4c",,
15978,"2878d5eaa4ff907d4df36a834915aa53",,
15979,"553b1ddcd42e764b674da952c9c9ff8b",,
15980,"2a763a64487296dcce7dec29e17a8418",,
15981,"b0e57d56a863fa0054b1c28400ab2789",,
15982,"59d2a3f232bc8c45586860fcd540ef14",,
15983,"e3dae61a764f1ca07819cd74dec62dd7",,
15984,"2b2a6f1cfb83704a51e10ded0591f6ed",,
15985,"b7ebbaccf4fca8b26f79001944bddb40",,
15986,"79f9924b6e6ac5f8807281b6dad9d2b2",,
15987,"50234d1febcd127221fe72b1a5b7e3ee",,
15988,"59d9ee8bf569957df073eac7fd7a63eb",,
15989,"190f1f0eeaad0867e2ce2fa91db18d34",,
15990,"69eb943fa4b1467ac6c1b079c4028567",,
15991,"e2675a15c591ec6c8b61a47c6844411e",,
15992,"12805b41d67e2673d620c4236694ab6c",,
15993,"01a20eb324d0a9de41639409e2664903",,
15994,"69a79e234bc8f1435d3e0cf3c7b7b2ae",,
15995,"dd36d28762984587d6e6c6ae29e13738",,
15996,"134b2f3d00bc67c5d4d64c63f7b9e972",,
15997,"9f56103f99e81ad6b851d83072464888",,
15998,"2b9c07679b3afb37f44fd0aeec5af533","stm32",
15999,"a86797ed4132d0dd47191c6943b34b1c",,
16000,"93919c9c6f2b2a67c80e76b97147c9a8",,
16001,"414293a461083b3095393a355a6a7480",,
16002,"602325b8c42546238307a9bb9d39cb29",,
16003,"5261200a785f652f4b01d08b18093291",,
16004,"c10b14c2ad62290e94f82e7547bb3ffa",,
16005,"246f4fd894e7c2c18911a09c86a6bd66",,
16006,"be7c01d59fa901b9d9b252c9edb80db5",,
16007,"e96c844b862cf6d08701d45c43ad5fd5",,
16008,"a4cffe35bc0e19badc2d9db67147a722",,
16009,"b1607d121fb4201d76ea7289bffb8e7f",,
16010,"59752c208ec80acd03bbad5690f7259d",,
16011,"c6fde9278d6857a191d93ba559457dbb",,
16012,"ecc46b1a295c7e6d974554644433293c",,
16013,"a7a25e5ac2bb21369f3e4e6ea330a7fc",,
16014,"bc58271f7e0fbd84cd94650c36476340",,
16015,"a4a9ec1c00d7bfdf7c2bb00b1b11a351",,
16016,"08835552677cafe00c3ff6407d256dc9",,
16017,"6bc6148ca1e1240a47c5d603e957f4dd",,
16018,"32fc69249202864912d129f9724657bf",,
16019,"633a0b8787fb4a1541f82a554bff0fc9",,
16020,"b1a017c0545aabcc8ed1f39d5bb53102",,
16021,"5adb3c1d047e62be5bfdc46882a16950",,
16022,"31b3897e14e367d911f9fde19228f891",,
16023,"4937f5829fdcb6ba209d2778ed30dfe0",,
16024,"e4ea36cd89f90365c9c4d307b07ee60f",,
16025,"e13f98ea6771c433b55a3433a7a08734",,
16026,"39126fbdab7073dcb25e490c738bbc89",,
16027,"7acebc4a242a943a8653d79bb0f320bd",,
16028,"6d2cfa5b6facc234d3dfec05f3d77d12",,
16029,"2922fa1f50f70f377799360d4e26bc5d",,
16030,"008098242386e3445bc04b1a2d5d9dac",,
16031,"0b8609ee6a965c1455543d87ad773d49",,
16032,"501fa5fd457bdaeb984fe7cafdee4c06",,
16033,"0a0eec58d9caecadacf5f3ac2fec1196",,
16034,"95a21b7eb58a0b710c7c327679ee0acf",,
16035,"0c377aa8d6b2c50ecd800c4f1968b28a",,
16036,"349d95cca3f5c03137a62970ed41eef6",,
16037,"ece98c62d0b6c02a675aae0fd408b0ef",,
16038,"b66a9871e4b327c83ab75e9c3885f4fc",,
16039,"f10be3e59e81f92243166b5e92fb4e47",,
16040,"c19a949bd79f43375025e8c49696202d",,
16041,"84980a612cc5f033bd98c21531c55c88",,
16042,"7e1ac0d244573a97d75d6028b640ed28",,
16043,"3a99e9511d728e70790c400b92affc1e",,
16044,"48474fabdf986d885db08360fb7a545d",,
16045,"bf4df1821f492ae073a8a21c2f4fac6a",,
16046,"7315a508384872b908323a775a19221f",,
16047,"a72aee2290e80976d5db1c20da9104ba",,
16048,"cb5c486ead98ebc4df26850bc9a0300a",,
16049,"795b9b0c64f0164a3e945c83c3c6bea5",,
16050,"e478864c9d64684f6a16dd093488bacb",,
16051,"6adbf41960f4a3386e21f9d2195ad364",,
16052,"24b7e017bf9cb3ec5c6985c8ded9c469",,
16053,"dc9092c5cf8f8a97e975d59f5a530ad3",,
16054,"1d37c81a4689e3a8ef3170ba448baae7",,
16055,"67cfdda7d0d4718d83e3a0f4473107c1",,
16056,"86ad26ccc3a4200c2ac34611d9717667",,
16057,"fdeb117e8093804bc5eb57eb8e803eee",,
16058,"04115440afcd0455970d49c197253fcc","nordic",
16059,"4ddf609148af0f98cc33b261dc83ca18",,
16060,"6cd3527a89bf418a52608bf875bdf454","stm32",
16061,"c157c297ea30b4ee6545cd0afdf1909c",,
16062,"a654fadb8a17e724729c99a6363e2e83",,
16063,"e142d31d2c11bf6c1d816ef08e2909a3",,
16064,"a683e18394e4141cce92dfe2be169abb",,
16065,"424c78a1a40f0856f95831c479ef07cd",,
16066,"61ac206e9b8b3bb47988354cc9720dc5",,
16067,"eae43b67006de569e0174594453e8bf3",,
16068,"6c3929e6a1d35f4206a8e9f763faf17e",,
16069,"5dfcbe6a239aaf3c86243e0589149482",,
16070,"9e791b953bbb2b2ba061353e15b1cf4f",,
16071,"746e14aa594c279175ba800ab642f32c",,
16072,"6a18f4e5338fe02845a9d26eab8f4426",,
16073,"ebdff39e40da745e770fd07ef0f943b4",,
16074,"4635d6ca9b70cb004cf28bfa217a756d",,
16075,"ec834fe06c2dd2b28eba51d42dad41b5",,
16076,"0efcadd3af0032f705ca8780a2628ab8",,
16077,"b3c1820764189b8c2ecccac897baf887",,
16078,"7bd1a86e8e73119db09762899a3a03d0",,
16079,"fa424deb943e18ed380d580e2768eb30",,
16080,"07ed0129e696709627bc6285d3459d98",,
16081,"bbe16c75e173c88c5ec2ab5165f84b8f",,
16082,"7d873bf70392e925ba30b60b3540fdc7",,
16083,"e87c3ce692359f589444d02c912eb361",,
16084,"ffbd6583b14d85fed6b666f89bc5c9de",,
16085,"0deb2744b4a6ef39246d59292147594a",,
16086,"91ec0012ba30137302e7f2240539de4d",,
16087,"44cb45abae8b123af1df4e5c2def9f18",,
16088,"cc29d50b485c517f1fc1050e993573d0",,
16089,"b6e53306deb3f579dd850198ed01d5d2",,
16090,"e2786d0346adfa2190d41e92354f0015",,
16091,"5c07fb07d462f6c2c69e8a439bed1141",,
16092,"371f672c7acb00840ec0c499868dac35",,
16093,"9c8427d3b11ca71314949c211a390533",,
16094,"dced1ae42e496f23ddc02abafd0fa525",,
16095,"c584532027cb392b1b587816e2621333",,
16096,"fe64c933aa7684e391680c3de484653c",,
16097,"1a94c1aadf6f21e708b80b60f79d6c6d",,
16098,"e5e73a7f8069ffc2b3718532749b4bad",,
16099,"6ad006a3aca00ccc07edfeb05c64fea4",,
16100,"1214df97ccdaf6e07b3d460f601e24ae",,
16101,"68d8091f1aa8cfdf7724e7dca4cf7045",,
16102,"72d01d9f8887793ac0787f19206a74fc",,
16103,"b4b341055434cc8b8d207d904f3f89a9",,
16104,"37ebc5c4dfe9f12caef8159c0007a282",,
16105,"c4587ed6b64bce27ee7525d30c42a677",,
16106,"405cff95409d12ec69f81580ec4dccf1",,
16107,"f1cb7f03154c3fed531f563d18f82c50",,
16108,"8e4e257479a975c25e817ff978400d74",,
16109,"29cb354f24647d1dd73b223d29e4e10a",,
16110,"a3344c3fb2fbda80fb27057782a74811",,
16111,"68056fc20318aeafe7a04e01483f090e",,
16112,"e9b72af93d29f4c18ed3c3ddf3edb7bf",,
16113,"3eab68a961bb3b51fa03dc1aa22e8d40",,
16114,"ece36bc9e6cab922b2af0abeb93326d6",,
16115,"43b0e453dcbfdb9c820fae62ad4c0176",,
16116,"5099014d0adb9338f8e32d70dcd6dcfa",,
16117,"df4776a9a59329edc7b80d4b7cc49f75",,
16118,"8efca7dfbad0d7cb542eb7e76ce73505",,
16119,"0234621d41643e46243438b1661c2407",,
16120,"78d2be08dbf7ae5439aadc6a33b60d68",,
16121,"0999641ea03f63abbdf5e7f5c9fe9272",,
16122,"efb83d6d88c5e1ac1fd5a3de18e78ca1",,
16123,"4869f828e62bd0f768e1f2db0f0d7f11",,
16124,"292a40714318e26a882adf55ea99e4e8",,
16125,"6f9d43b3c7cd41edebc380a243c4eadf",,
16126,"e73e802f5266422c5a4f747f29dd9b16",,
16127,"8bb8d3792bd7bf79b8c775b212bb3176",,
16128,"81997e8586903117bbcf4ad718150686",,
16129,"3ed56cb4721562ffe5671d212004a2dc",,
16130,"484fc58bd7a7afe9db03a2803b462ea2",,
16131,"b68a1b57574d01116dd2989a3d719c02",,
16132,"c7f38b71c27b6594e6ba6c30996dfaa4",,
16133,"80f7dec9eb4394f8cfca8b21f88ca251",,
16134,"16366bdb503f4d04e022fb67827589a5",,
16135,"32292db5ca0cc169d5fef90bf03a2224",,
16136,"ded7ec763973b024de703144f6cdab33",,
16137,"b5966c05808ef43b5ac4246aa8293dcc",,
16138,"20b5d3cdc69cb709b20cbbac4ca01ac8",,
16139,"0fd3b3fa1ece1f514313ac2f2e2783a8","nordic",
16140,"0300a21aca42a5e18defe531126b5585",,
16141,"3740610b092e64c2bc3a98aa89106ddc",,
16142,"1f38b764f035e2650c273a7c898dea99",,
16143,"ef92919a9620d046443c6e7e2152eb64",,
16144,"e5b5a6005d1a5be10ce558fb300de418",,
16145,"328cf2b09161fbe31ed72065e341ebfe",,
16146,"87df12615772ff18ee07e1e6cc85e8be",,
16147,"49ec3aee114ee3463351030c7b281e1f",,
16148,"6641b7fac5013e30eb71d8de1972ec4d",,
16149,"63a10ef36d0422ea74c04f3cedfe8746",,
16150,"e31b6b4fc3eb807dac73b0838dfa3265",,
16151,"318c5b499505e9c024c831524f7e6a2f",,
16152,"061c92c149aa6067ca4752be9b67a951",,
16153,"0cbebfa088461cfe1f063cf29cbb2656",,
16154,"fe059e5a0eed373ffcbdfc3dbae18dc3",,
16155,"abc50e77848d3b0e6dd10a9c6c9b4765",,
16156,"0e27f86860c343927baa9c809059d9f8",,
16157,"79fd036db588507a38d58a640e6c4f0a",,
16158,"d98df576b958e596de12b00b3a50e963",,
16159,"b2e23e7ad8c8c60244aed1e746c0c157",,
16160,"9d70fda6e3d0ccacc722ecbb76f3c47d",,
16161,"8c540a8b3cfebb1673506df2662264db",,
16162,"935d453f8cd9a32d5d550899326f5db9",,
16163,"c985d6f2696c3a10ac5d5993d1fb4c10",,
16164,"6e8674d170b9efe6d637521ea8750aee",,
16165,"22a533014d11a5c19ee9ded26f6ffdee",,
16166,"36b6bde1a5dc5f978659d938ae53ea8a",,
16167,"be48e99e7d6e4172c438fe47c285e4c8",,
16168,"a744d037b505284cc9b13b8b18777179",,
16169,"6ff1a5741f8bc738d66215da7d3640e1",,
16170,"79073e1e63c2dd914414585945d1991e",,
16171,"1702cab8cc726b8185e05703a7f6a5df",,
16172,"986f714010613b6b609970c6a053e93e",,
16173,"3dc0f197afc18e24c942deb20bb42f37",,
16174,"1e412052004e976ca809a44fa2f447c2",,
16175,"17345b1785b25f3873de0a05d307d796",,
16176,"247145c64e94ea46c4d424a18a50ed94",,
16177,"482992e48eba1287c3f81b1bd6638ab4",,
16178,"93cec0e5c6ccb387b112e473b170ad46",,
16179,"fbc5d642da68f9560f10465c34bd4d4e",,
16180,"d86aa380ae5393ade2f457c375b35740",,
16181,"b607b3140b2a4dd03ce0027dd0203c3d",,
16182,"f8d8051e24cd4c8c298bc84c7309fe1a",,
16183,"167096d687c3a61dba4be98191aab45d",,
16184,"c2bfaf03c9faddecd30f96f52127ffdc",,
16185,"dc13deaf5a8be0f3243b937be831a3ee",,
16186,"f3f2342ea07a78df0eebd3d43cdac3de",,
16187,"2de4e8ce73a85234bbea1393e68a5fda",,
16188,"9546584915d3eb73a73f2e6b62f50da8",,
16189,"bc77e925cc6f5f55fa47117747025054",,
16190,"4e5e0c6b6fc2f18d29de68ec5fc612cf",,
16191,"b4374f340a46f99e0cdfae4f96d5f0e7",,
16192,"c8738633fa91d743a28c9b0fcc9e9cd4",,
16193,"40d5523c169e6aafc2bf16db116c4595",,
16194,"6d68400904402ec61e5250419303923f",,
16195,"29bf505742e3bc03c36381e734756c99",,
16196,"bd92915030758dfb25867b9f3982e3e5",,
16197,"3a494a4af4f2764f3eaa865e8518b0f2",,
16198,"67fd9824641ec5fa3bd197e90ed3e622",,
16199,"41239f5645c618025a927ca55cf7c66f",,
16200,"301b5b65949e937befffd8544c13e997",,
16201,"57479f23336f00185b35db9b59cce837",,
16202,"1844bde7b9727ec2b4888cf6cd4e8a5f",,
16203,"afe2f326c3ba0ef1c955c945acb0df5a",,
16204,"84163d8ae741e326396359ef9a2b85d1",,
16205,"50eceb24035e58b09861dcadd29fff6d",,
16206,"4242e90afca2328cb867a0145b101d8c",,
16207,"70a7f56ab250bb1afad35c0f5b02dfa8",,
16208,"091a0eb5a93a90c985076f9a9baeea4a",,
16209,"a9a22bb64815e0e5971652bdd99d30fc",,
16210,"dbabf6ae383a54c151ae4c26b95d4139",,
16211,"8b49bea0a0544a082992ea00d0872125",,
16212,"d546201fbeb0d39dac04a7317f439f22",,
16213,"5320d57788c02f8ff4c2356b46f9befb",,
16214,"be65152403e1fd80950c95dc103e5c12",,
16215,"3553dc1ad4092770bdbb3e0e35f98315",,
16216,"1bb92b5dbc215ad413ceccc1dfd2a93d",,
16217,"edccbe41216debfe2c15f2ebe696b555",,
16218,"b4cd50014878bec9a986b2b937739b28",,
16219,"eca8fd35aec383278223efdf35a00f33",,
16220,"fb4b0225f0321e4b9f0fd8312e630048",,
16221,"07b744b56b9a7de1d198edc5ec13dead",,
16222,"abea9c8bdb49c25a4d2df3bd9b096f8e",,
16223,"9be3c0e1d7c9552e3fa1bff59857c179",,
16224,"ff59d532a1793f34bbf613e55dedb41a",,
16225,"3122ead02380463b26ff9a70d685b888",,
16226,"584da101fef0e834ffb64ae884e116cd",,
16227,"6530a26e4bd5d5d46059eee8f4785dbc",,
16228,"860cbdcbdd438b7a56450b9f9c0ee1d2",,
16229,"c2989d63ccbd79a66c9fbc260e66c011",,
16230,"3c01a952336ab168ed762641c8b238f1",,
16231,"0236b9b3ec3638377996663396e58366",,
16232,"e30cf5b5c4fdb5f9f3fb55083b3cbf1e",,
16233,"3c111bf5a52796613a0273bc07eaa384",,
16234,"030178c30238ae42285c0cb130e3142a",,
16235,"f735c0e99f2ff6fa545086dc794b7909",,
16236,"7b015375c0f3ab644b55c152662c112d",,
16237,"57078fe6a125492ea0e2c10d252ca90a",,
16238,"d656d55a64c26f5c8804cbb33b313479",,
16239,"752b4fba739ce0a43203e00267c63e06",,
16240,"443407b69209aa3384d385a31f806e84",,
16241,"cdaafdaaa5f7ba30944f97349a136880",,
16242,"2068a6c81eb99f109721ecd618f2235f",,
16243,"638817015e51e848a376337c06eff5f6",,
16244,"5f31db3b07fc6894bfbdcae33ce35a1e",,
16245,"16b6abb01521207896c3c42ed7bf0b67",,
16246,"f67be83659c790fe15d1e42af501e9fa",,
16247,"39fe9bc336c9551bb35b71e05160b790",,
16248,"b9ca2946d1b6d839d88c0dbc2a1e37f7",,
16249,"a1378a3095ac83982830039397734cb5",,
16250,"cedb24a7aa78737720618fa2b3e9369d",,
16251,"437dd55c89db5e4c685e35abb1eef42f",,
16252,"db0e9cee7163d51fde3211ee43c990a6",,
16253,"fc692e54bcde823c4dc0d88e5dcf934b",,
16254,"0ccd3b37dc315ae44806c8167bb23482",,
16255,"48ef5ba536a0460fbbf862c78d5d8b57",,
16256,"38860b575a062ba2895badf0636719f5",,
16257,"fb40c90bdf56db8774a28531e7865df6",,
16258,"1be47e3eb42c44d208531c2182f9441d",,
16259,"d8e1910a4813f4098416c51e6186f53f",,
16260,"d8a0a859d5f044eb15abb4f8bfd4e821",,
16261,"c7eaedf6f129b3fa776bee4a5c2e541f",,
16262,"da521277af31422b7f05068236d0cc3f",,
16263,"e7c9f66d3952b53aad464a1090776d51",,
16264,"eaf9c676ca26a1288c1aaf76d242aada",,
16265,"dfffd6018c766a9b631621279e1a5ce2",,
16266,"53baea1df8d88704f8453936178f3270",,
16267,"1d7b4c39fedb5d0e8303e4c8545c1799",,
16268,"4ba5683414809ca5765a3376d1976062",,
16269,"a374445d548145d4b21dc1eae0ed0b46",,
16270,"2d2d93bcb6cce58f98bc2ff7da5703dc",,
16271,"ee63cc02af50a1f9636034db0484bf5c",,
16272,"fda61c676ad73f67235a6ed8b86c8321",,
16273,"1e275f39dd79c428c3ba90d7c0c12d4b",,
16274,"d1ca6ddba1bbce200d4494609279ca46",,
16275,"6463173f73d859b0b27e4a84fe63de64",,
16276,"b3de588b7a0dc2d36532fa15379cfc1d",,
16277,"dd60a1dfaed9c653454d5674d0a9913a",,
16278,"657db0a00ad270ee3fa783407f2518a7",,
16279,"726aa26a863474668aff9eac3df2eb2b",,
16280,"82e1a0e159a08234f9a56684edd0e652",,
16281,"c76c1e5175972d34aac1a02634017ea6",,
16282,"a9810240262ba44c105142c8b19ee6c0",,
16283,"097590b64371a1199ee2133abbb112ce",,
16284,"1dd0e3e3e5c127aa481dc8f320b4e53f",,
16285,"9eeb5a93cec5ee05dfc746b18c290fd4",,
16286,"ed31fbec7fbfbb0a5cc40bef11b32777",,
16287,"080ba36c9bc70b543fd9484827116775",,
16288,"d38fcbc82392fa836b0342e9acc8eb3b",,
16289,"cf9eb4129771f4fd0e5ff9738b15906f",,
16290,"c91ac9241113f306b90494e24a720cc4",,
16291,"56cd7c6718b7bc91fc8b806dd8e23a66",,
16292,"cae3611558717b0df7f02e5d56d0a97d",,
16293,"968e35f4dc12f583a38baf8fa0b3ad7e",,
16294,"eb0048345ae6d35364a951fedfbbb6d0",,
16295,"e70228c93cd2adc543b7c22e177130e2",,
16296,"0a8cf758487b1a955fa088b63b124b69",,
16297,"dec10e16fcc238f0ab4a59d080a2a713",,
16298,"74ed758b3030535b2cf4ee387d5191f7",,
16299,"4f859e9da81d9fd86114652737f4cf75",,
16300,"2bed1589c19bb050035fbae8161f3253",,
16301,"65702e77d56dfb5478b0aac4571fe855",,
16302,"4edbc0ceb0b74b0f56ea9d7f8ca0007a",,
16303,"86209e6482556baed9ff3ca26c51dba4",,
16304,"ae31e3033e2be77c406a78f99bac2341",,
16305,"4c4eaf652be30b63151e9b5c923c1ee1",,
16306,"16eee9272e251e511580db96f680b0a4",,
16307,"1e74570fed9185d73697fc0485a51158",,
16308,"d085a79f0c69dff077244b177c9a3ba4",,
16309,"304272d1488456e23b002553b0681dc0",,
16310,"fe5d0bae4cdca31c0895f0e2c0a08193",,
16311,"d3bbbdab1f4863641e7349c4280e1779",,
16312,"b5aae7ead010fed03a048215b4e2d6cb",,
16313,"6cf823ec63f614960e344de57f7a05b5",,
16314,"1c6eed219647d92c33894bc198560144",,
16315,"7cbf76998a64d2cd27ce67c4952f5c83",,
16316,"b8a3d50658ee5dc7b4de61a003886b6e",,
16317,"c4d2820c5eb58edfce8ec664a9ee970e",,
16318,"c8f09386bad5b5655fc4f5dfb9649754",,
16319,"5a4a7cbc578ec3a5d584665c46956b60",,
16320,"dd95d35b199b6a858d3164f1b1c2fa4a",,
16321,"e364d278477fee9e2cebeb92004775cc",,
16322,"8866604190a6cf2090318b384c66cc6c",,
16323,"aeaf92b495e9e3ddc4fdf6976c22261e",,
16324,"53c22958197a1ed87eda4d6357bcd870",,
16325,"27344ccd5c00399d50a79ba851d95c2e",,
16326,"e32445cfecd4dc24d88a04bc627fb60a",,
16327,"ca7657c26aed7de6b1ef02d66c276c85",,
16328,"4208fab40fdf9c698722c7e55e7f4d51",,
16329,"f41256270481f27e1ff17b7c7d250f1d",,
16330,"07ff4fd2013fe27e91b18bd73eec2f0d",,
16331,"6f4ef76619a31226c51ae84eb9832112",,
16332,"0d6ace2fae8f74c4af0fe74e39079e41",,
16333,"c884851a8a82a7d08cbca4e2126cd948",,
16334,"fd2af6c76bd588c94c1fd50b0b40ea55",,
16335,"42b0a1566c41917df56f15f7d9c7c479",,
16336,"68603e971b4c349c6df3b4a6a053de2d",,
16337,"70353a62e8dd7b94edf1f0c23a96248f",,
16338,"d238632a3044d39b6b6d7f9604bc0266",,
16339,"7747b16ade981994baddc245621cd498",,
16340,"a7bc85d63489124b265efd1e94151139",,
16341,"a94ba1d46065b4b2edab7ac14eb18ad1",,
16342,"432588cb4f8565d28558ff6fed20564f",,
16343,"bfa901b0e3256ae9a5af38c083e6720c",,
16344,"5577027b0893cd8325002e0604b99c0c",,
16345,"fff43e3ffeb31b48199a1a31a815ec3f",,
16346,"943e9b714a926e630b8152d7aad91d2e",,
16347,"9bd3a8bb898a52cdce8bc8d11bc2aaee",,
16348,"4a177c55ca83235974f12ae51c3e2385",,
16349,"2323fa0f7ae520c4dd48b91662c19b79",,
16350,"1c137498d71bfa59193a76925d988061",,
16351,"f5e6954125739b36eb6a3643963764e3",,
16352,"7fa89c5c4303274e418b8f4c4cea9433",,
16353,"0b58c1f05345afa6c5f09e8c82ec7358",,
16354,"3e156e49881ad2aadc4b204c90d2be67",,
16355,"c6a612d50c87df721591862d4ab7a877",,
16356,"fef40dde24e152c8458881192291b7ab",,
16357,"be0d79575a57ea6f9ae691bd2d373f1e",,
16358,"6a224812ba95b0d923651dbb350c46be",,
16359,"b88de2eb3ed295b02aa652c8dfcaa979",,
16360,"a469faf34ae26d89b3d5093f17725892",,
16361,"c51ea4c4cf4b0240534ed6e756470d57",,
16362,"419310e4e806d2261e91ab86763c8cb0",,
16363,"51350089fecf6d473bbe08579a8b19e2",,
16364,"bc45403bd71d6e4bf3d714e2ff5965ab",,
16365,"1370c21b643a2aa645ee44f4a5ec3b01",,
16366,"8377cac8fe3d8e0e3449ba1048c79ea0",,
16367,"50f5b068d867e8a0885084745e68b8b8",,
16368,"c270812f78a095adf574cc21eed22971","nordic",
16369,"2cef6d069f1a9a36bf2265a385232e93",,
16370,"19b809b34512af13dbeba9ed332d6105",,
16371,"4a7ea36143500340373adcf7064985eb",,
16372,"2268df3d9792c449fd05b2b48effea8d",,
16373,"3b1ad29167f7895ead66a13369c1a767",,
16374,"9ea9ea68760a40db373f5b0f26e491f2",,
16375,"b2f2fa2f3bca894e6b7ef42fc17a0979",,
16376,"7d18481928e6bd794de2d52f8ac05a3d",,
16377,"9cbe5261e155466bee5f5b7ea73a181b",,
16378,"00442445c67eed5e518c186a88b26b05",,
16379,"86b7389d4f7e7be2ea1d9e9c124d4c25",,
16380,"e1d367e49de0bbacf5402fffb106f037",,
16381,"c82422c572b9ebf98b7eaf9c26743ce0",,
16382,"eae2d0a1fa6690a9eac392a1cef28092",,
16383,"d21258170a55c8eccb49e509fd26e5e3",,
16384,"aa6a6aa66d93bf29b0a6f4ad430b0302",,
16385,"c60546092a976d5144437b453a1af71d",,
16386,"3a4e7bbba6fc3956b60794d2cffd85e1",,
16387,"75bb47878d68008e8b3aec646c6c250e",,
16388,"7464b1f5381a37f9847085cf6d6b8477",,
16389,"b01a9fdf1dd7e258cb45567c03b9b11b",,
16485,"90d8ed6f1725a22027c44e59a27b4f77",,
16390,"2f476be28a5daf188b57f8a088bbc147",,
16391,"a7d31948d2c605c81b6bc22625361f6b",,
16392,"f945b42f059b7ebff40b67f167f586bf",,
16393,"9d609de899c7879d27d694e225428e6e",,
16394,"4409d74335e5434eb17607925645752a",,
16395,"cb56edb5067cbf5d483b7ee4aba16ccf",,
16396,"05840669b4e116d7576202527b640ae5",,
16397,"65cba4f964f6d3c7df326606e7b5cd10",,
16398,"a891b7bcd5ccd8e9d380af7c9dae749a",,
16399,"27bdb961a12eba450f89e58b6d2734bf",,
16400,"084c7d24e481a14bc22c415e6cb63e9b",,
16401,"f98abf7f0f303ce65939ce14009b2378",,
16402,"897c9f36d841faf7266e4397047ec853",,
16403,"90b1774a0345d6c650a1fdaf38d108d2",,
16404,"dae5ee1ab98b4a281456675cc11238c4",,
16405,"d2179127c75bd585d4114bab566f2ee4",,
16406,"470b42c527fd770a551838c2a4fbc0b6",,
16407,"d6d99be5b884d21457340dec16655d1e",,
16408,"0bf17105c479e23e864f3416fbf96ff6",,
16409,"eb0c8f82832d918d0e86d51e1734765e",,
16410,"7d017055c8e77b91792eb5a7bcc54e21",,
16411,"780edf06c75b91a5394da810862920c3",,
16412,"7e940626134a11a82a4b8b2501d39d80",,
16413,"7b14c8ea8b48d3c02d40adcb1f1d1a44",,
16414,"bb847f80ae8abb95be95b58e44fb59a6",,
16415,"6a39f3fb3c90df1ef830c50044d2f476",,
16416,"701e9189a56a667954000ecf0ad18142",,
16417,"13a86655314772dc5eef36cfec4c5ada",,
16418,"234ab84c2d0f727b122d2b3a6d84a276",,
16419,"0e025d84b420a9daac426a87c3841965",,
16420,"61ada04bec3c8d43a646aaf1fadf33f5",,
16421,"8bfffb14ad4cd4848f5c8aae9a30a70c",,
16422,"3986264eb195faf0c6ab29b29abd53c8",,
16423,"bda91dd851c9047a3f212045ef986c22",,
16424,"1a6113c0972657f95ed3af04bad7efbb",,
16425,"e0dc937044206c99034e92717938fcc8",,
16426,"891872cbf96c7e78bc4199517cf0c758",,
16427,"aad16a1e9324e6cc4ed510599ef9cb9b",,
16428,"189f3de7b96d225b8603e3110f396e86",,
16429,"110e28f2ad4467dd76ab1c51cf0fb303",,
16430,"620da1529b9fbd808fb9fe51ba1f4b41",,
16431,"a1b7fe68aa7cdc504e409c5011e0662e",,
16432,"cd6817206045b06ac89e174da54da749",,
16433,"8a32ae307cc42c5260d52c38e6a969c8",,
16434,"e1ab7e5c59865de2ed0be0d178b51876",,
16435,"b9d4fad363919efa15231e2fe9fb6fb6",,
16436,"6c8f01a62fa163e5aed2be8a9a9632d2",,
16437,"d8e6aeaf623a5e91f5703c53dc22a9f1",,
16438,"55c91ae491038f53baf0156495525adf",,
16439,"842cf76d0fccb4afb0f44ac32e65c56f",,
16440,"a0b8dfd0955f40e392f35036cdde84c3",,
16441,"6c33c6b7e835d3f225a1a446fedce212",,
16442,"f21e79fb4b13337e17f6afb1a0bed48f",,
16443,"90131f122c0c36fefb90386073c54ef9",,
16444,"bc909484520001006f9c9cac4058ecd7",,
16445,"a5b20fae5108fc5afa086a868856acff",,
16446,"d3b65309d5b672b5e256028f79623e67",,
16447,"18089f3fde5a410ece2884176f7c2074",,
16448,"9ae97ab3e3ec879d15a844f659d665ec",,
16449,"61b2fcbe105aa29dc088eeea20f8a1e7",,
16450,"95fffc48154585ded1add39760ddf5b8",,
16451,"9742ea5f71ccb9858d4987c5df97cdc8",,
16452,"ed2491a5cb62031abdb67c9fe993d8d7",,
16453,"6fa1d946328c03335e2fd1b3ee773110",,
16454,"d11c9bae1238af7ac9d768d4e2fa2c28",,
16455,"b3bc4d6bc1b6ef57caf4a56dcea18e86",,
16456,"edcc0936b5c888bb915ce5164b8da0ee",,
16457,"58073120e2b24127b5fc5b3b3f5d6096",,
16458,"60ebfa167204b8e84c5c6add15556418",,
16459,"36426a1997896b20167f924008347cc6",,
16460,"7f0e562c16ad4b8fe3429e9df8e10afb","nordic",
16461,"467848a6e36be10f732ff14bfe106b47",,
16462,"800f7b7df309b953524c83e222b10e79",,
16463,"881d39e72de194eb3be9242f2a86594b",,
16464,"ee4342e06bcc873611563f40fb8ee3cf",,
16465,"f697b4c94a39cf6a2c9ff779d45e8933",,
16466,"951429b1c3edd29aad2ce24dda8c750a",,
16467,"66cfaaa01031b814608222864816cf3d",,
16468,"445adae3baeeaf2ae59064676416943d",,
16469,"37d1524696e38c0a213104126fdc440f",,
16470,"7597507fac873a5c73e8c500426b58e4",,
16471,"3a646327e952b5a1f7582e18490428bf",,
16472,"29100f377dc70c79e910bc1f5b3e3558",,
16473,"91b1b7b164eb3a92595901a4407d51f2",,
16474,"7eab2f6ea68e49d7833519f62b6267ef",,
16475,"ceeffe06f6821004ea1f2b7fec6de8ec",,
16476,"ff60ecea84dc64c73938253b43fd47d4",,
16477,"04b575c8131de958fda2508d2ca0b3a5",,
16478,"5a8fa7a8914d82420d1e84abd9f32f37",,
16479,"5ead72d93ef9c0dc19d5bc2f3483f7e4",,
16480,"1c5c99d2c189d92ec221f01d4dfd7e2b",,
16481,"b0553d1aed3db28068a51ea0b97bc1d1",,
16482,"5963cae4ef62481381949db1f2bdca58",,
16483,"88639d112a09de86b2cd1860441c2a74",,
16484,"7c529e0e8947d08cfcbdc9733cb95a58",,
16486,"e292b753fbf7877d49a666cec5322dfa",,
16487,"d724913b370e881a2b2cef516a989968",,
16488,"18516eae47d45618338600961f9943e9",,
16489,"f2b72890b6556c9dfad9b0e39c8e300f",,
16490,"7b68d7e959cf45374b1d7f3bc37f739f",,
16491,"824be1ff1e299c6cd21d8122770bb0ad",,
16492,"bfba5344b95441658a272910344e925d",,
16493,"c8f18cd26ccff84bf919632975a520cd",,
16494,"c7e12739b77adbdce52f09a9bfb1d3f0",,
16495,"29dcccecf8f5a75457cb55b1c9f7525d",,
16496,"afbeb7ae6acdec05840004551d47a18a",,
16497,"6aa2c1cfcf729cb70911e3e86597d544",,
16498,"fc67cc97d0c3bc6afbc098925ca2015d",,
16499,"b1e3747f42eadeff2c7a06e97082866e",,
16500,"b83467939e84128a6a7f6427b3c88197",,
16501,"b38a48a009be2de08804a66d5319e596",,
16502,"c5537da5c97ffa43203c5d3d95d84c28",,
16503,"b082c9c32ff3d206d201081e5c5450ca",,
16504,"250ee06f00a2c77c1116dcdd739bed09",,
16505,"b30f21f38d7807c1ee63f1c62dc8a47c",,
16506,"6d47e329b4e43bbe538be813fafad383",,
16507,"ad4f53820ebdad43fadec0a81ab462cd",,
16508,"59e3543089f4267182ee1b0a81f8253d",,
16509,"37586226370b167b3e366b35ce0cd500",,
16510,"60c44d8c107747e4a4b4873c62aff01c","telink",
16511,"31d1a5ce6a5de8524e3559dcd6b63ca7",,
16512,"90998c3e570e0fa6fdc3031c016cc4e4",,
16513,"ed26344211c14d7eaef9f5604bffc3d1",,
16514,"32f1985b5ee137e7e64aec111f0fc483","telink",
16515,"551d68b7b16eee8a422ce62dd3a5cfa2",,
16516,"c8ca8dac3492e2eee34aa68295c8f33f","nordic",
16517,"5fc66e1c8c95cddbd6ff1d1792c4fd62",,
16518,"f2963ef2baf68c6286e29f7a3503c11c",,
16519,"c47092449f96a65b20cf838368649780",,
16520,"cf1097da19bfd316a7425bfb893b20b3",,
16521,"a0efa7a50c04e7bdf3660d2b13f6a840",,
16522,"1a1b4aaacfc73bcef7dd2622b9f11f21",,
16523,"90d59e9963ec697cac3652eb28e57cb8",,
16524,"1d228a9d72113580dd16bf71192894e1",,
16525,"b06a0bd2094dd969c8b51c6a85502d33",,
16526,"2282e478b20d56d7e0f8708b450e498f",,
16527,"53f1c3de2b978673360f047273a3364e",,
16528,"07f14c520b86c7d5ba8e6690162988da",,
16529,"4bc8be4a30037ec7e50e672456ffa564",,
16530,"4b518c2be874388ef2787f2086793f9b",,
16531,"e731b65f2bac935b568f521ad3f74621",,
16532,"995bbf39bd1f1cda02988da76b06f7e1",,
16533,"75e08593643a25199532ab328b49579f",,
16534,"8ce13ec16419229a831168fc3bcae281",,
16535,"81185b7d82a694d67a6c1775be9d436b",,
16536,"001daf89d6383c1daa4e616d2e47753b",,
16537,"8e0da9353694d24621e78b49668ce705",,
16538,"b8b5790437ddf6f9c4d6d0e9d3f1399b",,
16539,"acb4ba82d91b96c9e7e2ef976a43005f",,
16540,"b1f798f3a9f344771d35d8bcb95abd1a",,
16541,"4b1ce5f78cee478c2aa234981a96a374",,
16542,"6092e1153aaf9a99ef1ff3270a71c8f0",,
16543,"7f2d083a213bb685c7e36b663025086d",,
16544,"2550ef2954f7d2a354adcd4d16c30f3d",,
16545,"2061fb8db0ae7aa62bfefd6bb61fa728",,
16546,"fc2dbf94200317c3e58b483e341e2828",,
16547,"1ea09e577e0263d189fc456057aa8446",,
16548,"0ad8afbc4aa639930b00152e7730b10b",,
16549,"766e6739ed9bfb705707475f7df39cfa",,
16550,"5a47983a8bcf0c2d7fc8b84e0f6dd47a",,
16551,"bfaf2525abc2b94154d36619d70ed13c","nordic",
16552,"eb0b092012e71e988a76a9d17817792a",,
16553,"130db88d179c998a6fe52e0a717a1ee4",,
16554,"de7586b4335599ed11abb53a7670c24e",,
16555,"8406979ccebd364de15a696a6302f167",,
16556,"bef7ee6b67b04d413c7a18ce0a892591",,
16557,"3ba710403988c256a9752875100dd8c1",,
16558,"3161f218dc5ca3f1cc463355110ea241",,
16559,"ec6df10c43b841469fddd253b68d6765",,
16560,"b3270f317bbcd1fd0f29a73f1031020c",,
16561,"ff0892a60f812b89f8ba49ff3ab38c17",,
16562,"b305d9b97aab1701f52ade58226e85c2",,
16563,"d62e3a47266e891cad72c0d315e7cd0e",,
16564,"67eb8fcb3459e2ee9be5a2ed7129704e",,
16565,"4d13bf4d3d8e11c1f9595ae3f43897f1",,
16566,"e425a6731d11bf359e7dfac66a9cb24a",,
16567,"f3ae22d3f3c105ab4b2d2881b1042c6c",,
16568,"18b01b5871e593d5eb9099f8029d4b7a",,
16569,"cc61aae503fb76e3dc21e9c6c6136694",,
16570,"e69c79ad2b9b9d95ea0b2cb285d5cbda",,
16571,"ff50e7e112c73de51388d57cf5c5f3c5",,
16572,"a422f14f0c7a3580137d1365c3f22eea",,
16573,"12a04a62e15b494621d01ca4bcf68cf5",,
16574,"01b3a702c8f7e40582b74cdc294a7195",,
16575,"1d085faf3a67406200f1af2f0f60c582",,
16576,"d6937e01120e7a12bf53e0a0d9d7c09b",,
16577,"64990f5679eea221b5ae594b32a06867",,
16578,"961f170173cb78cc93b14636d5afda02",,
16579,"08f3d5b74c3dddf6f306141d2e9cadc7",,
16580,"b5069a1750ff79161a52f2a58a7af264",,
16581,"8443779d20b828cd6e8665ceef1b42db",,
16582,"0ef41c5340df874400501f5c51b61a4b",,
16583,"6c1271ad51d2504ec86bf39f844540aa",,
16584,"97b314d5a3e59571216d0b8e032abd53",,
16585,"abd1bd0c794c91b60b533748bc33033c",,
16586,"7922b5d3e6c6add5f63964e3880c2440",,
16587,"5c35df71ef0ab610f59aca6786d7b0b8",,
16588,"d02a3c5561c6275f619978add035b023",,
16589,"8b28b2edf9e2e21bde85c0305436fb18",,
16590,"78228827112515161f09af3d01e5a3f8",,
16591,"ea8f72993fdb77fd19ede92b36e48e7f",,
16592,"9d50ef7304192bd95ac9045ee3e41e4f",,
16593,"2bbe1fbcbd7ce321a73b9317ad2ef309",,
16594,"fad460287ec5b0f2185ae8aa773a1cd2",,
16595,"0e88e68abd5c39dd1941bc2e73db789c",,
16596,"2e2618cfb8e2c45a33682a9a454532c9",,
16597,"51226aa131b4f7b090ce971aaf44c12e",,
16598,"13b9cc8bc5cfff7779d2cd89edb33163",,
16599,"9f7569bc0a85dfa69419d423782fc650",,
16600,"7518c9b690ab643de79a58e7845bcef2",,
16601,"8646f13815e151721efa784a41b8d4e9",,
16602,"e39e3cba483506ca24c8f726f0da718b",,
16603,"ef9e17b51e023d6050f594edd8e310dc",,
16604,"0b2682ee0a44eb1c0309b3155cef1fcd",,
16605,"012e15cfebb373492364356c1d763a2a","nordic",
16606,"dc9ea6cc37b563976eeec9432f3f4da9",,
16607,"eaf101f67cabc39f814c04c42d3bcd88",,
16608,"751d50c7969181ede303d420abaa12d2",,
16609,"a5cef0da7aea6fda3920ad2bb4049162",,
16610,"a0b878d199f25ff99795a85af16840c9",,
16611,"9160caad1f57c05b3a0bbd89d8e8eb46",,
16612,"707aaed714a566ebfbf78cfa3d7e4594",,
16613,"e5ccbe44bb175510224a81406bea00db",,
16614,"039af054ae63a815b83455ca0636626e","nordic",
16615,"1057e8d40d967a6626a13104436f1a41",,
16616,"462c655b7578aa8e4ee96b9d81a4b114",,
16617,"2475ccea0aad83d9cd92aaeee3432d7a",,
16618,"fc387165077a09221067ba52cb8fff10",,
16619,"0f70efb54b29b9c841ae538db3a8c85f",,
16620,"e648294c2ec2529ababa84f6c32f2341",,
16621,"0d31be84bac018e7895a903151be50cc",,
16622,"88f5912667652df4da30e7c4a44fb431",,
16623,"c19cdb9f4c88f3c0b95f82eb407b715f",,
16624,"5a3d4b4c7de3e640cbde19af8d8354ce",,
16625,"d0bbdb68be7a91a552633add15049716",,
16626,"bf9ff07d4c7de0e241e7e3024288aa80",,
16627,"ac86d57f3dfe35378e9630ed954c35fd",,
16628,"006024bbd9c5ac6816d9d87202f270b5",,
16629,"9d3225ebb95b92d63388a11f48072a8c",,
16630,"e0a899af5725c552d1ce1ef70be41a64",,
16631,"e3d82ae9e43da2f58076fa04a5035380",,
16632,"23ee8d7df8d671a9160cab2cd18016f7",,
16633,"467542a3aef750b0fbe72214527e8674",,
16634,"0f6908507905a775cd5e82b62f6a595c",,
16635,"4209c46affb85cc166331d2bcee8b76a",,
16636,"b579bc1c00eec131643f927613cd5718",,
16637,"901542f32fe94013a66cf9e0590422c7",,
16638,"01f6bcb89964d9c45c329accfa03612b",,
16639,"91b0ce04a0c53bdebde40428d9910c25",,
16640,"f5951c57f6d527aa0ecf021a5d43eb5b",,
16641,"1c1997799c975ed59daa8cba80853cef",,
16642,"7c9d6078de9ed9e640e2519641a9347c",,
16643,"1fd672b4868c22a534a9cb0f82b17d61",,
16644,"17fa1551aab8925a63cd943e16d62955",,
16645,"a4418e2407fd820205bada357ff4d7b8",,
16646,"4daf38b2736929b64020cfdb98e79ca0",,
16647,"05ea672f4d85c17480e63a5992d93362",,
16648,"e1ef814b6e83121490472ee7c170354b",,
16649,"7b4310841f8b074bc81db287ed20e228",,
16650,"8d5ccda4f2cf96f27e5e2bd2514cbce4",,
16651,"25171c9c078b741b0b954aa690ce23c2",,
16652,"8ef5b3d2d182b138fce031c9f7e069de",,
16653,"2c738e35de314a107384dc0083a01bca",,
16654,"edc07a0ce9fbebc3f5c1ad546c5db59f",,
16655,"4f156d76d46fb9c68be6621b85eed729",,
16656,"f77494a0e4c5c71ee4e3ef88c1adb7de",,
16657,"3621a23815e1578666c518581b2c0065",,
16658,"49acb60121070b820fed5398a5279d02",,
16659,"8abfce321696c84fcac116b9cc4c7b1c",,
16660,"bafc014454b81de175938c7da6e0e9fd",,
16661,"0406bfa2fc1849603c77cea72207e16f",,
16662,"d4728b8a2e53eb8d8a57a39671fdb208",,
16663,"c8b782bcaa16deffc2c56dd9a0b1023a",,
16664,"6e3037322b9b73ad3cd22e03fdf8b6d9",,
16665,"8f85c9c9cdaaa1a08d7c8cc042bf308d",,
16666,"3329a527299a42d32d08590de09a277b",,
16667,"a1260f4a0883bfb9beec9a7d263d4942",,
16668,"3c01c9c29677fcce1ab4066e25a3339f",,
16669,"3f78680d4ded9ae4c9a3841688d5b47f",,
16670,"958cf15f8d4f33c47563a2be703396af",,
16671,"18199c6100a6ba1f1732b3cc33cb7759",,
16672,"daa9ca3edbe0f0851b89e7872e413f71",,
16673,"87a89589ae9ef9b7d5dac996fa9eee49",,
16674,"79920cbc84075a2f1cfa10d9995e69a6",,
16675,"0ef74ab9049fdec47153dc86c6714052",,
16676,"a4ff9cb4bf1aa354dab261e70b385069",,
16677,"3865740d186676eba88ff81d48880e1a",,
16678,"92b84c5e73ba5cbc397b48a57e382da0",,
16679,"9b435c448a2e681a0f130fa4cd406bad",,
16680,"1ade6a659713b4424a27eb2afd70d614",,
16681,"afd6e4e7cfd2dbd099e4ec98df56289b",,
16682,"06430b0012d1aec748680bf9d1f616ae",,
16683,"284c273cbf86926f673b99b71977e8b9",,
16684,"dc1c08da5916e153ea7766df8a1d86f2",,
16685,"1620d7b61df139886fc8df4c98acdbfc",,
16686,"437f862e6a589f74d746d1406a37f2ce",,
16687,"7e8686e5af9a71fb62fce407ea4a805c",,
16688,"9519755d258e7bb6ef9d7b9f3d7e887d",,
16689,"73371fdcfe681d962be0427d95a13c31",,
16690,"8f960e6cd9709e229b74fa05919a3102",,
16691,"025b330c824dcb8b3c20850fdd3a7daa",,
16692,"2ba99a7a9a32772323f71a3c18b08b16",,
16693,"85f3e81dc6fc427841918c3fc96f5671",,
16694,"e39553dd4edc35e878b490491136a13f",,
16695,"abceb37ffc388e2a70eea140af2132d2",,
16696,"0970f9cd2a0bab730175b2374e5e3fc2",,
16697,"4f21558216396b61f283563cc80f3aa7",,
16698,"0498a36f198c5419ef4b3d5b791b2ff7",,
16699,"c39ea76ff2a913a5e2af632b247e8477",,
16700,"0277f29da572d01794ad7368b7628c94",,
16701,"f74db489ef902b4aea531d77a9bbe813",,
16702,"9b991ff4a1064ce24ab6d396ae67116d",,
16703,"b534126d8d12654ad3a75d755c14bfdc",,
16704,"e869d59a7476d8919fb05a0b9bd7309b",,
16705,"50d2571930434ca8035a71071152bc25",,
16706,"a57d944ec1b1d1c32f5235fadf2be43f",,
16707,"f2af07964e45d147aaf93375ceaf0259",,
16708,"d99fd3cc67452e78b37c011298e71990",,
16709,"0b9ed9f5e364ab001daafe0de3909308",,
16710,"5d37b2e6ab0fb6963611dc5e66d19155",,
16711,"6069ba8bd2602260dec8567662683143",,
16712,"427ac598bcbe8dcab3486f341e310f39",,
16713,"151476486c2b9dfc52d5a67558a39f49",,
16714,"af25f0c6ccfd25108aae863f37b142ad",,
16715,"ba6723e586323ec561100889d965f9f2",,
16716,"cb2678f26d81366a8f23d505aef62355",,
16717,"2b894ba5e7f594d22507ab68c55e6e06",,
16718,"02b5ab90154db79cbd01f722b1c99ece",,
16719,"5d500e688aa061f4622fc5cef44f3933",,
16720,"1884c8c5e6e6af4f088c38ae25721f42",,
16721,"f8c03019e70c49c5ddf844c2f4ba7b33",,
16722,"87feb7027765a65c15b0a0b9d1e4f3e8",,
16723,"54b60eeb53dd1ef825dec0c7ed4cd40b",,
16724,"86d637a95e563eebf75046f2e552b429",,
16725,"01b93f862c6035e09ffbb70196f198ee",,
16726,"99f0f350d5ad916a0f51303371ca43a6",,
16727,"33442fd6ee5811726304fef49a2978f8",,
16728,"cb88eda03f74914efff3ebd1379eb97f",,
16729,"71e501a9ed086b8018c17f2ba83ff0e3",,
16730,"b00707957df412cd41d480f57e39d5f0",,
16731,"2a3cccb1569509542f2ccf80a53fc462",,
16732,"555d24f235fca567fbcc654d2363e93c",,
16733,"1b1ef9339b13788c85aa306ecefdc97c",,
16734,"8f07fa7b0503622054011c062ed25e1f",,
16735,"e0df00f6574e02a04844b08bde2cd2fe",,
16736,"78b095c8c6430a3fd0b44188b837d115",,
16737,"a5b3b2dd07c6a4bdc21588c94c2173b4",,
16738,"93ebea1cc2279d4219e14d81133098d8",,
16739,"b8fae46f9c37d04578a865222f9bb429",,
16740,"30d5c29a6fadbef66c6c7c84e20afea5",,
16741,"9dad10eb4c13415885f28f8622425910",,
16742,"5e04bd3c82303a1f09554548ffa8f827",,
16743,"b773154f66269283d09ee5150032932b",,
16744,"94a03125a6b1e856b4ee07fcc5a21e3a",,
16745,"3b627faff35ac4991f714f6570e3fae4",,
16746,"2a59361b6f4479dbfa318cedb082fb33",,
16747,"69fb1845f8a0ff1d758f9effe2e9a747",,
16748,"54af6f78dabec4c1bd46246a963fa203",,
16749,"57412183c4fde9b4afa35d6dc7bbc707",,
16750,"37b9f06ccd2480ad986386b843fec1d6",,
16751,"20d19ab1d4c1a68221b2b79f3568daff",,
16752,"5f5a1a2b91d701f1d5225a3fa155eb47",,
16753,"19bac7f98f71284d50d7fff22b1773c8",,
16754,"1fe250963556ef02be7022203e2cd463",,
16755,"435c747bbef8486522661711c9dc757a",,
16756,"83f9cbbdf69c996fb280fa8ae9a86ce2",,
16757,"2f474ffa4025c4f58617157ba14c3c42",,
16758,"2619d3ed7c4cf172006584c885ded22d",,
16759,"c0a861e7395cabb258f04a09643e3e81",,
16760,"cdf5caaac374bb9badb35a50f79e572e",,
16761,"792ef87a0b0ce6a6fe21ae9cf8ff0a06",,
16762,"a80df65fc4ad77c873ed5c55834c3131",,
16763,"79767d638463f3db714f4c40ebc2a959",,
16764,"85ed303f78ff875844e15afff7850bda",,
16765,"7396b776ed7b04cf067235f6d62ba2cd",,
16766,"042cf553426072f65d068e6ae5113b1b",,
16767,"d1dcde83627b6525ee19312bc81802ab",,
16768,"32018ba4f36c9b2007d04176f76e84a6",,
16769,"33a4a5f2f462f2d32cb5f41c49aa1a39",,
16770,"c7e3cde7e82bacecbef69e1564bca642",,
16771,"46540b1d00bfbef3ed27ac55a876cfc3",,
16772,"4100045c07cd366ea8a1ce1de1f3d9ef",,
16773,"a7f483f6ce136fc82237f0a77feb7336",,
16774,"3043697ba19140434f62ff0174128cf8",,
16775,"13e4a69d42db2ac2c51a773dfa15ee26",,
16776,"a4bb0096760fa3ff97bc039d5b0e128f",,
16777,"afbe00bc3ef7c751a7ae05ea7d2175e3",,
16778,"ea3843850267957a7e3ad5e2f6222838",,
16779,"c62111eace8e3e089f3ecaadb5a35c5e",,
16780,"b618d5a6bd67b73818be1f1dace847a2",,
16781,"19e947416d4bccdfc8a89a683a52a6a2",,
16782,"774aba98cf962f297c036e1f346ac811",,
16783,"6f9a50095e29001bd2f3dbe62263c0ef",,
16784,"6dad4647e4a6353c30498408c92710a2",,
16785,"50c360531fc6d25d6403073a271c0216","nordic",
16786,"88b3a4fbde8cab4493f0060ae3b5dee3",,
16787,"e2f43c1a7011fb44f37a2ba7820343f3",,
16788,"44460089df9cfe9f05bd34ed0a2cc2bb",,
16789,"7617b66364ea1d04c98be6898b3f3cb5",,
16790,"468d01388eb6dd4c7a3b92d345381cf7",,
16791,"19ca482c6166445d26b69aa3e397084a",,
16792,"1438f2d674ca580350dcc629a9f6bcae",,
16793,"2aaa18dd3a27eee3b46290c66165059e",,
16794,"6395f09f77983c11ac9f38dd9ff6fe8d",,
16795,"06ef0d472e4a7843fbf24760fbc01470",,
16796,"1efdd4a12859caa6d650221946bf1e9f",,
16797,"fd4aa4a58f33854a751ec7d14d77ce91",,
16798,"e7073c357b9d4ace0145b079706f030d",,
16799,"ea899ea5813c3a14bdaec72a10231fcf",,
16800,"351abbd0897791129f34af832b835c8f",,
16801,"a1559cbbd3426e1ffde3c68d57277faf",,
16802,"c144eb07f56b3b45908f392cd097d78e",,
16803,"a69cc0af8f000965a10d5995d3a50948",,
16804,"0b4fbe5a5ab7f75e829a3234b9a546cb",,
16805,"333c358f40ca622dba4009d0879f4943",,
16806,"5801896586ff036bfd5b335b157a925d",,
16807,"21dea6ad46463064d349f700556163b1",,
16808,"1d776a3cfede2c8c2aec952f7d0f176f",,
16809,"f774712ec38b38bd125998fc7a28ee15",,
16810,"048d501965e4edb295d97de4e8ddad16",,
16811,"c6446c94c89124a3597107c6ec3bbb59",,
16812,"d1b6652f5d06f17878e9a7c17fbc2f39",,
16813,"d1ee230aef6226236d0c42c3df811c4d",,
16814,"9ce3d2e3acdfd552af951400f1c5b7c0",,
16815,"c71964a900fb278c14d3533ac7785117",,
16816,"86787e4b4ed275fb9b1cecc1e1934a50",,
16817,"84afc6d48a5b31ab9affb9383551d22d",,
16818,"6584f7f65420fd695f5fb6687bfbf986",,
16819,"6bdc120abbe36bbb95500b7960c20107",,
16820,"3478fd509b204cd921867c60033604a3",,
16821,"b4700af2eb143d7f6d633ccf6723c9ad",,
16822,"4e8a6880d652c9fe7ba1ae898920a5a6",,
16823,"dd236f55357337638151dcd202368b19",,
16824,"19f8855f0e18b634fb13c9b0206f5735",,
16825,"ec006f1cb3b12a9fc1b390a9718a8556",,
16826,"d07841ac3b3ed7143ebca30e38238270",,
16827,"b8ef1f482e2270fafc7ed90c25050656",,
16828,"e344ab43eaf588a2db7ce4a9c57a076c",,
16829,"b404b934b9461f7fd3c523b22ac2cd2c",,
16830,"90e2e0598cac54897f5c3db57d4cc8ff",,
16831,"b42b0eb9eae93e06902eaf2e49741994",,
16832,"c29c8bb43345ef83d2e6646bf2f23706",,
16833,"b44fc5b6faad43f493d002a863d0b925",,
16834,"960c9d415d7dbe904704987022fb00bf",,
16835,"f61e3a2920efd09c03fabab15d21e841",,
16836,"c4f14f17654a2cfde34252624b4cfb58",,
16837,"0d892022a51b41986cde260cc51489cc",,
16838,"0315f67360762b2747c66476e031a1ca",,
16839,"c614ae091fcf7d56bfc051bab768042b",,
16840,"9da330712356e6ad668ab9d9093ac00e",,
16841,"887d8a58db70054088aeff6300c25ccb",,
16842,"b5c03f6278d36a812c2b884cf6bed8d4",,
16843,"b9a333493efb88fc89e684270786dab1",,
16844,"445cb8a68e85e5b39e7fc35b5f9d03f9",,
16845,"1edd806c8b957c367b9539df1215ef30",,
16846,"22735507420df4b86478b925cba93851",,
16847,"c6a7b37aa91af7d76f258f3d220d94d6",,
16848,"6eebe21abd784bffd66e81d0c41931ee",,
16849,"795f1ac14ce762a60c065af56a1a5103",,
16850,"3e594c1e2701424370b451e51823d85b",,
16851,"f9d8e661735673a07c7a2c25d56d71ed",,
16852,"1f69cac76bf157f119dd6be447254d37",,
16853,"75a82f8ce77c0e695236de62206834bd",,
16854,"59d04f229f8524cb8179865da65dbecb",,
16855,"a17512c0280320a8f43071218f72bf45",,
16856,"faf06c6d37e3ea423274facf58bba412",,
16857,"837e720887043b55ba46ea493f981b99",,
16858,"51135af2a1289e3eaa79ea42e17678d3",,
16859,"795c9766c5154e5e0ebc3077b0f2565d",,
16860,"2c8b5bff8846b71983d74e40647ad4a6",,
16861,"69b4952e23ca404131b7f366a44d3b11",,
16862,"37603f9b573f066c09b9c28fea8ebdc3",,
16863,"ad86d990a50386626b37337f94516982",,
16864,"5e0c0666be7f3134c73881776f383e54",,
16865,"0acabbe728fcd73f9d9db94e255b92bb",,
16866,"88666a3fd4cfc2f212a6ee01e976aeba",,
16867,"5a3ded90e23d040c7cc39c0f884bbd74",,
16868,"384d8d5a074a16d4efa23a31a012f670","nordic",
16869,"fbe9b3984dee70aa6ff0b851550f3d07",,
16870,"963df05fc77b7f84d7367c3f84d5631a",,
16871,"c088674476b615794a00765d2fd063b6",,
16872,"a1e0068305b9cbcc6509112e934a6740",,
16873,"d47a29749a11c0399950d92b10e8cee1",,
16874,"45a9de809fd19dcb0a11ccbf357be4c0",,
16875,"8b49d392e32a4000a4ab2df131548899",,
16876,"f18bbc681418775d29efe7c5a84e1c0a",,
16877,"034012ec75671ab5781533edceac1541",,
16878,"411e2b3b528f0eec194304feb7dee4ae",,
16879,"ced599bbce04c654860c20a9ecba4fa4",,
16880,"5a35ff414efb06ed8e8eda204a4d1907",,
16881,"147b7558f160f4ee534d5308b379d27a",,
16882,"48d5e890d24e117ecf2750a7007da88c",,
16883,"ecd03d89df85603872af45447a56c9d5",,
16884,"7b82e61a75e3cccfaba8af3b3666707c",,
16885,"dd4b3def8c2d17cb8d27515a3f9bf51b",,
16886,"ddae96f7f017eabb6a838477a4c68fc3",,
16887,"a9f8f5d901a7fb42f552e1ee6384f3bb",,
16888,"0b0bd3bc88e11e35f35afd2d20fccc7c",,
16889,"3a01e7c214206d848e0bb15bade6b52b",,
16890,"0260cc7bcb5f7f2a0c1024a420db3bd9",,
16891,"aa91a4bb6a726dbb37b6c0044d6f2e8a",,
16892,"8938e1f4dd1e6035e8457a7a57399ae2",,
16893,"86817cf73bf782af69fbf814ccaebdb9",,
16894,"3e88f3ceddb24f4f86a68bb3965ca638",,
16895,"d6bbe59d1b1ba5cf836a75c5cb22a541",,
16896,"43c64226d2ea5668247c980e1c588ce9",,
16897,"6f23990ab0620fa50bf85bc40c048846",,
16898,"c79c18ffb8303865a481f033150ac421",,
16899,"b1975880abcc759ba27a328471e26a19",,
16900,"b2ee853a1c97e35fdbd7ef50cb3d714f",,
16901,"53375855f4646bd4474e1ec0d66ee787",,
16902,"80c1a70b5e1caab121078212fd708c68",,
16903,"08991d90b70bee5484b8b5ef75fecb8a",,
16904,"cc3138cc3d485211d677be3e404d14e6",,
16905,"7da2b3934ca653982756dc8a8163fa62",,
16906,"11a654bca2422f23dafc41b9c05370fc",,
16907,"e071d90ae71318243f40b3c3cd885c11",,
16908,"9ffbdea9de1f55c0dca629e6c443e27e",,
16909,"a448cc0070d74e1e857e09e9e63e3eb1",,
16910,"bfe814883c4795e0fbb820cf2ae358db",,
16911,"1c73365f650e60ad2f9f670806845b09",,
16912,"ef031a3f24f877242621ba695d8dcbd2",,
16913,"adcaec02a0ee40c2b8d5de85f06f0c78",,
16914,"fc525a6465719bf9bfb150c5e1656e1c",,
16915,"4c97239b1fbfa42c1e1ae87a68a65a2d",,
16916,"a1accd3efeec1e7c66e2f1f687cb57ae",,
16917,"f818ad520fb8c4f69d23c460d237b7fb",,
16918,"a288a0db1c4f648da459281c553448e0",,
16919,"fc4605bdebc5fa90f4f2b42ac173fa3d",,
16920,"ca464709ac51a17435af734a38c2f40b",,
16921,"8874b2a218f39790fd8de8a07777834c",,
16922,"e12d164778c353a022666d57ee2bca62",,
16923,"8f40e120fc345cc781e5c42620906eaa",,
16924,"ee66f4ff7876c5d552eb3b252889b29f",,
16925,"a18bd317b1dbd1157530fdf4f9594d08",,
16926,"7f902dc2ab0e2f03298a91978347d374",,
16927,"a391471bb349fd0e78b5ed3887714703",,
16928,"06d1386c5625e2ed08ae5a391434caad",,
16929,"8cc29b6f92e91d409831fc5d642b4326",,
16930,"914120c55f632c17e8b5aafd2e9ad9e6",,
16931,"0cbd06960548ffb8d9515e0b81212aa7",,
16932,"93714d8aedab49e4e7f3bb5ef94479a3",,
16933,"c8b2262bb6cfb5722833fdc1c6c8d028",,
16934,"6041c2502b9c635a78a2f8897a052057",,
16935,"71f88fdfa717e2b4b261f36013a2f281",,
16936,"146812c328ee4eddc13ab778f10ae653",,
16937,"6ad390438abe49bf4841b6207075632d",,
16938,"2a77aae40ef6d4ed7f9308d1df78c147",,
16939,"f4142b3155ac24f1fd2f8664040fad97",,
16940,"0154fad3c4b7afe3eeb0ad7259c17767",,
16941,"3ca9759b1cd6e23a4bcd763c1a1ccb81",,
16942,"6545659e0277863a8ed0227dc461d8c6",,
16943,"b0a1559f9738937766abe7f2e0a59a04",,
16944,"8914012a01727f3f4b485e773b37d5ee",,
16945,"237af5272845e896b6d994d61163b1bb",,
16946,"cbbfd5333d3d51e5fc41a2fff19ed94a",,
16947,"2b5a7fa4af40a74d3271c32430ff2f19",,
16948,"ef99183ddfc6e4fd41f3fe8270561a16",,
16949,"98fde60c7148e3d5c2531111dfa7d78c",,
16950,"eac2c67f0c4b2a43ef84bd203aa05909",,
16951,"163b60e44d2520b9fedfe8034cc04cb8",,
16952,"301535d0fa18bf959910395672c34c83",,
16953,"ece25abf9b79222b7b0e33ee1c584892",,
16954,"b2ac9159c1ddd3321cc001fff2360967",,
16955,"b897f5f6f4ffbc8734b3734444aa910e",,
16956,"fe75f1f77107a4dad050fed106faeb50",,
16957,"0e2ea2004a99a2e1155c86e86b541027",,
16958,"2590b3860e504bd2788ccce49f9fa294",,
16959,"2a4c3b61acc38c7bc3667b35ec59e32c",,
16960,"4d2c5a88db1b763f9cd9fd2467200d9f",,
16961,"b82dd8f636bbca20b207627c6768dfe2",,
16962,"043c8ea8070aa07e2c9db4445571c630",,
16963,"136693df1f57410c48655d5ad6b1d8ca",,
16964,"6e847837d8ade1975cf62f267bf3964d",,
16965,"8964fa0993326d1e3c7f98bfbf38aa3a",,
16966,"cc67f4d5b60cededa8880793fd346d67",,
16967,"d76e6f1ce292cc877624889fb3b2d158",,
16968,"e384a8914883716d837cd3cc0abc018e",,
16969,"4738061901ad8eca5dc1683a23d88eef",,
16970,"a5bc426c16f271e7949340c2ec6430c8",,
16971,"33a74cbbc2468d1249ecaed4d8d9a6e6","nordic",
16972,"d8e1974fe38fd031ff16f87531cc6506",,
16973,"93222394f055b31546f47ee16a92e004",,
16974,"885e615305edaacf1f3f5feaf1c83310",,
16975,"04a485fdd2f65749098bcc9e59f68774",,
16976,"8b958cbd9ba5c126c18be54993b897df",,
16977,"149e3903fbd456a053b27566ec884101",,
16978,"dd1fddd5d23897cd76759b1ca9f11635",,
16979,"d010d0cb29407ad50df4e5bf5b80d949",,
16980,"d03165d3c7a23a007dc722978b572cc4",,
16981,"dd94669b5e71a8b8ce43b3f541815028",,
16982,"57a8bcdd902053b7e20d7ebe1b32ded3",,
16983,"662609acec7ead3a7b146d18d527cd37",,
16984,"5f8b5af606de5a7ddabc92dfa6fcea99",,
16985,"7ce8cedac2f365bdfe1da6d6e11d9dfd",,
16986,"3bc940748621b3738b8f8a9220cad321",,
16987,"0d94ddbac6798a0b227f93ee4660bbde",,
16988,"8e3596d3cff4cd7f4e1c8221f81cbe56",,
16989,"88aed28069123b76808154017afd2da4",,
16990,"935cfcd1df645d7a00babc74b65dddf7",,
16991,"e0d87bef3cabb48ca80ad86e25e966f2",,
16992,"d95869094904b9ea53695c9615eadaea",,
16993,"ced6bc5a2d17af16e28bf75432b89330",,
16994,"5bdd6cb785e2d75c27845d52f1744e1a",,
16995,"dba5aa2551ade9d7c173a149de27c3cf",,
16996,"fbab33b35792e7ed2ae71602a89ccdd8",,
16997,"7c1161cdc426d48fe26b23acf46c79b6",,
16998,"1a9c8fee96b9f6d1fe3d92dee02a2dbd",,
16999,"f600bd133c21ea593e6a5bc7bf64c04b",,
17000,"2820670e918573a3cce27e742dd7f02d",,
17001,"3a469778b23cc0c7d4af6dff32b19c5e",,
17002,"878b30cbc0ddd798fe75bd6e82c38773",,
17003,"8ea90e721d02b7c16ce7d7ce8730ea0b",,
17004,"7797729a5e74f2f1fddb3d6bf5d039c9",,
17005,"766a989ca13f9bcc7e2a15bf621710b7",,
17006,"c74cef91d46edc3495c05294b4393a5c",,
17007,"86f53a9162e3d00301c6b20b85c84596",,
17008,"c774ab86241a68997f07cb660bbef646",,
17009,"df360b6e8aac8b3b9bde43170bf51281",,
17010,"3100fbe106828afc545ce7b2b28d4ac3",,
17011,"d15d4f71d97d234e253009b8699c1424",,
17012,"179caf2e3b7d5481c3567c2987f5be32",,
17013,"17e3aee1a17fa15c7f38a264da58431c",,
17014,"bf4314601e2f4b022cea97c02a7a959c",,
17015,"0d04547607889fcb9c1262192af2bc7c",,
17016,"4993d6002f67fbf34d8cc8889ec5395b",,
17017,"99b59234ff2df78a345dfcf00d1b8ade",,
17018,"74955dd8dba4e778190245c4429a8f0a",,
17019,"b9be51b0490b7be36c5cc4424b86b2d0",,
17020,"a6e49029ed9993cf8e0f34061a9c9231",,
17021,"949390d6e314cad45483094571caaaf7",,
17022,"d55957b304cac8b2be882c30bc1ffbd5",,
17023,"b38af51e36663f37c6f93620810165ce",,
17024,"b946ad96f3fa542b79439f576e277b2f",,
17025,"1c9d3cf6b8d931461e0f6dc357e437ff",,
17026,"e9cafabc2f653f3ce4e804ec11d24971",,
17027,"8ae902c95390cdf45f2bf857fb47f244",,
17028,"b4aed88718b9e45553df32b993c056c5",,
17029,"52bde92a0fa4db5d7bea232784c9a670",,
17030,"82d2d93e3537cd62c7320eff131eb1d0",,
17031,"209139f971f7eaa8766f232eba492474",,
17032,"1f9d3a1238c1f674ca2de88f586ca732",,
17033,"cb403032915a11b932f5fddeb4749c36",,
17034,"9010b63b85d29c894d6a497d077fa466",,
17035,"e6d2447ac4385e1ba14cc639aa826c56",,
17036,"1b0a03202c4e7f215e68e5f32f34eb7f",,
17037,"a7c819029ad1ad3ec656f4166a56c541",,
17038,"ca01af16210028f2bba6b69abcfe3ecb",,
17039,"4c662ebaa3c0e6110a5b52d38d9a4382",,
17040,"3514600ac9b7bba9cc333ff621427b54",,
17041,"c1501081a3db48e5e40e871e3bb43409",,
17042,"57423b8685af9101937d74dd63ab54a9",,
17043,"d165b0d0aa62391f31f163a01709facf",,
17044,"056b5470045d40ad57845fc07b022fcb",,
17045,"930d28514a198ca0eb39d9dfb743a194",,
17046,"4c7479a36650a763275ab51f0ee4a432",,
17047,"18e43343be06da89388a81506ca0bd78",,
17048,"44d88e652a18741db555c9d14bb18268",,
17049,"06552bda42a0ffa034a208a4ac463f59",,
17050,"2292e7f6c555f9ce460358f56d72314b",,
17051,"d50cb3c5b148e54f9711155d4fbca0c4",,
17052,"b375a6db6fe13edf2aebc779a0e3f5a7",,
17053,"6dea80011362e30c511a76f49a0c22ff",,
17054,"b908873e0ba99d23d3697363fcede276",,
17055,"48706a9ed89f8b8d762e28a1e342e1a3",,
17056,"09b87cba810ae08b508836ed1e6f6dcf",,
17057,"fa6ce81dfbf3da8fa1e43f604262873f",,
17058,"dd3124a3e70e142d86b3f0f51a0a4077",,
17059,"4f7e9158402c81bc95029dcc18955546",,
17060,"dfa2bba2dcd26b7d34a003b7ddefcd91",,
17061,"76988ab70049e864f101c1cf7c325966",,
17062,"711ae6117f48c93d85156ce3a463d7dd",,
17063,"3b6ce8c8c40e32c13015af6a12b1ae9c",,
17064,"cf3737e8a19b21e15cf1854c94349c4b","nordic",
17065,"39039ab157e4f57e955ac2d5ce003c2f",,
17066,"9b07f65c9fbc06f0f4478ff93c06a20c",,
17067,"391ee3e669fc7ebf7e772308ffdf2af3",,
17068,"3f653e562129cc5748dfa319545369e0",,
17069,"38cf4732bbaea6978294bc9c42d252e7",,
17070,"91137c03cf4e4bd0b719a665c6bbff43",,
17071,"9037734bff0dc12e24967eb683d01c93",,
17072,"b8826974dfc449021f1d41797ed6a906",,
17073,"02fb4c721857c10f1b405c16b9c3078d",,
17074,"fda6f47d6503e8637723b9c56afd40e2",,
17075,"d733d92f958d38356947922c884d8ba6",,
17076,"450c02fa1371c4c9f88b79d1694d3841",,
17077,"2777eca1aa9ae759ff8056423255d8a1",,
17078,"c9364235816fc20f71770fc460169e3c",,
17079,"eeadb26dada52e38745d8594b948cc00",,
17080,"531b0087227b80f109f08ab4f1ee9caa",,
17081,"a7d8e1656ce49c3ffd2ac7b09d3abc66",,
17082,"1c6e220399a8b1a5d9888952134436fd",,
17083,"05115652c6481956a25233f78e9e2d79",,
17084,"fec66fb9f302906791d2cd5b2b82a570",,
17085,"115d6a350a2c6c95aa27d131c67daade",,
17086,"bdb41310eb23db0ecc2c43daca4d0b92",,
17087,"3e0bffc71241cc48acb223a212470411",,
17088,"1e632762b5fea605fd9a1a50da1a4b18",,
17089,"b432bda56700de50db9ed4ea94cf04da",,
17090,"23807a1032e692daebc9a90b2f7423f5",,
17091,"1ba95f5c4e63731c3bbf671fc43190ad",,
17092,"64b4e70ae8072fdc33afd1afc29f0c42",,
17093,"e61cafe50ae892a867b68cfbd6d8fe08",,
17094,"453466703553b7da5808df301c232b77",,
17095,"534b68353215ff7c87779c8691e34cc6",,
17096,"1d894ad7a1a1b49a197837867af7b305",,
17097,"2a9bd15f255d8435e56fbe4ea4550c85",,
17098,"41752472fe577e1e378fa26fe0e18fb3",,
17099,"b82d61af47663b9d8415c9119a596218",,
17100,"6fdaaf52910591fe4affa345eba30501",,
17101,"fb2a934fcb0595f77603427c583d5061",,
17102,"11ed7881acefa981647db6709e7635ac",,
17103,"8fadb9198a4a421f0524d8a503db17b6",,
17104,"c1524f70e46832e90a7c9799af155f41",,
17105,"74a8e2e24691552c149c7efbd9ef8c0d",,
17106,"fd118c183ad9e11060a6e575b472280e",,
17107,"e92ccb84feeac3fd302072aed419de90","nordic",
17108,"144985b678548ba125ea9781e7bfd27d",,
17109,"02fcf11174eda84745dae7e61c5ff9ba",,
17110,"9fad9061f9436a13d6f6a017948288a8",,
17111,"8c036468f7ac1c2c436c8e7bf90f044f",,
17112,"b02e115f0946424b0d2db9edb96498a6",,
17113,"8a03fb5765cadfdb89e83c7ea1c056da",,
17114,"6b3df37245488da06f269b59408d76b7",,
17115,"df1b6c32b2ae8cc5948611bff8706717",,
17116,"e49d00f0aecab1fb26db7f7a011d7feb",,
17117,"5ba612677e13c85aaca7ec7ecd5446e0",,
17118,"9ee9ad7a2d819114692c992c5783892e",,
17119,"fa846a4b2006ba6ad57469af29648415",,
17120,"9e6956589665eb5a75d243be0b2176f2",,
17121,"e7cce658ed82516fc99abbb1ff2cc6c9",,
17122,"7a4e7c4c060beca943757a0ec0aa224c",,
17123,"bd18f0f6cc7f17c81d49271411cfa4b4",,
17124,"24ae4fbd04da8790244ec9578b9724ab",,
17125,"14ec413fb9080facb9cf1cae1a2dc546",,
17126,"a25b1b287785f16898cbd9ebb65e78e0",,
17127,"ca786f847d556601b96ad7d809ddc282",,
17128,"4a4f078df323de1a039afc53f51ee4bf",,
17129,"fb1d9977a386a1da24f6ed5c699a7eed",,
17130,"67b4044eb8411a0bc926e7e9c4e6b5b7",,
17131,"b80dd3fe7765290236cd68743b523744",,
17132,"944050058deefed36539b9d11951a94e",,
17133,"3e51d78b116b791c1ca8cd65a4c59c25",,
17134,"adafa3f53431e9dbc7a610f9077c6330",,
17135,"4af802bcceb52eb4f438481f7f54e2c8",,
17136,"5238f5e7bec5e596337b28207c62ae6a",,
17137,"7dcf1faea39cd18b3ea91b94c824e950","nordic",
17138,"3c2e3b5df3b4dd21f5e5252d5f5e5715",,
17139,"bd76882d8e14397fd05877457cc42531",,
17140,"c52507bdba58c845d11600f6ee6a14e7",,
17141,"647f116a9da3eee80804204d5b173a0d",,
17142,"67389a7cb2c696c08052a887eeb95c44",,
17143,"d3a0dbe9adee5ba3719083e493b0f34e",,
17144,"cbfd4d274c4585f4b352dbae3f3dd395",,
17145,"c743f20dea29d01ead1aa0127218ed55",,
17146,"d687512131bcc129ac9fcb9dd05f16ff",,
17147,"0c74ccdfa70c0bb0f852a526fb6d6db9",,
17148,"0d0b3588d1e1d32e6e531d51dc9b0ce5",,
17149,"627345ba0ff03d9931c7eff21044d1f4",,
17150,"0b7a1a20ee94761e7e51c2796d9d11c3",,
17151,"84867d0a2b18e72e14f74f33133a333c",,
17152,"951dced805b281c733be53594eb87359",,
17153,"6cf6f69d37b0fb57482ef95bd55f03e0",,
17154,"4ad7ef3f8fde45556ee6d2fd855f79ca",,
17155,"734d77f52a9a8771f75d1cad0b0e25bb",,
17156,"f52bdb8b269e9c955a09e19785b084c3",,
17157,"30bba5424cc300577c6a3f1071832d59",,
17158,"7b735e99628c73ace7eb2525ea8d77b7","nordic",
17159,"73e796f6523f01dc1700a748e68d97cc",,
17160,"a95652239be387869dfe1baed785f52a",,
17161,"ae164f4d57393e9330d5db487492fd03",,
17162,"f6d00eb3d42f1532f3559620ea36ecc9",,
17163,"ee2b046f4adac80af65cf7f7f21e6d9b",,
17164,"543f3e26fe076d35acae3908768869a7",,
17165,"735c72b56a612a34aba212398b0b0fb5",,
17166,"50b2e9b4251b2e9610591790453b3cff",,
17167,"a7ce25ca8cdf6814f53d76ce3aa294e3",,
17168,"f6af047a3a436b478e6dd87dad4e8716",,
17169,"6f38b835b11e62dfbc5cd067091c2b93",,
17170,"6f74f6aa6ff2d59c2bd8f90af85cee64",,
17171,"e5f00901873b2514de1f73617a9f9443",,
17172,"2bd55d045ec7ac659413f569cb8aeba2",,
17173,"5d4b188a0808ff0066b5859336fd3455",,
17174,"b3dd1a94e54a07f50956d570287d00dd",,
17175,"edd0a7435799d5c18b09a5cd80faf421",,
17176,"b55c4bec6290432e09060f6ad6a585b1",,
17177,"527b2417d87f5b0fd4e0f7a79e854b1d",,
17178,"32ba3e9cf3a6b11287df49c33b0fe45a",,
17179,"91d45b9c799737386135db8b560541e2",,
17180,"e99516ce45725e587bda26982d5754be",,
17181,"eae342a619b15b048169f872c84e0ca8",,
17182,"8561368edcaa4eb976e6b4f1080f82e8",,
17183,"4d0006d26a45862e3278a0fe5afc5887",,
17184,"e00eb79cebe6e6cafe02985fd1a3e33b",,
17185,"33d1345af50c399361f9d5fce0567056",,
17186,"c31bb1d647325513d88ca4be3bc0988f",,
17187,"5710f60dbcfbe002967c67dc28d3c3f1",,
17188,"c1b8c556e8790f1ef0fea5aea68bb3e1",,
17189,"ee4c58247a65c1887fc61ca1ba127f4f",,
17190,"3e5e4e4fbc6bb4ea3b4a29a814c42e88",,
17191,"9ff46519b8b8c2cab323322c9d983873",,
17192,"3ada3de7d3fccd6f897621ce24f8111e",,
17193,"acb7b28de22d7b31d72e258ac94a2cc5",,
17194,"6573d12d0c98814f650206dc3b540805",,
17195,"6d0daa51cab73fdac3c85dd9e1226156",,
17196,"419cf0f89ba98b2bf6d083026473d83a",,
17197,"ec1c2f3e2f1fba9c794456a9573bcf63",,
17198,"64151ea575daed64ac980c8f70d5c061",,
17199,"a40ccd13fbb110bf942143b464c42268",,
17200,"4bd61757aa1b7bf1a73b1796384b4f36",,
17201,"f12d5c716eb7793dec3f5f7f48d1aa8f",,
17202,"bae13d415b2501b6a6063e43e4ca69cd",,
17203,"a8046e0357097bb901c87d3813cdb371",,
17204,"ad4fe440a993c78301e047d043feb00a",,
17205,"824f4b0c4e7ae8499dc8edef4d2a46a9",,
17206,"241dbef2bf7f8a41a0c4ec91e31f2c45",,
17207,"acac2701d03d6bbafd5356fc2bdb0a74",,
17208,"9bdf7a30960e5e809d816e295f75314d",,
17209,"92539bfe605ce03e1891531a55c99f9b",,
17210,"c5125aa516174a90f13cb933acd17dcf",,
17211,"81a2ceb8eb0a878c72c7d666c6e734f6",,
17212,"0ae70e4a195cb24d9569c65d383bed9b",,
17213,"f1920f374d721434d0abbdf4bf2e15db",,
17214,"5bc3b0caacdef611ee87c4e8ad60b181",,
17215,"da373b8034bfe6bb4f91c8b8b62b7102",,
17216,"6c545b63e2de0f7d20571a563815ba96",,
17217,"42503726ec8fe88e35720af4f9004024",,
17218,"9909779edf900e301c3b1798e60418b1",,
17219,"071d5d69673ef328406ab18b028132d5",,
17220,"1b30ec226ae457a358fed460625d17e7",,
17221,"7bdd6cff115e68bdfb4a625b394e81dc",,
17222,"281a15385e289b4e57ce87b921150d43",,
17223,"0cb76b8c1a982bbdccbfdc5fd2f14851",,
17224,"0cf54473556151ed368952a469b5420b",,
17225,"828fefe40b79b25668e1b111b77d418e",,
17226,"0fa5cd2978ab89c1e73cbee2894eb249",,
17227,"b77241bc8c1ec964b750509553d7c0af",,
17228,"4f1fb78ad16ce45c93c88d62b02f45cb",,
17229,"4ea6dff474872977d686d7d9a23f4df5",,
17230,"4819a394215f963ec4ddfdc3cc154994",,
17231,"a5b356f64ec290f9e04204484097cdb8",,
17232,"f83c9d6681f3c298364181b1449d3c5c",,
17233,"ded9d85e7c658bb46e8d6593e3ee40c4",,
17234,"f188f77618d5dba255f6ab386f3e83e3",,
17235,"28b6daa73c2c18570b5942101c747929",,
17236,"f64f5300f058226905e4c9b1931f1577",,
17237,"d5674d9ea40b712dea8d7895d3096445",,
17238,"5289572ba055e2d0e57e5a1c8403f42c",,
17239,"45e66c49951a6d1110dff2641971a856",,
17240,"f410c244de4f8fd68339d379101951a6",,
17241,"ea7c69dac2bd66fbc2f7b595a64e46c2",,
17242,"111a5c44c1dba8f9bf74ad6bc6121177",,
17243,"bf092a0e9489952d89168b3cb9c85d25",,
17244,"0b503f2f76376a5a4184a1e809413b79",,
17245,"61a54ceaf53049d7fbf30285d7a12a6a",,
17246,"ccdaee3aafa336ae531421a2de42e2bc",,
17247,"b4e4f729c43b1928f30e99d725c28fc7",,
17248,"4d5dce103dbfd347e0edc8c76c1fe502",,
17249,"ae6d7de6edd7bf3fea8ce69f62beae6b",,
17250,"01e7c4c2cbb7713a71a916838f5957e3",,
17251,"a6ffe4379ecf15b9c76e54095d4176ef",,
17252,"b22ff3dbc185c5cc8f29e1f32bd85a7d",,
17253,"4c5237076bd052daebd45a686f939ed6",,
17254,"3ff7df04b3c4f71d9be7277d1d8eb06a",,
17255,"9dbf9be0be8085e2425dbb1526433ada",,
17256,"39ebb1e10b0188e153b9e714f79357ce",,
17257,"562b42000e1e8463ba3218ee78aa582b",,
17258,"3a68787e5b1cb75e2a8c160ad79297ab",,
17259,"9be250f94c37d7986ce2a757a09115b3",,
17260,"586c2a43bc5c961645ca673cea4d4dc5",,
17261,"1bd64c70233b7f4f3a058be074080475",,
17262,"4cc05c181e457cc025c25b74d9214944",,
17263,"b359c1d29a2771136361f58d10721b73",,
17264,"31d41ead0665177c50bc0e4c08e6afef",,
17265,"5806d34e669af11feac2cc53a5d5cab7",,
17266,"194b3926b78298e6e443b6ebe5e15f99",,
17267,"c24927757b57134030f3cd3a9511a669",,
17268,"15d979e1d5def586ee406e9df638ca33",,
17269,"59689100c2ef636f4523d62daeb076f0",,
17270,"ee4d976ba98f0a14a269e18666c76b2c",,
17271,"55e44b416503f6f62828733170077ac7",,
17272,"f343e866bec71fa17f0eb2574d632ff0",,
17273,"031fe9c15d28a85feedb95bc9676010b",,
17274,"55be08bd23317a3a50d9cd5e3e3556fd",,
17275,"cef24b4afb34d758aa0373329d878155",,
17276,"a6dda7fd5844b63b8488b0afdd5eceae",,
17277,"c75b2e438ea282ac6114a21de434edb6",,
17278,"b74814e70af9929b336ab06308e0f7eb","nordic",
17279,"74af5d21212e04a3a8e311da368de77a",,
17280,"7a40161366c1d5d719e4364652dde421",,
17281,"1387653f1b2376984068f6f60fca1752",,
17282,"79bdc56483291d26402c9207bc85c830",,
17283,"51b29c21eb4993e59d6067e95f0f7d3c",,
17284,"0b10af1aed11299fe86b4b8b78d8a478",,
17285,"ab3aba6e2fa35f840ca9f703421e1538",,
17286,"dd0ed7bc5e8c6b1b8b6ca55b791b4279",,
17287,"08691991eb72bb71c73590c0a055b261",,
17288,"6fd61e3dcb2d76922c793817e53b4a14",,
17289,"c72db5e83df8a9b55905bda797407e8b",,
17290,"2651db801e13018cd3bf515ac495d995",,
17291,"f7787bcff8e7b0ee25dcea53d2ea74d4",,
17292,"23df878ad9df81f3c8c53de4728a6751",,
17293,"084389ee7523fd04003779ee4d4a4335",,
17294,"9be28d1317fdb8d668f1d34babfc31a3",,
17295,"d504f0969f2e145e949cf70223e0bc14",,
17296,"825fd5f638f5037f957f931dfaf92126",,
17297,"c8118f92d6a0a282f48714c019cde16a",,
17298,"cc963d053dc4c31b6d67f2f3c42c9156",,
17299,"de11313afbbe43d1629392574ac90f0d",,
17300,"592a4d828b9648882e5df0c3802c07cf",,
17301,"2a9f7765a0c9773eff8227b83346b295",,
17302,"0b2aaa1baf7812c04c1c656b1d2402b1",,
17303,"dc95a3f9d2d06ead8e6891ee5b461202",,
17304,"ab7215329d9965d47816715ce82c44d3",,
17305,"a0f1c6ee7e6e1b84569f31b6c09ddb11",,
17306,"f05bca16a2dbb3b32653c9695e49138f",,
17307,"88e86bf17f970bc8fe8bed96196e0ea6",,
17308,"ad23fbf9ca47ef34b2ff74a5e4302f7d",,
17309,"aa70588839b0e91d18b4ba1044d1ac69",,
17310,"e060a37d2e263bc70f3e0f6c8c908e5c",,
17311,"da4bf65cf667a3b941fa37853acdaa6a",,
17312,"3d0e0d3895a5013687afde2ffb07a843",,
17313,"7ef01d2e3f507c91ca79584e89edcc64",,
17314,"168918e6ca61d4cb1d77cba9df8f7a52",,
17315,"df148fcdbbc3fe37b8941d7a90db9f18",,
17316,"04e4a34a6f1be5c477a4fe0ce9cb0f9f",,
17317,"3f1f8f357bb36dbcd14817bbfcffdc71",,
17318,"4335524d30eb548fe67110defbfd3a56",,
17319,"725885ad94fedb910de0ae967a585b2a",,
17320,"31b53f93c49c7885c93bd1a35d0aeb0f",,
17321,"8f01e90b7c21b937851ce757afb413ff",,
17322,"6b2005b2d72a7b42367ba0b544371942",,
17323,"7322f990741c50d5897d4afdfcbf497a",,
17324,"b22e46afcc2b1ae62429eb036924820d",,
17325,"6389d53e272d340effa4b19eb0c0582b",,
17326,"bfad47510631a60989ebcb0bd19e170c",,
17327,"744f93b264d11e87794bd6b0870a5fcb",,
17328,"44a283527778c6238205f8281bb0ed9b",,
17329,"f1244d298719b55fb5eee6995e0b88cd",,
17330,"7534691221860bba6d3f3fd6d163f090",,
17331,"f04342e37cde2117a5b703dff13a5e52",,
17332,"5453d71e0d4475b9c0eb1de2e94bf08c",,
17333,"0fcad621bfca6b1ade9667c7a23433dc",,
17334,"034857d5f355862c9403a8f49681dc0b",,
17335,"ab3296a442f5d99e10097300af8380d5",,
17336,"368cdd19ede8b7acbda6632fb4f2b25a",,
17337,"e35d6acb240f427ff004f3498e4d0daf",,
17338,"6daf8b357ccbd2f0a989112ee5a2ae6e",,
17339,"2826e545097698c2268e0a5201437913",,
17340,"9b7412b8d0c3cb1aef8dc18d8b81531d",,
17341,"d078428c8e0f18744629f732d7a7745b",,
17342,"14961c190e9e7716503242d0afbd28b1",,
17343,"137819d0f74f4ab1c675551c708175e1",,
17344,"575dc1e188ea61aa8f9ad09f386991c8",,
17345,"666c2a1a042ed8ce69d5f49a900c2b8a",,
17346,"c29255d7a795e34bb69fda987c817123",,
17347,"f7d654a6244480d09f07c1f39e4ae51d",,
17348,"22f115987bdbb6025cf805aa37ee5467",,
17349,"67f47fc0726f00cb220930e2ad685e1f",,
17350,"8a8846d3ff2b9bef2beee21239a80f3f",,
17351,"42a14b05fdfbe1bc5bd8f12abe9a6692",,
17352,"5a382488daccb09b17830e946d70ec4b",,
17353,"5a7d891c853f4e504a269624ea04dcf5",,
17354,"04ee0bd258a406390420208a0374db90",,
17355,"68f22e2be5477abfe66183135f445570",,
17356,"4a139bd14721f04ecbf8d6791338ddf3",,
17357,"dbee4d99e7c99a07a3e8d686b55089ad",,
17358,"0f25b0c57dca7d74f926d04b177b2ec6",,
17359,"01b2cc2ba60097663c7c12406d8ba76a",,
17360,"26d33ad9f59b08505cc76eed55e24bec",,
17361,"9f0a2cd61737e8e447612e8e659ae885",,
17362,"bed0f9426e80fcdb04f63b4297b55c83",,
17363,"6e91e0b0dcb4c708d5c797a818d28087",,
17364,"ae4d739dc590687d8fbd55f050027036",,
17365,"4bc30fed682d83ce0bbeb32af6d218a3",,
17366,"9380a6cfb00feb3a2abbdd858d4915c6",,
17367,"99fc86d441049c3b5e0a2feb9c057f15",,
17368,"45c11704740916023e63a09f6a02447b","ti",
17369,"5ca85c4b46561f7f4894e409abbca8d2",,
17370,"b44302300a9aa4357f720789087dd0b6",,
17371,"d0c751cdae4656373a64a0490ceb356f",,
17372,"11920f7c30a1b1dd009928baef1021dc",,
17373,"285a9864efeea95cf517e4ae486cb625",,
17374,"e36025a51171d6b72c22d5b92dc4fa28",,
17375,"5abac254ef641756876173e438c0dbef",,
17376,"6ba2c0e6eb16f5005d1aa519ecf3922a",,
17377,"2289049727f4ce3ea0fd6ae2566bc117",,
17378,"9a88542d34c9660ebf2488080656ef45",,
17379,"d56b45fb5055d11c803720348f18ef6d",,
17380,"62b7d5f06db348cc5b52029e7d60d92a",,
17381,"d5f6b59837c9b8e0df9525889a1bd165",,
17382,"4458a94a0f118008fc753d16c398e2aa",,
17383,"4d1bbf75eefa40ed4b2e651db03a5d46",,
17384,"7be93381e34d1d4cf9b16740a7c69c78",,
17385,"1b508bae611fa8a346358bc6f0d0b2b0",,
17386,"6da2fced838e33253f6873ef807089b9",,
17387,"74f28c7b5e109f9efc0ad606f9d97dae",,
17388,"1b144273defb8b93ce78c7c1937397f3",,
17389,"fcaa24703e128d9f68bd72539a3db0fa",,
17390,"e56e4caf695f2bbd38a078090f24cd68",,
17391,"058c5299585253a8e54835945dc5e060",,
17392,"1c4a5e18098779548665bdbe11f31d19",,
17393,"e76bbb3e05501dd0260d1ea28cde77a1",,
17394,"be87e8eb49856c9aac5e3d79971e28c7",,
17395,"2c45198cbec0a227d57d659dbf2faf85",,
17396,"d60011645b02b0cc0f5273810e69e909",,
17397,"f8f246e935b7ddbc448081bc658fbbe8",,
17398,"bc238065cf30360ac92d33989912b0cf","nordic",
17399,"aba69b2c40c17bff69d6647451cb343e",,
17400,"81a19e6cbc1e8aa98b3302552ddf61c5",,
17401,"425dbc4e591c3202c8b5f2f00f5e2d78",,
17402,"a30a27c8a6f2ea15f86f764814ee3005",,
17403,"0829f71740aab1ab98b33eae21dee122",,
17404,"313f34e97c79e59cc03fdb92b8d70987",,
17405,"8b6fdfc5b3c3ee583e173e4119bdfc66",,
17406,"6a8905c6b59064d757e49277432a74f9",,
17407,"48c2ab33c6c4116ed11d2500b4f9d4f0",,
17408,"0675c44efce6c532185700ff994b0070",,
17409,"01f240f4ec8476d247040301697773ea",,
17410,"ed26beac2e568556dabf22a75d05c59b",,
17411,"8efa95d6c9aaf7d5cb9cd7b3b0319d69",,
17412,"141198d460b8deb77d54aecd35619c13",,
17413,"e28608c3dc057ad5739797a3f931d93e",,
17414,"23bd2d8d7e3f4624a856a42facc5d8f7",,
17415,"f662ed1398d17be650877d4b11bf35ff",,
17416,"76664b6bd13a39048be141833c6290ef",,
17417,"909a2b363746ecc94eb179c6586a7422",,
17418,"b6f54efc4675040f7b7e99398905646e",,
17419,"a7a26192cda1fe63350c58027341bbce",,
17420,"630aeca1a1da9598a569f971ca603d8a",,
17421,"0801d67d87524ac951bd875dd3f4b23f",,
17422,"23fe41b2455c808ea68600a12bd8ae1d",,
17423,"b790898a280cbe880aca02abc601e918",,
17424,"fdfcdfade34a5ecd895f1c7a093f05ef",,
17425,"6c8df9a33865866a1d3dd0b5801f4ae1",,
17426,"9c241044a3c58296e82d76d52b698a85",,
17427,"0ca175f10a3de7f266d2481b080f57e5",,
17428,"f1390700591d264e2be42254edf76d35",,
17429,"bbe836416772d2ee3b545d0706ff88f4",,
17430,"3bb8c2c79aba11110e29218c30bfde0d",,
17431,"0ba17ce97018e122635d50f84e1be9cf",,
17432,"963a5d0e3ba61890b90d32a9de63a518",,
17433,"f44654c558fa2f0ba0e2cff4151f3d1f",,
17434,"f8c7e1f2e569bd5a491919e4bfb32a44",,
17435,"64dc5fd0ba690d63a59173043e7cba3a","nordic",
17436,"e5ffa1cb080a2bed28755fb5967c1aa1",,
17486,"117111f8eb49bed8f11e16071c0a9fe7",,
17437,"6575246cde5a35febb545ce5fc4b9dcb",,
17438,"b8c60eb98a8cc9ad1a0c6e342b9dcd72",,
17439,"bef34ba6e1ad93370cc3ad9998e29f8a",,
17440,"e5dc41f7e0e0a60274847ef12bb7d351",,
17441,"9528cf883ebfeec23052323954a91045",,
17442,"fc240556aa7a5a8d082526daf2fcf0e6",,
17443,"133ba4e5b8115e04c3272892cc943e74",,
17444,"9a77256ff7f8a1f7a911c9cdb0e5eaca",,
17445,"10f9a45181341e3491c99bfdeb05fc75",,
17446,"1a805a625f67475fc3975a04c93aeaf0",,
17447,"c4982635e451c90c0203e7fb3e02000b",,
17448,"a44003f242e1902322f90a33f43de1ee",,
17449,"8344bce0f7a83c5eb30343669e569686",,
17450,"05a604105488c09f64bc19352ef0b005",,
17451,"51aa8f6a2d2af70faa6fd44993afdeb8",,
17452,"eedcec9abc49629238aa90ccbfc983a1",,
17453,"7d0c73669fca855742bdac01f85a17a4",,
17454,"a0b76ddd4c3464d8d5dfe45b0a6e8337",,
17455,"d531acf8d05ae54921e7a103fd416927",,
17456,"565f9a7326b4abcf4417406f4916a038",,
17457,"234100e3b69aa637e1aa43d71b41164c",,
17458,"8416bf4d11254a349f5ec7d4d02e2b4b",,
17459,"c08eb2d4517a2dbbfffd64b2e18b0a37",,
17460,"53fbf1d4d895e3143cf3a0cd3f9e0cf6",,
17461,"3113a8741aeb561e8656775fc1c1f470",,
17462,"8ca014619936b0464667f99574ae64ac",,
17463,"28121514824762a08f32596729f7c842",,
17464,"17615fdadc474759a07807c3a78340f3",,
17465,"086a222a45ecb754cc51bf9767c1da1a",,
17466,"42d6df4684eb60d6347b7dfc85b50ca1",,
17467,"3565521cff52df808869f1432552febb",,
17468,"2d2e4ac4c1406660553743f3ad5c4361",,
17469,"02050c5e0eb563e149c42c60a1919ab2",,
17470,"4df4860aaf6d5b47cef0b4abed9f8b61",,
17471,"d99d5f06d3ceb93e300f3728d98b06b7",,
17472,"b88fd64c63b3f5620d7d0a0a12e7d20e",,
17473,"80cf09d0e9889916c0c92ae13db6ab81",,
17474,"62e775bb5f60e2f12baf838f4b39e7a8",,
17475,"254ab4448af5333675aeb84054bd18e8",,
17476,"aba8eaa6e3e13a4ff28bc2fcedbc0cb3",,
17477,"914ad42677e4ffab1146a5d7f7ef26cd",,
17478,"91dd4501379ac68ea143e19d554772a2",,
17479,"824497a1487168c326d06f36c9344340",,
17480,"46329e6ea408985d1620be98f256e2b7",,
17481,"0f9ec899f879775212a21e3b7d4d0005",,
17482,"737076ab61cafd33cd86c8d437d2d9ac",,
17483,"513d0709dbfa5947f41bf9467fe897c1",,
17484,"9114bedb87fe1b99899e61ddd1006303",,
17485,"36f1fffeb1c5772af5cd2ae8ad65a9e9",,
17487,"ee7a8212d3fca7849b22ffc25c746832",,
17488,"18d6aaef219e08a5f557e37415a05931",,
17489,"77d8bcdfe46f39c5425a7df3dde74e81",,
17490,"3a18630bb2b614dba18084020de3415b",,
17491,"7f073ae59059365eeb58d381c62502f3",,
17492,"7db01446279321b3d4434e68bec378d6",,
17493,"e26b7aa44034733c9a0685ebb85e09e0",,
17494,"c7adf272b9a1b93580e5cd5618597a16",,
17495,"16f7e187406b6ce72089cc88c333e161",,
17496,"145ab6ec5aa5af863792d16e910776b3",,
17497,"e9331794b52a0abda5f51e13c7d02f5b",,
17498,"0dd75420b2db796a5428eca40e34e8d5",,
17499,"9791d23e793834d471031eb883e90669",,
17500,"779782bdc46b30001c4219ea15c0fb68",,
17501,"a26600b1660ae98a9236c103d9743c5f",,
17502,"7d8987c783ab4b22ade595e632deebe4",,
17503,"74ac04b7aa5e8d988e4813f6d9a20094",,
17504,"2be9d4da43aba729bfa3417829e011df",,
17505,"8771a45882157f511ccdb92f12ad5f84",,
17506,"5881c27f9b6b8930502e4aa1ce3eeda5",,
17507,"c9613517c8508b5271100207b4f3c9a2",,
17508,"fbed83117a423efd068a04cfc2427549",,
17509,"6e33ee301a52fd38866049f29e5aa78a",,
17510,"33c94a6e1a1f2582d162df6ad7b7f9b0",,
17511,"c825c600dba81a29a4533c9a2e99317a",,
17512,"c5ac3af3500abe180b7771dc4296d5ce",,
17513,"0984783a34460faa6379b424347cfcb6",,
17514,"63c88e08beb797ee76002f06d6f46d3a",,
17515,"f692c6720253185f0e103a2eec03cc7c",,
17516,"2f837782682f2769953d927211edd38a",,
17517,"f3f0eeeb7fcd46eab116d1ceb7fae9a7",,
17518,"14687679a3fc724199666e3c42f19e15",,
17519,"4aad95e6411403b1189f6d1286daaed2",,
17520,"84a3a16925f218bcf5b1027963c8588a",,
17521,"60ec073c1951748499963bc77cb49a2d",,
17522,"013e214c4973b5815dda1baa942fe61f",,
17523,"e4e5c3f52262e2de16b72dcdb34dc5fe",,
17524,"441821cbde3edf853f7e97451375c4ed",,
17525,"334aa0ceb159b64c2a67ff3f6d8bf577",,
17526,"e1edee7b2ec0ffd6d4cb365b5efd6677",,
17527,"fa26a1cbf4b80e08330891d2c6103bf7",,
17528,"bf2a176c4d2ce9e53002abc2e40686f1",,
17529,"feedee97d72c501c99ac31c12dab5cf8",,
17530,"06fa64f1b287f376ed9016dcd543de89",,
17531,"d20b246afc93fa9af9db0cab4b3dff67",,
17532,"4c9d194b6bfd4b372059001e4d24bdc1",,
17533,"592c86ed79b774d545e74889e0f76c2a",,
17534,"647171c32b9edc170a1a2ba6f7a0c1a6",,
17535,"beb540fedaeaab332ead20e3353bcb46",,
17536,"09e4e417c0972f904a1ef1445cbf0465",,
17537,"3e6a75f0bd44f4f8b216c44312d55f03",,
17538,"1be3effb208445ed8d9bb8bea0322ead",,
17539,"a2dae1d79a4499d2f8d7f376f9bae7d9",,
17540,"5fb8832f6e27fb4c993b7ce20d1f7d90",,
17541,"07fbbf7ff141a281eeee35f490d66ce8",,
17542,"75c288bfb30873f2a91f2604b1220b64",,
17543,"b684cd389f8284afb1568de0b92d73b8",,
17544,"1646255c885f9b20b32cc23d22d9e223",,
17545,"1d1640783a175aba09dc17d3ff9d8e1a",,
17546,"a7a83aeea0b0048b64f1504736b0e4f1",,
17547,"129d8f135bd40a634b13abef822675ce",,
17548,"99e82a06066d9ec986e37c34094dedc4",,
17549,"39ef0c907374926350d187d6e1250a46",,
17550,"1a2083d2f719a3d9175315c89486dc39",,
17551,"ff6362b49bf5904a42be0bb371ca3c04",,
17552,"6763a5b217adff98a1b41b6f29d953d3",,
17553,"9f5fe2be017ed0e49e1324f7339f4370",,
17554,"8b7e43af8168fc4bd38b74e6d396ec3e",,
17555,"81e5de7a34369ce0353d3774f54cc34e",,
17556,"362360eac921f62208da0537404ebb8c",,
17557,"3cebec9eebb2f9baea3fbe0e4a8813be",,
17558,"7f0885cb1b606529e1b5f3ee163cbe6f",,
17559,"76320066273ac765043b8fc2fc7113fa",,
17560,"11deadd7a07261b950930d100a80d5db",,
17561,"3fc0b4c50e04c13a6f3fa89c3f526337",,
17562,"6568881264a8a360a49ca8b918b6fb4c",,
17563,"75f9db130c196d3537a018fc6b74713a",,
17564,"e3fea8e5f462d645a0f6082e946038f1",,
17565,"ecc427e345439eefc5e786e054f25d56",,
17566,"3fc6ce12c1e2428d9d66d2181fef1095",,
17567,"e1a52f91d85d9c2958b36d22872f060e",,
17568,"6cc91bb6de9c5e8b4dcef65ed9ecdc41",,
17569,"64c40e9ae0d65c01563bdc012d38461a",,
17570,"5b2379b7d09b35961bf68f57072e36b9",,
17571,"051ccb0b8e9360b254dcb05a8d58b4ec",,
17572,"a9fa973c06f082e55a1a9854eb193581",,
17573,"fd054cb082985c9dcfe955d0d252b2cc",,
17574,"d5a64bb02dd0154348a0014917cd5a6b",,
17575,"973801d6e356907d8ff9c64d1149d6ad",,
17576,"ef79d5e47f1a900a7a6273780b60bb35",,
17577,"43e947c53a68b136cfcdfec371846478",,
17578,"79133ba658eeb4ada3f70f6173c1588c",,
17579,"0fb4aea2f54b3001f1ed307de17fe8ac",,
17580,"1a3e60aa7bdbab1c05cece5ea7136cd0",,
17581,"17d341ac6b6701250cd4ea39c9a3b4ed",,
17582,"69dea5b395cf523a00e53a9bc797aa02",,
17583,"a9dd14740c0476eb633f7510baa0672e",,
17584,"828a49d169de29c926add8855e53885e",,
17585,"8c7c61154803f9921081216aef8ab163",,
17586,"d8d623ae5934109ccfe8c041a1cf88ae",,
17587,"6c26134008ebdaba60e008283f41fe0b",,
17588,"2290b2738571c4f2ee4fa3f640e3dbcc",,
17589,"65fa144f20aeddb827cbf1c4e8ea1807",,
17590,"eafb0d4d92a7e3f43997529598bbf885",,
17591,"663de5c18c7dcac19d2572614737909b",,
17592,"bf024058ff7ab396ea56bef15011c182",,
17593,"e3be22621ce285c950bcc949bbeb7add",,
17594,"f64ecc2553d40b36313f52709312f964",,
17595,"df9b847dd700e203b3309df4a7c180b7",,
17596,"a3cc5b40ae60436a92afc8b5b879bd97",,
17597,"cf8aa0784c53a8b21bd4507e2b28ba07",,
17598,"a11d600e5804a4db23d41063885830d5",,
17599,"74da7a7be08b7fe083a5dfaa2e36cc23",,
17600,"a6397adef1b56f0a5bf5736735e54dca",,
17601,"b645fed41e62b72d5e947e25fba5614f",,
17602,"5486ba819ec29e743505746269437230",,
17603,"1bb746abc4f686ed0a47526703510fcf",,
17604,"de3c3b1b189bc58988159949fd1a57c3",,
17605,"2eb7f0635c7c150da2b2d83855e6a8c1",,
17606,"c65e66f93c5be80e4620f211606fc603",,
17607,"8f03a3a9a2f1f542f7c1717c0b242099",,
17608,"25a36de6b25740902def9c9343f69595",,
17609,"a711d17a61a32db9fff1a489f09ed5e5",,
17610,"21846665f5d19265bea7be3bd6cf1f33",,
17611,"9e0090b45e4e820eff3d67682d8f59c7",,
17612,"874ffdf15c35d1c0eb60d9b70f0254bc",,
17613,"ebf531270f1a44c01f4710bdef7dbedc",,
17614,"5b6c1b43fbacd2ba9586bae6a852e996",,
17615,"55fcc44fd8229989ea717dbc2f32b0eb",,
17616,"66215dd76ee7e670830e7015ed1b9314",,
17617,"fb440468c52ba669d305ca10fc5aff4f",,
17618,"1b7f777269531c1611062b6056447ccb",,
17619,"b8650f76e2ce15d105bc88653a11e93a",,
17620,"51be164c1ba48753ebfb8529b3c6e0d2",,
17621,"e9172bb60e5588dc853bd577ab90a4ac",,
17622,"497f47f58ee8cfe165b4ac9d10ced5a4",,
17623,"1392a0bfbfac0625e3472e3dea129b8e",,
17624,"5cc568a1bc5469a533bb025f1a4aaecb",,
17625,"556b47de54b4e9248989d3c8fdc0a8da",,
17626,"5d711df9714e91b78aa3138f507f75ea",,
17627,"82d976ccf4a9a63fb9655553b994334b",,
17628,"8a368ca78479cc75658c233ce646e257",,
17629,"588f081b562f5c653a3db1ad8f65939a",,
17630,"f4c09e3b19ce7aebe09ce360f7ed7eba",,
17631,"4e660b038b928a6a49f83d67177f45ff",,
17632,"be144c8601f4516bacd9f25bdf3a8932",,
17633,"5a81cfa4cf85a64b1414b76762254f3d",,
17634,"0e4f4d41c98d0791a5ccfb25614bce94",,
17635,"6c0712a18a324373792c273a306bbcff",,
17636,"d5ee63828d9a17f07e5c67f8a76f2403",,
17637,"d89f7f02d09095275927a2802fb65ce1",,
17638,"8b0484929aa4fb368d4e416063451a30",,
17639,"e4ec7a7160764141ff1fbffb4d63dfbb",,
17640,"79fb1cdeaa8c30f56d1cf76a4b75ac53",,
17641,"a73cda8cf948a382c77dce29f89f2cd6",,
17642,"7c40ae2681a70b126e8fd8c371931fa2",,
17643,"34201dafe41ffb6c3ed1f92b3b4a6863",,
17644,"456687dbb504b936acadaaa2a32514ef",,
17645,"ae287e3e9719f558d131d371a06e536f",,
17646,"bf8bf7be798b7157d2b8ea3662207c80",,
17647,"d182a63e4866b28231f271e93d614643",,
17648,"3f194d41da749416df58b25221fbd502",,
17649,"fe3bb5301f174ecbd765f9620bbc4069",,
17650,"848e3b04185cf933759c85cb5f326719",,
17651,"7b4d50e652c85284f932eeddb704f3bc",,
17652,"346161fa5a868b48d3b5e7ca7e3f5392",,
17653,"d5b88391713cc39b871b560b2aadbdb7",,
17654,"16edb3cc9c87124e66223e77a39dcbaf",,
17655,"da1ab805ee56af2b537ca6f8423d0017",,
17656,"3e8e94039943c968fd03a2ded470aef2",,
17657,"7fa992d86295f741e8cdea76c5b6c632",,
17658,"520180ba41db205bd28a7a1f84b4c8bd",,
17659,"2ef2f5e0b5eb7980cd12477ba136bd0e",,
17660,"4f8f1ac1380896faa0d8545a83bea745",,
17661,"397ac9281ee119560d045b6c1be6c585",,
17662,"fba497b88a5636937241f8142c2c7f4c",,
17663,"0b099079e133db1145bdd5a79ecad73a",,
17664,"687070b8ac01d2c02ddda8c2f4453186",,
17665,"4b25f83cd7e912be0b7fa71ea66c3c02",,
17666,"ba58e62fcbf0342a6300397a226a6915",,
17667,"837b98be212c0e090717ee1f4ff879eb",,
17668,"aa1c4087a53311cccbe87056b91d5ab7",,
17669,"ca2c5dd4f535d950140c92b258b450d0",,
17670,"7433dc1a27d0b85becedf35fe48db05d",,
17671,"16b1270a43798313d9befe3a2ced34e8",,
17672,"5a3c355cd89c140498828e094680b42f",,
17673,"a4c64d9732632ac58a1b7a0e364c891b",,
17674,"017859549859a12e87ad278f50431a0f",,
17675,"eced67684490b46040c5812c9defccc6",,
17676,"85281f5d7698a8d00145099054be4b8d",,
17677,"b6c9e896a2c51b703584080761cd7e76",,
17678,"4b31f6c29f52232c7a1de4b672788bd1",,
17679,"ad13bf771e4639c1edf1d50191010fe8",,
17680,"1b0abe7ee85bbfd8230220a849e1dc98",,
17681,"aa7b165f162811de876dd4e1fc0d1d67",,
17682,"0a63a2e5bbef4f2d1d31f1813b816aef",,
17683,"7379d65e7ff1c6a16cd9b8e59a4f5e9f",,
17684,"c9b08de05632b4745cb157bc42332454",,
17685,"4d3ae05b613f516cf33b6d4391c78f2d",,
17686,"daf8a05753fffa8decad178a75e17699",,
17687,"74daf6d0cc3b67d2100b973df843cc09",,
17688,"68fb592b0cef739ad1df5d26e519758f",,
17689,"1ef2a9daa10ae4a88b54535a7d2395a4",,
17690,"b09cf353be055b10149e3c4939ca6c4e",,
17691,"a154849ca43b97f38acdba12de9bbebe",,
17692,"e6138a8b1e058260115aa7b6a575406e",,
17693,"473c5babc2f92931781153471f15f705",,
17694,"8fb552004246e3ce531df6021f5f2af7",,
17695,"fa0515d5ed64bf7ccfba02fcca6c50bb",,
17696,"f417cd95ab12090a67a91cbd6631aaaa",,
17697,"8ab744b33ee19970503fdd11cc4330b4",,
17698,"e855fdf3105a5f771c5e29ec6a984639",,
17699,"8d4673ec998c53ec2a1202067944fa10",,
17700,"b06c4e384b99ef00d16cd3852b53af3a",,
17701,"6f72ad02d7976e5c489e162c24678bed",,
17702,"0be1ca65ebc82ea9e68f360d7ea6c7fb",,
17703,"23cd5d4a14f71f30654377f14a7af041",,
17704,"d9a8034c53994986663b351fac4cbe84",,
17705,"22d1433f111e353f725a762c1f684374",,
17706,"b2c0858777618f9c9294aadd9c9100f9",,
17707,"7d6250ac589b216fd1ef44cf847c793e",,
17708,"53bc4d4b313b21835ac45fa0d68e3e73",,
17709,"54d7063b7f927e6dfeb4f8e4031edd37",,
17710,"61405dcd3e3459530e3136a00571772d",,
17711,"433095f80f13b3144db7adb019ea448a",,
17712,"43c9185f6aec3e23380a52b45eebf575",,
17713,"9765be7e0c56e9800844e3a33ed32d03",,
17714,"1c6ddf181f71cdee552618ce1610d835",,
17715,"a5c791f63731b3533c5bf2c5cd39f94b",,
17716,"010b5d9e336754334cca0e29d27aaf02",,
17717,"14cd31a3c70371abf03bcb19d39845a6",,
17718,"25532501d42ff90a85914270d33b9488",,
17719,"0ce9e8e3b7e7789e4ba642dbc3ce5702",,
17720,"75cb927bd710b36e389af39c6c2fd41e",,
17721,"71db8fa5998c4886f2e8bafbe5e760a0",,
17722,"c2a14d8f602bd5731246c92c98038172",,
17723,"551f0c0df96d87991c363e54cefe61c2",,
17724,"f87b1cb48c507a14ea46a752de940e2e",,
17725,"e648516144903530296ee4ca2af96d54",,
17726,"9c29cf7b786d46aad1a2d87ef036fadb","nordic",
17727,"54af35f85bf216ef262b3f0948f29252",,
17728,"f85ab8df20e4ab7e229dddb3023ce4ab",,
17729,"a97b23ed025c5cb0b547b990d972ab14",,
17730,"bca77f76057a3e1d028f7c2369682201",,
17731,"cc2573cac275a236cbe2d81522bf9d40",,
17732,"b1ac8f759020523ebaaeff3fdf4789ed",,
17733,"f831aedc1b3f63e94309e15e2f25d65c",,
17734,"5e2ff0a89f552b684965b279d5584fa0",,
17735,"665369489d8f3557ec1acac3b19d536d",,
17736,"cd85bbabe089aa3dc0aa4c7f40a3c318",,
17737,"ee3ae4ef35981381e261c57ba366df5b",,
17738,"735d00fcdcb5dc46240df8dd69e0f620",,
17739,"69281bd3db08b6c3f292de87fed5137a","telink",
17740,"2b77c6cf16257f2a57a6e59a0d846d8f",,
17741,"4ee2c16ff97a679c2c4e6c896c70b994",,
17742,"a349eb68f91068efe4a11f6279974130",,
17743,"dfef6a20e699eef6806144add3fbf137",,
17744,"6c374a7afe7d501f1a30585dd60252f1",,
17745,"88684f94f1fad37464b307639ab36dc8",,
17746,"d6a19ac5ab289b7bd55e1a70e3032876",,
17747,"d17cb4eea69f1b16990ebb4180e9d382",,
17748,"ef1e070e3d406283d89df8b985eb256e",,
17749,"f55ab88736dd5c4e1b6380ec674e87fc",,
17750,"de020a48b97ad8c44ded0e43a68e750b",,
17751,"f30b9cc8273eb7e292ee46874b58c908",,
17752,"4248b544834a1f463592f9032f740d46",,
17753,"e43e4fca17b7cdf0c3db85ac02cc3c01",,
17754,"e55366ffe2cae2a7cacf4b2bac26f88d",,
17755,"eac25b10360af51a86ce61e7610cc868",,
17756,"a58efbcf92b480e40666628117e50f91",,
17757,"5edf0e1c5e9f77225d93ca96bd0abcc1",,
17758,"0acf1446957c85c96680ae47c7ff99b6",,
17759,"892dbb297a1a2a25e7b4f5dbcedb30ce",,
17760,"3782e3223517601365b4ee8a2021c502",,
17761,"a1e5e791a3c866a85fd794c86b8e5eb3",,
17762,"bffeb0b03b8b1a1ef3171734c63ec4e7",,
17763,"984e05af120b2e080e4bd5ac65dcf4f9",,
17764,"8d8234ce7ef20f9a32c20be92a143b78",,
17765,"af6c8c1a7515ce857b377a7dd56e9301","nordic",
17766,"c1143979f7ffb05e6466aaef8a060154",,
17767,"ccd723e8be307269c8bc9168a5e6b3b0",,
17768,"3bdd913bf67b3cda0a1345de574c7c86",,
17769,"df6eaae30446a0adbbcdc6ac6cf5153f",,
17770,"1a7c31f00966ce46759688d5a20176e6",,
17771,"f40df6441b5f823f9208f62adfb3a63d",,
17772,"797b5e1a3e59cb48bb6b22598e54671b",,
17773,"ef950fc36334ddee5220fdb0dfded341",,
17774,"676264178ab5ec4ac3279744344c8c48",,
17775,"8c8668df7c1a8102dee76a249e260bab",,
17776,"b25c5f2e0c61ae218d59583a4e4c4179",,
17777,"da8b85069e1e5ba27bfe8d86991d0dc0",,
17778,"b94664d116363833ce79f17c90666b90",,
17779,"9f944433ce9900d2e020679ac8f858e2",,
17780,"0c855dfcedafa5e75ea17e85cc754fb7",,
17781,"6fc70a4ea85b9ce0fb550fe75d8608d4",,
17782,"c9f9dddbacbad5288cdd93f76fc2cc37",,
17783,"a112d233f882f8dd1b186deba0328c19",,
17784,"1327db5231c52b2bcbdc55825858bb19",,
17785,"a7ff12276cf146ff581305c4af7d54e0",,
17786,"19515e7e6336c488fb169492d012bee6",,
17787,"26aecf1d810c9018fb79e21965a4491b",,
17788,"2a521587a81fc9d02ddca2d6f3f10235",,
17789,"4c7aed0f0db5bde9838c00344c2c58d4",,
17790,"d65c0dfc4c2f60ccad8614edbb39ed2b",,
17791,"ea05d6f56b9956bb2caa727bf2ca289a",,
17792,"ab23a8a2cdf3bfa05eb9cf42b6d530bc",,
17793,"2414f2c09288d240e48422b7dd5a599a",,
17794,"9ac627073ba24c6c189f85f1963eb339",,
17795,"219058c1b09c4db6cea923b616ced7ad",,
17796,"c9ce1f214bd79134a960ec3bad794cf2",,
17797,"b5d7d16c9a6a463590b4f5e80b2a66e6",,
17798,"088d257791be9f265040a7b8ad9ac96c",,
17799,"2a884ac12a83086ba0e09be679571f6c",,
17800,"94d398d611d4a78cbfb23e5c2628a8d3",,
17801,"4cfe239c707d7cb55606cea07c7e188f",,
17802,"ba946253cfc59e431b33908247fec343",,
17803,"5165cd742dc06e49ba666ecf1b36d3d2",,
17804,"ac211c7f0929b878284c511a3b233ace",,
17805,"95fe5b30ae134ca630c3c357ff2023fc",,
17806,"de5d04bb2c582e5447b15f970e21c31a",,
17807,"63458477865b3024bab4b6f29a9db2f7",,
17808,"db218b195114757f0f0a07306c1460b6",,
17809,"41e3b20b248c11f76ad4a498e83a2c61",,
17810,"fba3194dcbc5b7fd1c1c7b640d3043e2",,
17811,"c75d534380a82b30ce38de5f442dc836",,
17812,"2f3ef1cf890a80a082a06a6cf673cde1",,
17813,"6f36234c54f92e06d837a5075d3d14f7",,
17814,"e9cc79c956d205f93704e2b4d1c31448",,
17815,"13f12393280d7554664b00e1523583e1",,
17816,"53d5810a8afecc539b9c5c711100a8f3",,
17817,"53a58b34b17c33cad2b91c63a1c5fa51",,
17818,"f3e4ff99692b677eb5a595a5b69e0745",,
17819,"1173732aea7e9d22ecc9a1bda8b9b56b",,
17820,"096cfb412ad0a680cab654984e327407",,
17821,"abc3b82798c87ac3cffe055bcf7b2169",,
17822,"303c7f0441cb38d3b93a23d21d3a7408",,
17823,"fb6c388efcbbe12f4142409dbb421158",,
17824,"049b01ef433eb35bea7f5c34361d1e9a",,
17825,"621e91c5aa33c3922ba60817547ae1b9",,
17826,"8d7f17f397e4da0130d626cdb8a2cdfa",,
17827,"3361a47fc3cf6f135534450d8ebf4ce1",,
17828,"dcfb0efd0c252749bb8551b5962cc000",,
17829,"0279d6cc36f0cd8783dc7a566ba23c54",,
17830,"e4bf0a2239da0807b38c4073e7915e6e",,
17831,"258b4497ffc1a7244972db03585c4021",,
17832,"cd9fd06df3080a169b9744095e983687",,
17833,"7344444bff5257718bd9e56d961e899c",,
17834,"dc17d8e4d85e4b31d8306297fb9fff3e",,
17835,"f13e44caa12b45c5e49e47ef24547362",,
17836,"3ec20d8177326e406ae763ea4e91245d",,
17837,"5c9cd448a57a82a5e143a1f11f0bf761",,
17838,"e0e57986206ef22a3c666c77fdc56781",,
17839,"dc6dc55cfa9e8a77eb640f6e3a33df86",,
17840,"4d9059a6bddc48fa4baaec683411b47c",,
17841,"20949504365217b68cf2b40ffae4512a",,
17842,"e762cccf2cd3fd6d472d42172345f1e2",,
17843,"751b8d9106386f8958b1b558d8f8f3d1",,
17844,"1a5767ff2d7e3d0d8ffc36cc19b5bfc2",,
17845,"8434a5c2ff38d4de30ae34fc8f4d3058",,
17846,"9beacdb75b46f1968a85e0b72ae572d2",,
17847,"b903517f28a9afb077595f8272dbc1af",,
17848,"c44b34d1d14f25794e039c4dc471dfb1",,
17849,"cc588ef8c9d6739b899c0ae3335586a5",,
17850,"87fb1fb1bda43c75525007d859e6639a",,
17851,"d6018b0c0e1f48d383aedb950d71539d",,
17852,"4abd7d0bd512a6f4ba8d1952c22f6071",,
17853,"f294670cd7b51457d252171036d9a632",,
17854,"355163812d7a2e034d228c44d6f99730",,
17855,"cb3349dad8df750bcc41290f3fd803d3",,
17856,"9a2883aceb5d72ff4ac7efa7b89b3ae1",,
17857,"0794fcd8e46254e83e36dfc52e76550f",,
17858,"e241891860f2b79da7d32786a2e6f7a5",,
17859,"2866fbe49a753b230542675700adfe83",,
17860,"f4e4265d3df257df294e5434091b0fea",,
17861,"ead2c04cd506f463104a6a0afda73cb3",,
17862,"4eb9d0ec2cda4dc312418824074f1df8",,
17863,"8e19a1d82288191cd0eddb552048db2b",,
17864,"ba7b8e6ea9830f26bb6fdd3d96657b0b",,
17865,"27271dad6dddefe27a1f95451a656a84",,
17866,"6da9add1809c6f48155b1ce1b1fecf24","nordic",
17867,"13feba435c0bff1722b823ed4270df60",,
17868,"e78732a5c7a6073fffe3da1919fe10d8",,
17869,"3b2d0fb12b1fa65386b89c034dbace70",,
17870,"7a4a5e9c05a47be635e8e143d5633d67",,
17871,"98590ccf358e670ffdcb76b8268e7e9b",,
17872,"49085e39251503384bd265a0953bbc39",,
17873,"59706aabedea6288001b51c6e113adb6",,
17874,"fd2661a75b7b0bb750b63b4377a29e49","nordic",
17875,"438e6b8d459373f340f8be6edf11e5c5",,
17876,"d80cad2ba7dbe1221f3ef737a8975cd3",,
17877,"785065e10c3a5664e18035f389badc7c",,
17878,"b3b27fbea2899d252fc4e4c7980cf99e",,
17879,"a3cdb00c57801cf4f21b19fcc2302048",,
17880,"3f9d464a0e575c604dd0633a71f08937",,
17881,"5f61c1edcd99fd2cf4da66573ec4bdff",,
17882,"ddcce855ee3d500df95c337d345be2ed","nordic",
17883,"f46f044cff19db482808bac505352d9d",,
17884,"8062f46460807bdb810c5f964d434f56",,
17885,"2d6077cf7d83fdeb3132e3b56479cfb6","nordic",
17886,"07554024f59a716018576bc240d0aa06",,
17887,"26120449f46c35c51fc0806eee50dc70",,
17888,"facbab3e3cc46bcfe92541eab05b9735",,
17889,"21bd11ee6125f237c194df4aec39f06d",,
17890,"86198e44c6c00bc5f086e3dac746ef6b",,
17891,"1291151894881be65fc04b285665aa55",,
17892,"b97dfb731ebdabcce51f2ad99ba9cf79",,
17893,"38b9f41ad9b916ea9c899030f12b6f69",,
17894,"37c9132a15f71a426c80fe84cdb2a4f9",,
17895,"8d5e165c0b4a07c4134c51c2715ac20f",,
17896,"00c5a0b8bb00f5570d74099d6632a5ff",,
17897,"a617875ab8febd0424d458bd53d125e5",,
17898,"244ff393d180c3a03cbb8fa2f75e5d7f",,
17899,"24265cf6800ddd89ea7637735e8372d1",,
17900,"24bb235c019b5ccd5552a04d2e06f32c",,
17901,"740deaea932627ed87419ecd15ace4c6",,
17902,"b119a7af8c6c1c25c81695374553b860",,
17903,"c9c21f40c34604c0cd1ef6668678d7e5",,
17904,"efa361da565534af464d54fff901985e",,
17905,"36848c6691a1babc8d1e11f93189a05e",,
17906,"017e96f01e1e5e0f342afe0ec9dd349e",,
17907,"2e670081a3e8439ffb1823a124e81eb8",,
17908,"43dfb7cc96a73324bd1fd3fa140ade94",,
17909,"333b63714c2faf83abd7218ac56e33b9",,
17910,"e616c97f05af19ba6cfb75773f45903e",,
17911,"d6146f00caa18e923c2f0c8460dacaae",,
17912,"a2014a04e4176741bdc4fd2ff5deeb78",,
17913,"fd9a09d8129e8401e30cf18996aa51ae",,
17914,"b3f4ade03ce334aaf017d4633cb9f3be",,
17915,"355b45f704573f106acbc7303e9040ab",,
17916,"bed899593262a33f5f19629a46c2556f",,
17917,"98e6432d2d7bd6eb4a873538f9021b16",,
17918,"318af3c0e711068091d1a8726ac3c974",,
17919,"9b7951152aedc5025e546ac9c3ca185e",,
17920,"e5a3a6b090214096bff5a65eb4876f61",,
17921,"6e724fa3f99242d754745419524a3e7f",,
17922,"508888e09503ccc8cae6f0a04f610b8c",,
17923,"10a0034897f3f9c7c8f689814e5bcd4a",,
17924,"f1e8946f8b04de0aca63a4b9300b9852",,
17925,"563a5fc4de71ac98e5407a093b1ac0a0",,
17926,"c452af999dd1200c1d41562e94bce755",,
17927,"42effe51aa344068daa8e32d2e50415b",,
17928,"39052badd8b9dd983949a28e902d2b3b",,
17929,"b3efb8b1a4e5aa39d5e96b0648fa35f0",,
17930,"7673fa6fff9869e245c73969fe9f8135",,
17931,"4b35adcbc9b190c77dda0d4e2959c10f",,
17932,"2de70f915e67e4eccef2122a027a53d9",,
17933,"d962f26c28f6e0f83d0ecaaf4ebfee90",,
17934,"738a83a673dd45fa5852b5cc9519ee94",,
17935,"090505161f1ebd47685d4a9cc99c227f",,
17936,"d227b4b37e9ff9bcae404478244f1e52",,
17937,"866be2ce5928658da49f547ef42828d9",,
17938,"38d031bc9cf375a2ba8aeaf08ef46e25",,
17939,"48bae4061b2de7736a374b0bb512e8fa",,
17940,"50f1dc8444e199feed55d0c2bbf228d3",,
17941,"ec34f4d15c79991898e736834e498240",,
17942,"41acb66a2c443d8ad8e177da8708ecaa",,
17943,"0a32cf129cfcada8bc60c885619c1bfb",,
17944,"c61a775c1fd99ec8d6715971bafcd5e2",,
17945,"a93d6d9322591b1add6245fd255ba8ec",,
17946,"e9b784554d35db8be0589b96be2702fa",,
17947,"e66f08b49eb0c8b79b175298b1be328a",,
17948,"687f7c6944f8df64490cccf4e4151117",,
17949,"5d4c5883eb50b6e337a43fad2b2cbbe4","nordic",
17950,"80e52642528f836cec7a9f951da44ea1",,
17951,"9259d560247601640166a2bd1c6a98bb",,
17952,"aba94234f50795df72d5c3ea757609a3",,
17953,"9c78e689efcae1413560a5633f031bd7",,
17954,"fd0e28c769f5fb5d89f9033b83ce88d3",,
17955,"db59785794a4400aa7e0feed01095d8c",,
17956,"639269e1d85a0bc532f3dfdd0e08fcef",,
17957,"bf9bfd9d3d78328bbfce9c04bddb6eeb",,
17958,"8fe51865ec824a7cdbffc96c19d608bf",,
17959,"9455daa9a2c94830279cdafd0e9a1255",,
17960,"44be12c108f0bbf798703937ef036e0e",,
17961,"6c70fadc22a6636d642f9b468963091c",,
17962,"cb19664e43fa5a9cd458fb28ec737db7",,
17963,"44071b9af586e63e80e8fbc9ffb34341",,
17964,"45bf65020856ab039d863b2223219be2",,
17965,"fd6f55b4ad8e9d2e81b5b68cce3f43de",,
17966,"dba1474c97c1c466a7367439e281d40a",,
17967,"2b6d653b16dae8cc790a768d8ca0def1",,
17968,"18877a6e08a84de47c5bca4a60b550e7",,
17969,"c29c3db498b47df4aa6c21457d53c927",,
17970,"f592d11048ef9513624ab5ddf5dbceae",,
17971,"47383221d812060d23f83180c50d6517",,
17972,"7c3f15732ca519a2e070d16f20bc8b05",,
17973,"fb4f41a5dda6c6441c04642377e09ca9",,
17974,"df3a747ddafbda74a4dec6a23ac44fc3",,
17975,"b388d46e7717a7cb02483e38695a841a",,
17976,"2bdfa76f2be8c78cc3d9bdb8cdd2fb81",,
17977,"19d2afbb947c6427e22501738ac50e50",,
17978,"6a3921c2bf8c78012b09b296ea185807",,
17979,"535c04a8cb58fee014a9e8abfd410797",,
17980,"64b625561eee53552e5f65688198dbd5",,
17981,"6d13f9e90b8466a88edbb6fd710423d2",,
17982,"fe34010779c57802ca477dc94979ca72",,
17983,"1f741cc87e96760fcaa3897ea4848c03",,
17984,"9e0b3af042c68063f2705697ae728261",,
17985,"781414c2e61794476458bb6ebe1b951e",,
17986,"2a152789aa2f1965c0bfaba34cc61c03",,
17987,"d8b6822b99cf7d35f13272a731d8569b",,
17988,"79bf05c7e9a7312e8bb7146fa1f9a27e",,
17989,"db1e6604f7ebfdfa768831a894e60180",,
17990,"5109ee3e446e84b432ce13a1997d924c",,
17991,"659a9563680ed6853717c7d257850fba",,
17992,"387b94d9b078d49221e150a6fdd2508b",,
17993,"7ee99ebc0914ffb9467ba68825f28c34",,
17994,"3bcca168fde0028d196df748da4bbf9a",,
17995,"cd2268cfcda822a3d8403c013a271ec6",,
17996,"ac91edc8fdc74716139bdbe833c3c854",,
17997,"e75221bbda5a70db431af1f5de50bb86",,
17998,"b99cf1dfc1e5479ed659aec7f018e01e",,
17999,"1bfdd29ebaae41d1a388bf0613fd47c9",,
18000,"116b962ee12e5ee2fde69e598685e4c9",,
18001,"2a4969810826a2c58d9071396f133d0f",,
18002,"2fc191a05d76a559d79a506ec957428c",,
18003,"aacd97d5ba1135e4f6e10a6b262dba5b",,
18004,"8725713cd2051f1a29cf7c651889573d",,
18005,"bff51643465991a1848f2484d826d254",,
18006,"9ff8aeca5e55bc01d138762345c4b0d4",,
18007,"854eda29c7b3f9db743e67984deffb00",,
18008,"01f89efe7841771cb2fd38019b64e0a7",,
18009,"1e5294b6bb3d02e5cd2f478adec35494",,
18010,"7f5a0b9648805e24364478086d9e7af5",,
18011,"6e79f6d4676f58d2ac20b02e0ff314ca",,
18012,"99d52b81ccb7f623717a073eace364d4","nordic",
18013,"6954736d6a56151966068ff76916da0a",,
18014,"82d5100baa3b7ef9735320044363a416",,
18015,"2b92a7bb0a002246f6869a86aa969ae2",,
18016,"a5323f1bb4a6fb71d220dc1b72cc79ef",,
18017,"4595dd69efd13019886198ca6873bf01",,
18018,"f278856d9ec7ddd4ccd443b072cb5358",,
18019,"e481414f15ba8e4a40557f01c6487a9a",,
18020,"17c754545b16b5de7aebe065c93aa934",,
18021,"13cf197c23cdc5836301ec00bf95cbf1",,
18022,"7f6c40028a15a502fb476b5ce649bdd0",,
18023,"5275697a8203720a8461e337dfdf7080",,
18024,"d630a02e696a4921a059818f66b31560",,
18025,"cee9feb41d328699a39f1e23c2ba8c28",,
18026,"eaafa404455c967dea8b115f16d5ad33",,
18027,"ae5b3391a0f99392ede3063f00a5883e",,
18028,"d31f82fb3b3b69e539ebb4fc39315316",,
18029,"60bd335f1ee740758141d7c71dee2266",,
18030,"2b9e4e3a9aee1400d70b03a838d65bf0",,
18031,"6bc826347633fcbdaa53a3fa44350626",,
18032,"96d0d41c4caa884568917f0ef3006ce0",,
18033,"8bfd83607cdd88856b27c7c1ea483b1b",,
18034,"64883a77dbf01f171bcb3e453c8aadd5",,
18035,"e1c46f537cb97ed59a9ccf155798b082",,
18036,"83d9867622a71409f43acc2f2519589e",,
18037,"e02f0e132682c737fc95022f309e9059",,
18038,"29726bca29d52e070fb0d1ad938d1bac",,
18039,"da048ceec3cbc8433b30b286cad86bc1",,
18040,"6028f33c61f9244b3d2dfb406dcef256",,
18041,"ebbdc37e700d93361a4a23456c02f18c",,
18042,"4f7c69519cfef5643a08e39851d30a41",,
18043,"fa8172135a44c15177c8a26f53760231",,
18044,"c7d16807f59508c2ebfbfc4ab557a652",,
18045,"ece98767b23b3fc0c9a8d8f68e1a4546",,
18046,"d5e1437dc24358578e07999475d4cac9",,
18047,"a6cdcaabd10962b0b7b1b224829b4455",,
18048,"be330a69235b177c7d56b29b00ea12a0",,
18049,"ada546b42a1280a5617911e73f0779dc",,
18050,"b765c630fb9476cf1c9ac0ea7d5ac925",,
18051,"9649b3f51720dad091851c7569de6557",,
18052,"a47bc1223fbf1eb005a50d71ce9f875c",,
18053,"a764ebabbd8971a4e540cdd16dc1f306",,
18054,"50e3d0d43ee93bc73d93c8bdc6c8e225",,
18055,"043ffa8538c47198b69825bdd73d3a19",,
18056,"75a98700e06945cfbcd4814514a545f7",,
18057,"7fb28b8f4a11f7d867c8ddb4ebf47922",,
18058,"c5416172a557d89d87d06cea3c3a6b68",,
18059,"5e00b9324252d67e395bc8f5a2d17e3a",,
18060,"c621f4a1ec336366fcceefac94f8bc2f",,
18061,"9a9d48dbc9e2ca6b0149d09658422603",,
18062,"c73237b311dc5914e55ef14d3bdaf2b1",,
18063,"beb9fb44f181be7350afd4491a0b2738",,
18064,"aa43e1fa1cdeb89f34e3ae4eab41820e",,
18065,"9d13894707e776678b60bbed752575ba",,
18066,"0a26c1e3c51129295a403610d81cd6cf",,
18067,"8deb13b44213240e161a297263b2efbb",,
18068,"094c58a9beb119814c6f2ecb0d6da329",,
18069,"0b0d0c6962a66b5bad7cb2449d54e608",,
18070,"5999215a624f61effe85561070070d31",,
18071,"e5f6bddbc2c697b70bcd91e35e044ba6",,
18072,"aad3840c9254cfa6bdd3ec964a751392",,
18073,"660d5d7e1e1fd985261fb20b2ac283f6",,
18074,"b770469b56310822dfcf398f1daf7cb7",,
18075,"9975513a807d504b5dbe24bac4f391d3",,
18076,"268c46f122d5793af1b96f6c14a761bd",,
18077,"6d65319b8c0849e66b91f897bc5195a5",,
18078,"c849bb2b68262340b755354ea515049f",,
18079,"8576cfa88ed3ab61cc04a1ca492a5669",,
18080,"03a7da1ae7a00ac05e86f509e79a2486",,
18081,"8459c8c3f6dc9f2326a909da5e7d143f",,
18082,"95e880f87954b4576c4077a3ecaae555",,
18083,"a559ff8ed2b9b7cf789052c529d9f693",,
18084,"037a0850477c8561ab71f0fb2ebba9bc",,
18085,"20c7588ab31a5bdeb64fc65ec9e0e334",,
18086,"1f2f8c9992ce5ce99270dcdbd6c5556a",,
18087,"c7004468f50635cdf3510ac71a373b90",,
18088,"c20c70135ba4ee494eed2e8d6500fe9d",,
18089,"f570a85536145326eb9f180077d6f4cc",,
18090,"2e4af2b4b180fd860cf588fd1fc2893d",,
18091,"8012e24b187c6b1ba17fa48691c3b048",,
18092,"3842d6dc45393959c4b0b489e0b78d8f",,
18093,"cdfe4dbda2f6c3cce4db7ba12108aed2",,
18094,"6b4b2538ee3a97f5057a160e5af40d21",,
18095,"6a7a057a40cd9f43b7f7421b3cbec788",,
18096,"1b54e6d8e18c821e6c919922445e22e0",,
18097,"f65098b6908d8ae55ab0d32b83cf5a37",,
18098,"e24aff5df048c3c780aa07288fe84d89",,
18099,"da30bc21e0418a5a62f8544c4a9caadf",,
18100,"f59434df3039ddcf08171c5acda80e30",,
18101,"60c3dd2e315e35fa4db5ca2fd05eb14c",,
18102,"181416d72da539bc44625607037da3f7",,
18103,"11b9e980f61db3410d8752efc1dec16d",,
18104,"d2b7272c453a8730fb012663ca5611ce",,
18105,"fe94974c51804c8a939c2c6e02110861",,
18106,"388cd012ef80a5b82fccb8f2e4a49a28",,
18107,"9a98808b449ed5f7ddb3fb9c99acc595",,
18108,"eea05915692e3166265c530eb0c94fb0",,
18109,"572d884214277386a0030e9a43b4ecb8",,
18110,"c13bcd7c899eb2fac39daddeb6be41b1",,
18111,"3599b6065ae982c9cb99ea76ea6c7847",,
18112,"80026fad3e6ff252203f77b9cdd42370",,
18113,"ff0a2bbb062daea6d3b13191e96e84d0",,
18114,"c4f0e097218955fffcd005afb37f2ce3",,
18115,"95e0de5425bb494ee5f7d0878d974403",,
18116,"c8c8f0a0b26beb02159af39b6a0f63b6",,
18117,"1c815ae269ce204e5a6ff65502003bb8",,
18118,"0c746d8e30cd0781bc893240999190f2",,
18119,"6d70c3737aec8401816e21dde9d0baa0",,
18120,"c7ec8242dd196348cd2788ec87c20541",,
18121,"ecfd176b02a3275dfdc812c24ab44bc1",,
18122,"501d9d62e8bb8d1718b7c2012f4f169f",,
18123,"3a869cf6fdb00efec2b4b1222bbf56df",,
18124,"0e8cfe5db9e2d9b6eeafa528391c1198",,
18125,"ea1fc9e3457ed611a3850ab331e4c274",,
18126,"a7f56fc61d2c42027408ffa1d2b81c37",,
18127,"2bbd7bfab5a9af810243d1b5f589ea8d",,
18128,"45f70de865a43392ef8e34cdc816c4d1",,
18129,"d300590296eb8472082fe574786beb53",,
18130,"4a3b66263a1f79e9bedf760e504277bd",,
18131,"cdee0ed5be32be57aa9c49525ac71f5c",,
18132,"0a772ae86b9f13e34a82ed3e175fc2f8",,
18133,"39f571d435fea20ed659637f4288766c",,
18134,"45513780d05f91aaedec4d2bf1027a1c",,
18135,"47667a7bf156d1e531fde42d800e4a66",,
18136,"94f959384b71a21ecca7c936e33b3a3a",,
18137,"369cebc59c63efe367e20ad0f2731b05","nordic",
18138,"ca11d9875fefbb8de29b03da173186e2",,
18139,"a3525ea5cf34e8e30bf6ca1b23a43876",,
18140,"4fb49115d3ad72acfbf40de4dadece76",,
18141,"4dc6b7f782758dd23d9c39b8378a89cb",,
18142,"842d29ff2df40d30770d25352ff23472",,
18143,"c652230a503a029b68ddfd2dc124283b",,
18144,"276014d79292a583d8c0c0a7b3b0fd9d",,
18145,"d02cca21c4a19472f143004a2fc1b51d",,
18146,"558394007c054f994fcb542ae04bf4e3",,
18147,"ad82b2ffdf421e4ccf4ab5f9bc9e5c16",,
18148,"4d521c425098cd6633a4c3becf8f6444",,
18149,"42aa2b9ed8d551b7d1977e8f35053d4e",,
18150,"034a8ea469ccfb38f4ad84c3bfae8180",,
18151,"28c400a8fe8741556f5bac409b30782f",,
18152,"4b5aa3478fff1aadb417f638657d8234",,
18153,"2c857294fcb25286e5cd93fe8faa6432",,
18154,"3542e1f0f9b93fb263347c6431bd2e28",,
18155,"08dd2a6618ba1b53d34fd87f5d361bb7",,
18156,"e0c216d7f7369834b9b7e0280e7e9709",,
18157,"36c6c86c33897f52b26da6831d03aa14",,
18158,"15048d8f819061ef089f22a8c0b0d084",,
18159,"9ebd01008da57b53b1eefa499b39eea1",,
18160,"06af3478d9106293ba886abcee3748bc",,
18161,"80e68687364acb9eb996ca886d8f6bc5",,
18162,"9b0914bfcccd9e04903427d44d5ee59e",,
18163,"30ab5a06da105362d8b5fffbfedc2e8e",,
18164,"2ca3996adc453ea2f06e5889a9c88dcf",,
18165,"a1ad20fd3b01c9c03ca3615c9d2af626",,
18166,"cff9b7a1238e7dd22a213b5d4648c02b",,
18167,"b302728709c6ad40897584a1d42053b0",,
18168,"7691ec7f9988ef32eaa6a6cbe1d9cc26",,
18169,"16d1f224976289eb34a3c030c2ee4fc4",,
18170,"8371ef95327b8a97d0d64cde6a640704",,
18171,"5e01eafbd508c2e95cfb04b2b382d3bb",,
18172,"229ecd17913262139ec3c618864a65cc",,
18173,"94df77be2e88baf51a9b22a6c1f2d7a4",,
18174,"3a43b3a92c385a15c7a09909eb1525e2",,
18175,"3fabb268be293c3594592d2cb26e2eb0",,
18176,"bd62287d3d3697583cb2804b2af4a445",,
18177,"27fe3ca792d8a5b63c86d4ab0fb5b1e1",,
18178,"ce36a74168d09d0ec27f23fae07c72fe",,
18179,"0a209449b5f919b9ea2d3338c49e8d2a",,
18180,"fb928a4a03dcd538bff09da5cdacf019",,
18181,"7badbac3d6012104b57f1cfb751be300",,
18182,"df010fc5da24e85db77b39a3dfeec135",,
18183,"2faf6915a0bbb5d15d3bd43618f5347c",,
18184,"dc975d9f57e98538285b317fd60a35ea",,
18185,"d60185eb92b7a3891e001fa293e5383d",,
18186,"1bf62bd3cd002e328cde2e84cdecddb8",,
18187,"ea67b59607fe58c628bd5cbe9c7d031d",,
18188,"253803f059303bc64dda45086922df9d",,
18189,"a951f85f85a822c2e4553d0a5f8f4591",,
18190,"3045b8b1672ef443cfa8966ebefce717",,
18191,"4c551dc620a08293965f89c6b392a495",,
18192,"a47889ae49923b5ebe96255b9af055e0",,
18193,"944316aebe4fa2170ff2d5786600cb41",,
18194,"2ca616134320a8e338b288ecad9096db",,
18195,"160aeeebdf553e4918a0cfd1c8b69c46",,
18196,"1f8cabf6eb962e92d5e382a035cd2999",,
18197,"0993db430b44bb56f529c2fdd95fc506",,
18198,"48f1dda382194ed55ae55f0cf40a5cf4",,
18199,"c24ccc4760a3e993ceacf43eac4ed39f",,
18200,"0060ea1b056df05c340836027c7e081e",,
18201,"f0d80f2460ec4436d73266f4e3ea57ed","nordic",
18202,"d0e2059179f8e796b26c66b4816cbc90",,
18203,"4ecec41c2962d0dc4e777af4e1640d75",,
18204,"ac4e366de2d24b7b201114b93f8898c0",,
18205,"150efdeacda6161b448214cc6f03c14e",,
18206,"49efe6fcd6ac66b6cbfb8f69d6b3af09",,
18207,"b7eda6f0089e707b0d90e5fd1b2e699d",,
18208,"e855e0a4c2bd644dbde6e6e0ef23f1fa",,
18209,"f0aa15d5527e53326a8c2a648251048a",,
18210,"83491b57d3875813016257ac71b36d7e",,
18211,"19cf0c0139f553b8e7bfb3cd369fab2e",,
18212,"8bb03529f7715f5442417d564f298819",,
18213,"22a717866c7cb2d2e8aec9e6c86c8523",,
18214,"50f33a679e6efc26cfd93b2e5a78bb62",,
18215,"dba9ecb3e2d127422cda1701175d8334",,
18216,"ef04867dbd8e8e4193401abf4d80af97",,
18217,"856b0c47e9e3720ba5799d7bcc1833a9",,
18218,"6135011619b6c24d798ca043c3ceb457",,
18219,"ce24999303f480a3160d59ac8eacf969",,
18220,"2609ee9474096502661a1468e68204d0",,
18221,"5877d4e4db3faae4e51093bdda69f8b9",,
18222,"7678ec11f5aec92c38c0630aa9a92666",,
18223,"36d504d96b4bab8a58e5a16b2c62fb1d",,
18224,"c71bff25176cb4e5a568fc1d9cfcf311",,
18225,"0f1a4b0a743ef60914ab9a63bf199796",,
18226,"5a21a11d2b218324052de0bdad054b33",,
18227,"96c438b696f3eaf25fcb90091f3fc28d",,
18228,"c091e5a48cc0cd3c9ce2b5042d511ed2",,
18229,"b42528bca486a350fd7048ec31885d71",,
18230,"692a9f31655f6464b4aa905050128085",,
18231,"ec7327b2675c8e366fdc9a727ed18a98",,
18232,"356de009e4da2c33ed3428d251359cd1",,
18233,"bd37c6eeaa85a7a356ce88d0d8aa85a4",,
18234,"a07c311de27c8cf74ca7ac59fac1c4da",,
18235,"da1f1bb7a6eb176b46e74545cef0af2e",,
18236,"b49acb602d4cc2eff4fa4ca033e4961d",,
18237,"07c1be9e56a498a331dc59eb72a223ac",,
18238,"006420eafd547eab1e16140659702ea4",,
18239,"0cd97c2d118cb8f53ff8ceeb81e5ab3f",,
18240,"1899d78aac7768e7ab984c31159bf772",,
18241,"507b0074e83c23d4fad328814825f84b",,
18242,"3add60b5a21a6e70f482ad0a4cba35c4",,
18243,"f4d5abf7e6c822395d78246151440367",,
18244,"e358d934470224b4eec0de1c6f3b2074",,
18245,"30af97051db045350252104047a29c02",,
18246,"20a48657771ff2ea51825d2961114c44",,
18247,"a7e9061393836e1e0e970fd46949d042",,
18248,"217165ed86d8dc09833f94dc8c1a85aa",,
18249,"a38d936aaa806adb6e7470fb1518a1bb",,
18250,"00c9522d707c8d578bcc997d0a6b8133",,
18251,"a950dd9605a30974a829004f35adeba3",,
18252,"850ace0b14c8660b87675543e9e582a6",,
18253,"d8c0371dbe68fd2e71f9e3c6e94017cd",,
18254,"fb1dab54440e6a518c0fd3cfd06a9e37",,
18255,"b359382c1271e8ea9544f4c3cba6c10e",,
18256,"0ec81dd587f748ab929e1a938ff0efc7",,
18257,"55dcc083c7d73428c78ffaab18b24544",,
18258,"ad03fc1770a10ef87be09bfda2883506",,
18259,"1898d997120da12db35f85d2fe4586de",,
18260,"2056d3b8b5a78211a7c87556993509cd",,
18261,"68dd00d5010728c3e7109c065d727a47",,
18262,"4d4e0f007072e4f1ef0a0149f2a2c7e5",,
18263,"e7f85ab64d9d49ffa68fdf5834ee948f",,
18264,"349138908112a8e785cb672bbae3951b",,
18265,"6c7f89ca0b329f1e6ec48428573f7387",,
18266,"cf508e1f4be0c8b3f903b1c2eb45a8b6",,
18267,"f57b8eacef710e43283f8d30888fb069",,
18268,"8e6949009a6c31b19cfb2269455d4fda",,
18269,"3fc1f65cac75ad6f6cbb5de7f5538fa7",,
18270,"168ed24ba2aa89d2bf97fce1a47a7c24",,
18271,"fc3e7c923f2958926f8f82b8fcaaed01",,
18272,"0978d8390379b55f8c4b18ce6e6f1a72",,
18273,"f786eb74201c90dddc5d83611423a21f",,
18274,"e2a758b7af9fdd9c762fb13ffc3953a7",,
18275,"5f70900d36d5d2272b00ab139327ef52",,
18276,"96aaa780a4880a5d175d29ca829cd1fc",,
18277,"11abb17f5f2b6d2d5525f12c4e31c1b9",,
18278,"5a549e91a93fd17b191bec0138156c00",,
18279,"e9ec40401664965ff498f07fd667cdda",,
18280,"5e7f277ceff8dc0c4bb1f6f5146881db",,
18281,"87b756e132c42caae29c6f0d2457ebc1",,
18282,"a0d239b82864846426b64195ab663c37",,
18283,"d63ffa28d92c8ade29cef269a88ae3fa",,
18284,"e31b294fb36c6e66138ee6d522f28030",,
18285,"be79aea072cb7cb9b17496fb48c104ce",,
18286,"5871ec3b8fac23539dcebcf633de3a0a",,
18287,"ef8735f4fde43a9a9b1253a239bcb975",,
18288,"c1f710f4515968cfc1be176522fb29b4",,
18289,"992d6021209beb01f008a700d0c82df2",,
18290,"cc06605e3c0bc13fe9ab61a99fc50025",,
18291,"5eae12eea8c71a73524f492b9a0d9c8a",,
18292,"946349ed0218931284003e85fad8f439",,
18293,"09729f787e65b6b3b912038198c64f3b",,
18294,"366ac546f2e0a1d817c74f7161776b9d",,
18295,"51dc4c85e9ecc5ad2b61b032ec244043",,
18296,"3822a2cffaa1dde9bff71e0b035ce55a",,
18297,"f70e783cba6673f26e5073413ee62a34",,
18298,"c087e623249a1c0307559844f6320037",,
18299,"7f123627a2f9786fd8085f8b23ba3963",,
18300,"fa5c9a6fe9dd1339351a485bb37c407f",,
18301,"6f88a2121dd47f35346de63cde0202b2",,
18302,"1beb8698dc0200889e3e008bb86666da",,
18303,"f487110b2b2e1522ef8a394b8ad61fd8",,
18304,"f374c4f9043c785f74a6574edea6db83",,
18305,"e1d9b64361b5125b90a7ed402efadf71",,
18306,"ef36f4c922db40c487d43625d13ab78a",,
18307,"bd5e80fe2e8f7ebe9da97283e4326e96",,
18308,"ea3fc14fc5a1c4772f7f91e2bccddfd5",,
18309,"64081e36dc0c4ab4da7112b93c2c3241",,
18310,"0f8873dc4024a864741baea262a55dd5",,
18311,"eabf46e89725e36c7746cda8862d77b5",,
18312,"f116293846c7ec3e61d0b25c4b139cab",,
18313,"f3aa55818c3e10e30c3bf013f11b367c",,
18314,"cdfa934ca8b38de6ef0b3f3f943b2d40",,
18315,"afb6f9fb9a71d64392e8564ef9577e5a",,
18316,"76fbf87de44b59b07e4c45f8817c3970",,
18317,"b87e3f2bca685bbba8fc0a2f9a195672",,
18318,"6010c00e0074f155c185c5d5fcc142c3",,
18319,"814762f2d30c54553efb4d233af27d92",,
18320,"c585a411c6bd476fd18b4f656fb69330",,
18321,"cdb78c2dbfce0fa6e098cc4a6bd0efbc",,
18322,"51669267b70dee7ff762ddf5af46b2a3",,
18323,"05ac3fb7f6dd64f3d99f59d2c6ab5d66",,
18324,"e4fa5f9b84c5d925303cb3726e481e77",,
18325,"ddea60627754c75a2a2087a8ff9a0de5",,
18326,"ee1bb5f6891656d4f40d930c71e34250",,
18327,"85404e06e8d8a21eb3618dcdd67b3bd9",,
18328,"a421880e1a99b43e32060065b67bea75",,
18329,"35870859dfa138b918871813c4ed48e4",,
18330,"85681d30656b4a3c40ca42b2b68d7c9a","nordic",
18331,"be888676847007bcbb59a0f0fdcc0b3f",,
18332,"a9e9a72f16189b10eb9b0fbc7532a0db",,
18333,"c69fc5b1dee86506d2009d3e53f41781",,
18334,"d8a3a1fe3bd422ed85f279b47e96ef22",,
18335,"28eb819502d3c16c061581323b3de09b",,
18336,"c271d4bd883ae549b6227a6b26712f1e",,
18337,"f8c9aa08c558b7854982a1b7a89d8843",,
18338,"5d27188a4b3adc9d4f09bb462968da78",,
18339,"c5d2e8ee42ff4f073a21c7d6e2f29d48",,
18340,"51862d915694bcc2d2a29e539aa1191e",,
18341,"6aee742d25ffa5ea98dceb98eba1fdfd",,
18342,"f0a750f01ada8df7aff4481cfc3ee934",,
18343,"f142da8722a304f824ea3ad75aa5d0c5",,
18344,"2511b7443fbc1b1e1faf54df10323e54",,
18345,"5e2a1c163c18477e2322b3898f92fb8f",,
18346,"2bda49642e29b793f1fc68535d12aa64",,
18347,"6faead4745917ffbb3d1465676ab3834",,
18348,"f1a3d0a1c8c01823009597961a821c31",,
18349,"67fa1bf2b1ab187fc87122c8f77f00cc",,
18350,"d2075606ae2d0873a8915f2e2b36cdd7",,
18351,"05c97ad836789bd33bc01f5257b8af63",,
18352,"3b729165a485220e5e92f2dbe7c8dc4b",,
18353,"aebdc6edca723bbd871f00f8536d671b",,
18354,"67f5a7898ac06cc9f10f920ee2ae4c06",,
18355,"bc429f54c78a9b1d440aa76bff2749bf",,
18356,"fd81fb743c77686581991525a7f0b73c",,
18357,"df83c1b06216168b8371a159428795ac",,
18358,"b06baef2fcf1ac5c9795d9eb809067c1",,
18359,"85184a19efa908c926be3539fd16712e",,
18360,"7bbed97a63751cc298bd51da14f25809",,
18361,"13296687c8e75218b8b7e6f253ed31f0",,
18362,"e1e9c319a577e708639e77dc9188e0a6",,
18363,"7482d0ee050a6bc9942719df6a1e1d1a",,
18364,"3bbd610c187560d2adb1f30555eb67ac",,
18365,"19a4078797fd368a39e849c78e4b9b30",,
18366,"d3a0415385caaa215bbd27d6b7735f2f",,
18367,"e8d0e96a202ad197de6c6ca7e7ab0246",,
18368,"7909540904607c54a36689f72fcfaf37",,
18369,"4cfdb25ef878c51302923e78083be4e3",,
18370,"f673b8ed95af79d66a7e28afe849aaf0",,
18371,"c40c04023fb91b5e55def43aecfd93fc",,
18372,"959a591cebdb07778189c122ffc0fca8",,
18373,"2b7c5cb52b84fe470299f0d64eea7568",,
18374,"efc504f99c57993f8cfd8dbe68e8a754",,
18375,"8df6e6bc617479a44d61a528511a1d46",,
18376,"9722a98f0fc0c5f963bb6a4cdb16956f",,
18377,"99093c55a43811cb4cf5b32122feed93",,
18378,"cf1f67c4817405c1f5eb706d6922e46e",,
18379,"684eea13e5eac6685aac153ef541fe73",,
18380,"98051f604f6999e27a70a41ac95f7914",,
18381,"f453f19bd93f146f83a2afe045804fb3",,
18382,"342b4766eb87f5a8f07886de608a3b69",,
18383,"5f9d5aef507a5753c055bce6521ea33d",,
18384,"33f894a63b04da6650f768166010026b",,
18385,"924b46c52364c6ef3b4a7ffa2e6e3fbe",,
18386,"74b192ca191217463ee1c49155bcefcb",,
18387,"9b934bd64be84677fed6f8db7b331f57",,
18388,"b26ac0017ee5745c2def92af20686a39",,
18389,"a3890cd18c57c0919b12496cd8c9abf5",,
18390,"361e97eafdbe2dc9e2d1a3c0c3805000",,
18391,"b63a795f9de1d2ba5094479ffe4a45c5",,
18392,"4d7ae8c3e1eb02dc2a4d29e7d9993867",,
18393,"5a032aa8e1cedd5676f6fafe0170b00d",,
18394,"ecf8b1dd30f260846526848d3caa16cc",,
18395,"00b671f34e01fdd48a176612791029a3",,
18396,"2680a22a0475b7e9724a636e57f2cbaa",,
18397,"f7d21ba0ae8baa4fba6fdef5dd8bdef1",,
18398,"81cbff0dabb96f4c424e75dddc4fe53e",,
18399,"7900184229df8aa4a2a2cd28d691b2b4",,
18400,"662cdadcccbb4953841fe9e53f2f636d",,
18401,"f2bdbe129c59382f58b8c4b03804eb28",,
18402,"f67db60de764d9792ab49fb6f753afdd",,
18403,"8902973b4cd0becbed829dd4458018e6",,
18404,"a6e2f39d43d82e65f3f4a3810a5be417",,
18405,"4b50806a06598ac4ee6dc85eb33dab56",,
18406,"45fb17086be01047407506a84a9537a4",,
18407,"22a3f273078603246d063738af7af41c",,
18408,"6053b3e59ac12f984aabaa3252bcecab",,
18409,"8b123ae3183d1c8a170b77efd71e19c2",,
18410,"e7b952edffc97e3bf6b38cafc1c121a5",,
18411,"ff0349ab2352041025b5b118b8a5683e",,
18412,"615d2beec308f559b8cfeb383891f59a",,
18413,"c466c8bf21fa57527e31fa6e05580aff",,
18414,"784f7b751680a99c939f9365a9e6c54b",,
18415,"f60b39705abd7299382e1f6ce7f9973c",,
18416,"f6ba40ae5f83cbc1d3e94a4c5ccef755",,
18417,"1850c1308fbcd95e9f6a7f58ede1e35f",,
18418,"f7250e9ec699c0e7abafbc7e33a128e4",,
18419,"48d2aa7e999a7c946eed2b53d5bedc5b",,
18420,"ccae8b5b2a5f1b7a69b7bb426bf5429f",,
18421,"a743d83bb9eeb9826db38ef676737952",,
18422,"ef9ea9e2aabc63d0b5b823a8cdbbf0bc",,
18423,"10dc9603001c9342f84cd2f7980f6fa8",,
18424,"b87d8234ccc559caf1a75d134b4aab6b",,
18425,"31f0aecbde35b472924c802067d1d79a",,
18426,"6ee23f7db3c85d7193c2ecb8496ee1a6",,
18427,"dc52732bf34922f65dc4cbedc075528a",,
18428,"4276179675699ce9cd072a09992bf56b",,
18429,"a07a170391233e5f5a36124a4ba0014a",,
18430,"9d8be13be5b71888aab4edab4dc892b8",,
18431,"7cb85be20a5704593b0cdce96ea8fedd",,
18432,"da399fbfc8017629d101646100c5b495",,
18433,"34a11d36098097aff3a5a81afd5b662a",,
18434,"7c1d399347bc48c3e90d0e4a73de2f1c",,
18435,"e34714c7dec3cd5cc69e5bdc77e265cf",,
18436,"e225c1e4e3674d0b40e70e12c9601d98",,
18437,"e7f775aff1bcd63b3e8d521b350914a4",,
18438,"61d4e7322431fafa20070ee451663f8f",,
18439,"43ef6d4d3c6f53d757799ef4283f9876",,
18440,"f1de35cfd8b8764a24bffc1408b9d3b4",,
18441,"982550ef97c47d4a05392b56339fe7ba",,
18442,"bb173ade1d09658da0f508334bd28157",,
18443,"510e87e2a80aa41a4134e8097840f4f9",,
18444,"85a57f85f0ee20369e3b7df2480bfac1",,
18445,"c070d2cb7ffb60c7ced60894d2b6da47",,
18446,"e2ccd635b460ad96b36ebdd3688a0777",,
18447,"8156a2200de38d15450bc53382c794bc",,
18448,"e2a63275d62f493834a1b0ac8f4cabae",,
18449,"4dcc47c2feb3c5b0c1f2d973016c8cf6",,
18450,"f61c04adae5f2ed749ac5cbcfb35e216",,
18451,"a25fb739f38e122eabe36124cc98d9b3",,
18452,"19000dada8e2741162ccc50cc91fa7f1",,
18453,"b95921cbc2af16ac1926854ed5696771",,
18454,"5953823c0930ac29a1c71ccb364cf8b3",,
18455,"98c36ca174d159be7352697c2ae92464",,
18456,"954e6d6b207614efae039c470ae17530",,
18457,"01b7a443ee749f7503c00ae7b3b152a9",,
18458,"9d4c0e62a8a6533cd5d1480830c70334",,
18459,"cb21edd3c11b3d69b12bb4f5ad0f47a0",,
18460,"d90422f9bee8488e0e74753d8377ef12",,
18461,"a3b9a5a9e6f6ce106194abfe24eb136b",,
18462,"e0e91594eb2c21fed73ba0fd6a9c1a7f",,
18463,"a2827c29a120742b753e14d6f4ca8c54",,
18464,"2f275c284346552efabc4db9083322d8",,
18465,"95d724b589d3a4fdee2a0706708fe3d2",,
18466,"5c86ae9941f1922666ca208431d02b6d",,
18467,"47cea8c3c90eeddf3d527685c05e5567",,
18468,"6e7d966c8414ab484741d39968523aad",,
18469,"1a872d9d72fef121c061a084d29da341",,
18470,"9861a0912173ab3de0fd27102f900d8d",,
18471,"2ca09a094a415f4c447aadc684e4ba72",,
18472,"c3e66fb294715787fef70545c77128a3",,
18473,"3c976e78c006a936470c39be28db7c9b",,
18474,"ea53065de1500f09f9fea52b158c6c5c",,
18475,"6b2bb2982aa8c1eba099d0340a0091b6",,
18476,"7ddae7a13fb210cd3afd3f572956dede",,
18477,"02fcab6a22b27e93bafa72c618b6ba28",,
18478,"f81213637fd5e64a47d5c19809e535cc",,
18479,"8222a209734e6ac4f28a610dcaecda30",,
18480,"25075fe4b66a2672ec0ff3e5d589c063",,
18481,"387e647f817210ac48aafdfa79ef8dd9",,
18482,"b8b585db286b68b6788753314b2869d1",,
18483,"932af70560e85911e016d9554f6916a7",,
18484,"a50eae4553fa4cf8b5de97ec7fb7c220",,
18485,"b5ced064dd455525e7a6ccb2b2dfcf47",,
18486,"6d653af470aa8ab00302984ee1dd07fa",,
18487,"6ebab4b1a7c5acb4c1293b6366159ce7",,
18488,"59b3cba4b8462ee0371bdb7a76227f1b",,
18489,"9d09a447d39e349da3fe42e607cfcee3",,
18490,"83a902599f2a23d3beaa9e903fb9fc1c",,
18491,"84ad927499ddd21d9ba8f223a2a4d239",,
18492,"154a711b334443cc970a1d51907fcc08",,
18493,"206c37e20d6fac9b1722bb0a93eed044",,
18494,"eb0b687ac6f774aaafdf6ab092971b25",,
18495,"1f75f526a6e4a90686e28a62dd1851fb",,
18496,"37fc74da1e01a6b13aa01d86b186929e",,
18497,"acca42a78ae0c01ef785570cfe1899ab",,
18498,"a68d48a47c3789a1a32836ed265a1127",,
18499,"7bb900f75a002221ac4c6d8195a550a1",,
18500,"d17cb5ef7aeac7b785b8f9454df536ba",,
18501,"e972a1bc91cbc193496b8ec2459ff61a",,
18502,"0cbfaa454c71da28eff520ce92ce62c7",,
18503,"ef4831d8b43a4fd79bd791b46a273c04",,
18504,"34add776b9f615243db129f85926db4a",,
18505,"8c3b2b296d35f33c082cb6696ed52201",,
18506,"5464f13cdb627282e8bd628927f13a92",,
18507,"39bb5e30c20792f9438b1ddffbdd6ac0",,
18508,"fdf1f670c191d7129f4b86c4c38cd67b",,
18509,"1af229321cb9e993583fe8a6a74438fb",,
18510,"72d96370c9dbf46629789e3accb79b0c",,
18511,"29e39491df2c54f45d1cbbf0b91c801d",,
18512,"151bded8ad70df98bddacc8a5603d5f3",,
18513,"4f5d02926a850d56d6a5fad4dbe5ecee",,
18514,"03d41d6f70e19398f9528abfb8264355",,
18515,"e1e93bf79ff5c01141f314843ca7e695",,
18516,"c18895f9b7e0545afc37cbc3f3e62790",,
18517,"f75782009644b5eafbc598be3a1d3d83",,
18518,"4ab03ba7cbe5ae0854dc3c3fba58f518",,
18519,"2ef0e797f4a33eb9c95e43ce99efe9c1",,
18520,"24988c52f86b3809197e19feb147faba",,
18521,"89640a28b082efc309ac0f5c4ece8dfe",,
18522,"3740da03fc233487936676466dbab6df",,
18523,"c607da91fa1fb659825c3b017854aaed",,
18524,"d016d785e13811f1177d812cde038821",,
18525,"aebd31b2e999f0049e26f22c696ad2e0",,
18526,"35256959e37301b3b8a0033a74167e81",,
18527,"fbc2c87ab6c17d4c10970dc6fbe995fa",,
18528,"2fcd3634f7fc73929b1d58633d098c84",,
18529,"9970d64f08a0422279dd598adfb0f0ff",,
18530,"fca7ac7c5c82e64e7b1e1b44c5502ad7",,
18531,"c2652a5cd765152beeeea92f5ce25cfc",,
18532,"da497831d372681c6158db247daea78b",,
18533,"ad2a0204290e76a5183fead9a2ec330a",,
18534,"80edde269e4ea53394501526ce1fb548",,
18535,"a82d9f4cd21b99290c3c8df8d7a24bea",,
18536,"e050d4f9d203509d38cf29a6cfee5fd5",,
18537,"a2a28ccdcb2b3b423f7a04ef6e0ef7e4",,
18538,"4b9eb84a75cabc5290c7891808816a71",,
18539,"77719f052eba0c4a8f5167ca116fc455",,
18540,"299dc835749ae9d89b99ef6af1708ac5",,
18541,"b34531bc4221c3ac5479a52f8823abec",,
18542,"4301d0d4bb1f3418f206fe14c1446156",,
18543,"9cc06994e86e20f2972fc1c0a45ad369",,
18544,"52902f306060b157defbb2745b4f85a3",,
18545,"bf030e0dae9f54317fd3fa17aacb5c23",,
18546,"6172ce1776ec8013325d42e0d7fbd516",,
18547,"bca6c9ac737a4df56aded9e816e080af",,
18548,"c92dbda3b853d1ee3c994878e2b3689d",,
18549,"3a03438519e6bcb57ec7640ba36dfef9",,
18550,"ce1da3c5885945ef509d088c4f31e8f1",,
18551,"146ca33764df8522032f567d917ddb7d",,
18552,"ebc9b9c6b613055908d63bb651e2aaa5",,
18553,"c517da601e7729dd54409eb8082fc668",,
18554,"d95a024b056450303d63916d8c8c6ca5",,
18555,"5da6b3c46659644309e6d7108e51b389",,
18556,"e8618d8a65add54200e73f5580fc48d0",,
18557,"9263445ed19c046c955e6ba839507d77",,
18558,"bcc05feb6040b9445b839819595e39ae",,
18559,"d0fde2e1ad7dbf01c5251f08ba177d8c",,
18560,"718736e5fbc3f762ea82b40915c24b5d",,
18561,"3bf58cdc11111399cf909324003ab1c5",,
18562,"da034ff372ff3e2e28b5988a53dbe975",,
18563,"e50067db23a7f8353d1f111305fee7d2",,
18564,"09e172e739a2a4630f394f7a7d274e0c",,
18565,"d8dfdf204b2e9ef4f3743eb79f8fab18",,
18566,"9efa5ad0551f1fd52043c5652be37543",,
18567,"7f124e0e554791bafd2ed6af11ae88ca",,
18568,"68912e0d75366ff2b8e535e3172bc40a",,
18569,"edd50dfd05090c83b7d7cbb245e3929d",,
18570,"f693fd4f3cdff8fbc0ac64a777980723",,
18571,"b5bb96d8fca1408bdcdbe1e16a00ff40",,
18572,"ef015528bf06cc5f1b281d2b68fcd429","nordic",
18573,"bae0dcc4f9088c5f5dd029172ae6e4b5",,
18574,"4f704e2d92311da2fac584f7decf6a48",,
18575,"a55dfd5688f6515d3898b0add263067c",,
18576,"e299836ddc5078ce45d8d30078994117",,
18577,"15e8d3a8ebc9412e25c3425729ec2533",,
18578,"08e8f295c89047a102057a163767622d",,
18579,"c0828d8c096e72bc0b8e748a5191c93d",,
18580,"2bf10334c296ec239378933b4e6908b6",,
18581,"3397cd521bb8259a08242039b88930eb",,
18582,"4a7353495f711b8a2150503edc5ef7a6",,
18583,"47a2198a65c4d14d1b18b9514d07404c",,
18584,"262200486c6d4af018775b9f3d586d52",,
18585,"b174a40863fd9387b09b547f8cb693a5",,
18586,"6dea86b34758fbec4db948c7659a1a1f",,
18587,"0232b72f4878ac310c4d6ebabf879b6b",,
18588,"fdf06eef3b98228270c2689a9ad681c7",,
18589,"8d73ac6e0bbd9c81a8098137fd04fefc",,
18590,"ac784e4fcb8422932055a86f428df9fb",,
18591,"f3bcb77aecd47f51cc04692d5e77ef47",,
18592,"0562cd84a3cc72bffe5e128e6703ae17",,
18593,"de01d0a8435869100772d39283fbf4ba",,
18594,"0262241ec38a3de83776d2a2fae34ee8",,
18595,"70014cd6e9988801e366c9afa465c1c9",,
18596,"14a08c286c51fba6f0f6132956242e98",,
18597,"f3374352a8bd4dd3a40f52c383e9a741",,
18598,"1c3c725898c8111e83a61e2f04801594",,
18599,"c82cc9a6fa02f1af5d8269b9ffa81db7",,
18600,"122975aca46bb82d86cd9a1cf0b43dee",,
18601,"3f9bca06f2388415e6014795e96c7ca6",,
18602,"cb72e0a98d0a4ac5ca97f2b058809100",,
18603,"8bff2f293476c479fd0a94f1981dfd65",,
18604,"6ade25871d07728cc6d6f067983f4a0f",,
18605,"da6c8a7c0ef87b5ca771d71ed562b089",,
18606,"9fa4e49e0628be8f2986009fb098f1db",,
18607,"2f115ce60a5573e9631a83aba9d545a9",,
18608,"263ae6769b7efd601f90c3dd0ac7a3fb",,
18609,"51296b88940e7585beb70c689d283784",,
18610,"644d0e9779516732f4e4afea237fb112",,
18611,"70892d46019c54053454e474859f5d75",,
18612,"bde8ffc2b766ddbde97f0cf995059eed",,
18613,"b1f34fcfca680492ffd41265c277f36a",,
18614,"e0ebfd9ffcd5fe0df61c754e50b8b1ba",,
18615,"1c3507a225f076fa20ddde51772dc15e",,
18616,"7bfb92fccdf0782ee7bf005121337d6e",,
18617,"00722ed498d4b4b3c844f96f62b92583",,
18618,"1aaab0e66599b5f93b1d1d4d12047dec",,
18619,"7ab4f2ecc86bf3a2b39b62068d1a577f",,
18620,"8b5c5bef8169e03382e4342334e4ca26",,
18621,"192cb02c8ff186e200439d300aae5a4d",,
18622,"87af08ceb266ec7b7490b5ffee6094fc",,
18623,"bb917634cf0cbe5d2dc465c616f232b3",,
18624,"80c8951ed03738d238e54b36b0688d4c",,
18625,"2ccc9da7a81c2d80942fa6e94ea37f13",,
18626,"442f34758135c7c99d98c5c40da3321b",,
18627,"ce7a49772994cdc51fddbf283ebadabf",,
18628,"62fa3c42482999dadb1f9db5c5ff875f",,
18629,"ba3d0e27b8cbcdb24181040595255d3e",,
18630,"2a23b60ec1a6fdcd2d7151a9e5e85368",,
18631,"a66c2d9ce300a261c635740c0467661c",,
18632,"f1c6e04051f4f2ea48ff1c1b4ff522ec",,
18633,"8ff351c39fd0a6937da9bb501c6ac0c5",,
18634,"052978f87e4a234ab6b592a0dda89265",,
18635,"0f407f33225a4066315b43a70ba43c81",,
18636,"d9a62856e71a84e3470000f2bfdedef1",,
18637,"342c6a4f1dbdadf56be082effeb283a1",,
18638,"077e22157249b0e32b6770d6e537339c",,
18639,"816b7c7b87bc640db8e2500a327c55e0",,
18640,"e97a8f994b58da545e28d2bc98b66f23",,
18641,"c141775f74c06ef55661ccf3e2401912",,
18642,"6208578043b4547c09e8fee74b7f4727",,
18643,"adeea4192b189d82382351592615ebd7",,
18644,"be8119bb47751ac52ba76537bb2a01df",,
18645,"a7f4f28f50b4e4c257d9f6cab8ff5604",,
18646,"a8281f0e128e4f3f11a2ba65a81c2449",,
18647,"1a36d70e8be91b4e0bb4fdb47befb21b",,
18648,"746e290d8541ccbe6f442127dfd9f16b",,
18649,"923445f701f14f16a05ff5e81aad0469",,
18650,"999e207d1c9f2af5400df1a8333ebb86",,
18651,"c132c33499a436811d1048e02f8f32a7",,
18652,"b35f661562b5b3bd589541855a86d0cf",,
18653,"063d2be2381654df7e2da1cea5aaefa7",,
18654,"c43a69f323c1e62a91fb819bc60f4bb7",,
18655,"ebada5f41ec92a2b6893b79314d95ab5",,
18656,"cc0a61459ca6f8997283409a45b15645",,
18657,"a507e1c7518eaf288a3f565091ff17b5",,
18658,"93493062ae97c5fdf9418874e77ab11b",,
18659,"97c3b5e7c1f9031396d11140208604d5",,
18660,"6dacd55032e2aaf00cbc8df01bb91ac2",,
18661,"22c855877d869a6dbd04019500254dcf",,
18662,"b8d8b032fb248bf3625eb23025010699",,
18663,"51a9bcf34b0b581564a41a888b1ca96f",,
18664,"ca3fef23bcc3b5ff38f026e1358e04a2",,
18665,"be4ad506e3a5acaa0a93bea181c28d43",,
18666,"36459edae86cbd9ab04c3fa22207e2c6",,
18667,"904e42c74cfc588db2f8605f3e475203",,
18668,"d4d14e0b50ffe8b8f1cf87f2ee846732",,
18669,"b31394d3c97293183ad88a547da73767",,
18670,"b6ac0b494321eb0bbc5745dc4863fb28",,
18671,"c3fcb2963935df39550db846fb6776b6",,
18672,"4665493d88dd34abf23e120d88b227f1",,
18673,"098a4547da97febee4bd352b0c2bdad3",,
18674,"ce8376a6a1a4c63981d64aa5c117f449",,
18675,"99d052af7c75a88caed68864c396e793",,
18676,"56ec3e2c48805135fceb057b8b29b886",,
18677,"3608232888a746698efe103274dab3ea",,
18678,"23f9077eb359760ecebdc12b704c6427",,
18679,"aec1731b7fd47c71c0063cd9d8ade2a1",,
18680,"cec7d22490bf42b2712eabc7e38a9c16",,
18681,"2636c185a555109363b53c6ef4af381f",,
18682,"e2981f04bed747e06dc43f17a9008864",,
18683,"4776d7a7b04a3808301e7cf09d02e6bc",,
18684,"bb1cd465dc2aaf30973efd320998a902",,
18685,"f579673b5dc45640c814a9c68abcaf55",,
18686,"a3d849b3a643a7c93b9ec297e0c5ad3d",,
18687,"449bac4c0363da66cd843f05d248357d",,
18688,"26bfdaa2135b07f1fe329e1ceeee7bfd",,
18689,"6656e72ef82301249fa29a0689adaee3",,
18690,"d9139997daaf594a791cb6a47befd8fd",,
18691,"475898d3d56344f1f69a8b9deaeddef4",,
18692,"44ee03eef160a2ef6c1d5013ee1dbd2a",,
18693,"ebb4fb3807e4bd9ab433751bcab9a509",,
18694,"78588fc48fb5bc617c8fb6894f5fd7ce",,
18695,"d0eb5c070c1296823bc8605bcf37863d",,
18696,"0827f8258dfd8ca22dcbc5af1b81df98",,
18697,"97d7b7d6e678eb5b7d3201eae12703f3",,
18698,"724e0773bcafd4607cb1cae4b35de2dd",,
18699,"3fe6225fce85269f48415bd878852800",,
18700,"71208ed73af90328f18305d8cbef84d9",,
18701,"60ee63f0bfd671b022ed35cc701eeb9c",,
18702,"dc21468772901932eb8497b6eae96ed5",,
18703,"5013fc41b573ab384771e8a781557fa7",,
18704,"2f771ccbe961da658cbb1478efc44f27",,
18705,"fbd53cabbfef3daa2a6e0cb9cea0e2db",,
18706,"e27087a2312012b23488761c336568b0","nordic",
18707,"71165960a7f146d52f1e84fea10b4492",,
18708,"4666af510cb7f4a9daf40987815b8a68",,
18709,"0e6b2b6eb965547efecaffb2ff577b21",,
18710,"c07d16a112f8117f82e9ceee156ddb6b",,
18711,"ec177be70b0accfadcc04ea73f0bd275",,
18712,"3251c621447d6ba01a5c02a063db1215",,
18713,"17840a0a003f70675b383d534178abe8",,
18714,"44f691e787ed7ea6d9796d919ac26a6d",,
18715,"ce7cf81f0186e2c8e5a75677037b3ad7",,
18716,"76ba599797384b5b0f460804dd9ad9bf",,
18717,"e99394560bbfcc7ed3c9e6ffa7b7b45a",,
18718,"2d6f8bcda558b4132c1b9675e8d3b37d",,
18719,"4ba2a272c27a0391ebcc590c643f9076",,
18720,"dd44499b82dec2e1ada5554020cbd38d",,
18721,"51e735943b10d6457a3cd549bde1f346",,
18722,"23355e7f621fe9c167b7642584a7f6fd",,
18723,"368860cc91fedf033f9ee728f3b41a18",,
18724,"b3479469b5d4eb49ebdb2d387a31ee23",,
18725,"b81f1d2be3ec672231cae30dce9d809d",,
18726,"2efd859c5454300771f10c5f922aaf86",,
18727,"dfb3006ce20af573df3fa2e7d9e10d03",,
18728,"3c2f3fadcb06b86e82abeef793d31cd9",,
18729,"fb0a51032c5accf7ecfa853c23c77e3f",,
18730,"ffaf83b4dedcd1989e7b1d5b62fbd8eb",,
18731,"b40bd00172fb0c77a87688fa6410279b",,
18732,"afafc7869a7e78706868b3529da98bff",,
18733,"a63647e3b2673e9348c820e12a00675f",,
18734,"c6697dc39134e0a8943b4592956a9ad1",,
18735,"04d53275896c08e170f1c0b5a871ddd4",,
18736,"550dffb19446dbbaf42eea5389e6195b",,
18737,"100bb1a51a054fef4078e68ad37bcd3e",,
18738,"d7e3f848129179b62fe93baf5f6a4cf6",,
18739,"50a37bc4f033eff951d8aee5e39cfb58",,
18740,"b9a52f463565a2efcca6d71e6948c155",,
18741,"bb2d1b139aef6bea485b1efddbf23d7d",,
18742,"d671381d39bccbb5187176a61f16fdaf",,
18743,"0be5493a6bdca6551029cbe4ebcc5e3d",,
18744,"b4c5084a342fd1749ed284522a70a7b8",,
18745,"d310f3a3016c961b4053a0956bdd45dc",,
18746,"f441a2e96fe9671814d689d043572a17",,
18747,"709318895f3011f3c0e16126f1fc46d1",,
18748,"3381e8340309927168f46f32e661cf69",,
18749,"bd9ce3999bd40ff8f5b23145baa57a12",,
18750,"1a9f944d599145c9b197e682129369d3",,
18751,"8bd382215322d7ff9ede2924d3452187",,
18752,"54c48687c16d559becf7dcde77051862",,
18753,"a36fc22f8f05c6fd74edea4a7e169ba3",,
18754,"c99adbbcc23c8e972c6e4781291a67f1",,
18755,"d41fc943326dd8b7b39fb0f84da7155b",,
18756,"c2f42ab6dabc70089adac0e525f103a0",,
18757,"d74b836ab1a7b15594ce3b9c48b3e3e5",,
18758,"de33616d276d687085d5cc5568c70259",,
18759,"7ac7d7b4cf066a20473acd4dba052ee2",,
18760,"b046c4ffabec0c5fe42b33188833d876",,
18761,"c126fb7b77331f0fc6420eda7e4520c4",,
18762,"6709a9b5d155bfd8f35160f92f2b139b",,
18763,"f6b4005fff6b2c0f9cfdce1518090fcb",,
18764,"1d9618ec398f596aa76502f68b080fee",,
18765,"2c381859fdd2359dcb4907f6fd380ec0",,
18766,"5f3d019fb520523a31710d9320833849",,
18767,"79fb2540421f0289bfc3a668d6e8c1ba",,
18768,"a2b3b0a282162dc6aa3f6ff21a34867d",,
18769,"017df29a067337e00d4ce3ba5c99fd6d",,
18770,"7e4b10ef8940703dbf7341a8dc3a2f33",,
18771,"af43c3315baa00716f9693ac7a7cc53f",,
18772,"283d27b44762dfedcf07b35531719427",,
18773,"c78775461184d8c88a3ba291dc34efc0",,
18774,"7ae499135a2e0c15da5bc6a2d2464f5f",,
18775,"56ee8866b9ee0e96eda34bce2eb3dd02",,
18776,"1bd73493cbd4f7a379496ef955bc851b",,
18777,"87736f404c066ed16c59094ab19e6488",,
18778,"cdeb9a0965362acfbde5041a33e0a9bf",,
18779,"146b3ec6123b58b49a9d0787b0fde2e4",,
18780,"07de918e91017f57aa4c844bb4023232",,
18781,"5a89b386798a3f521ba6b7f91b5b9840",,
18782,"e47e9fadb2301dbb1b1a2e215f859bde",,
18783,"3391415181ba9b6fd9212a56064ff90f",,
18784,"d1d7089a33fdc1de4db0e6912a9dcf82",,
18785,"475485e39ff6c968f2456e6ed0b024e6",,
18786,"b818426014f2998a82c422b905ba1bb7",,
18787,"c2c46ffa3fad1e2924fafd655a4d3346",,
18788,"98a1a94abcbbbbb4674a22c1b74ed251",,
18789,"09aac957cadebb618819dab2c3f78cff",,
18790,"b7d05ac19c3410cd3c88c5be1376ffe9",,
18791,"c2153b7e02b9033ea1f0901af45d6412",,
18792,"c229cf087f04a217cce8981c6e419df8",,
18793,"91d5b2c267833c3180e41a5bc3f0a5a7",,
18794,"840bac4898a17ca4affbdc2c8eb891bd",,
18795,"ab93942120f51aa5367711305d3dcc57",,
18796,"e0e68a49e2280d7cf122122ea8ed0ead",,
18797,"742ead7d593646f8aea23b818697a4af",,
18798,"269f05f868466ba85c7b01b65ac18b10",,
18799,"25673f35e39267b6fc04b09e7cbbccbf",,
18800,"8ea9dab9b5816199fb936887fe7f8f02",,
18801,"32d8c24b34f44793d607a4c3339b22ab",,
18802,"e89cd2f8eeec154c6604462929b1011f",,
18803,"b00141539d039261267c6c7c0fcade7f","nordic",
18804,"8ffc5da5aa3bb767f4f16503e4c51540",,
18805,"344885ecceb668fdff3f36703de5ad51",,
18806,"f25ba283671b88370ce341fa663cad08",,
18807,"c2fdf19e043f1951898111e4761c8e2d","nordic",
18808,"1d01678c17f4ec3df384bb4da6e2b75d",,
18809,"af17d6c73461f3206974c2eef7dbe6dd",,
18810,"c2a83c8d7cc14aed02b1b74f76175a38",,
18811,"e725215ccaf62cca66c1e2046c326622",,
18812,"19f9c1618f5c9b41d4e363317bbc3ad6",,
18813,"099c88bc2e27a8152a8e7e4918a9bc14",,
18814,"87ce52ffbf0e4d807a4955b79287ca50","nordic",
18815,"04aaab015488f7aa73ac6b71e8a4d33e",,
18816,"1f17dbfcaf16a5f6dd411a3de92eff6e",,
18817,"f7abab996e41aef501a8d01dcd79a0d3",,
18818,"a2d25095b0edb244a34404d22544a46d",,
18819,"e15b7215ec2b8cf5c9ec4358d0e37497",,
18820,"93be8ff37aae43c075f3f87d5c63f0c7",,
18821,"c9e70307ceda284f5a2c5868a53517fb",,
18822,"a342b4a685c4f39c2b8df7dc84316b06",,
18823,"e1ed90ae73d1ee8e54cb195aaf547a86",,
18824,"dfa2154af1f21eb03fbc5285d7e40ca9",,
18825,"0e090a1c67f2da8e06417836ed4690cd",,
18826,"1f43fe1c0fd3ac30c53327de368da51b",,
18827,"2f218b65ac1e462bb8311b25641d9457",,
18828,"0ebd3a21dc8992aa76116f3aa2159e32",,
18829,"31762b82bf6fb9eafaa0fe77a197204c",,
18830,"56228bc1cb3d878bbaf63a519204a375",,
18831,"53c47cab0063e9b8f64653b842a3f3b4",,
18832,"f9d5520be031c0c51f2a852526d4db1b",,
18833,"354ace892402a898f1d4ec8a1b30fd12",,
18834,"af2ca460d5310cfa3c81dc4941eda5d4",,
18835,"99db99515f8170efdb7aaf62d2e7ca93",,
18836,"90d8f7dd9a6599aca773a5b085cfb319",,
18837,"39e24db13b91d7318f3bc5bdcc7fd11a",,
18838,"361aab2682a54441565549e6c2819b37",,
18839,"0971b1634fcfa917eead78555071eb68",,
18840,"1536db87c21013fb5b71422a60b969fd",,
18841,"de9fdb48961b81323c48a21dafc63af9",,
18842,"e560485642874c3cbb93b1fc3ea92c36",,
18843,"3e7a1c3aedddf908e0d3b67f70c830b0",,
18844,"8b0a1dc267598d4ee3ccf99f76f1b7f1",,
18845,"dfbe389d9e5ffea46c98bf11147cc2f4",,
18846,"f48566638225450d8c1d4f601c1453da",,
18847,"35b168de5cc743b1302fe45be7be2424",,
18848,"05471c883cb71cb85fda90f3f0f6cc73",,
18849,"5c41f08b5258fb2c2a71da877bf04bfc",,
18850,"122c4a48b8645c96d2c72d3e43c5b166",,
18851,"673a1a9c32d277ed7dcdc8def6f2cb37",,
18852,"5d168800102372f7914406304264266d",,
18853,"6547501c473309d4c2c11d6ad19a7979",,
18854,"ae24c6f706a0babda1cb9bc78705277c",,
18855,"5044a4ab5a850ad50226d2258ba3482a",,
18856,"ac90733abb2e84d831dc8ee06230dbbd",,
18857,"430731930105f2a60225f358ccccf6df",,
18858,"e06c549f6e6bba001a582b3ec6849081",,
18859,"7afd2d83d31eff4f12d67858490cfc86",,
18860,"481d159730ca7d2710849743132b9a92",,
18861,"696c8d4f76952bf7cea2e48922faa1e4",,
18862,"7ad59f4b16485a17a8e7cfcfb83906ab",,
18863,"3e10d2f02dbbaa92fe0fc5e14fce159c",,
18864,"4b2f3addd27bd23643921eb70ab18638",,
18865,"a0a84a50f7bd21eb0a6048afc359de65",,
18866,"b1bf537a2a0af70af0d5266b06252b11",,
18867,"ee23eb1b78f074cff26e5dce8db352b4",,
18868,"0c7e827562360541ba8f2d288401ed5a",,
18869,"efe8bcc59ed6b9cf9c4d50e6bc3c9dfd",,
18870,"a45fbcc40fa9d3a956dcd73b51348a68",,
18871,"90e26a2caf3f93d3cbd64809a21ee494",,
18872,"79557c133a578e16424463a4c99bde57",,
18873,"205ff7e7ccbb95c0a3c6587ae3eb3879",,
18874,"1ed0a4bc805eb08d5c1a9fa361cb59c5",,
18875,"58716bf81352694fc7230814713ee89e",,
18876,"b4d7c59ef81a973f545ce753c0bfba7f",,
18877,"710c2c8e2f2cbf1b56aaf71b2e4b75b8",,
18878,"b518bb7427ee1d51370c28ea74ff85cb","nordic",
18879,"aa7a9d24ec9c814cad5b44ef3e504b51",,
18880,"3a7e4c80c9335c221b5777b198448c26",,
18881,"55c8c7582d7ea9f0f79fc890092146d2",,
18882,"114cf6b771995287636bacffaa270a16",,
18883,"1815572ff2f3d52a5f739cb11145c672",,
18884,"c9b2868bc40eeaef3d7c1ccf27287edf",,
18885,"3df1f587cbb72a4a00ee12cfb7decc11",,
18886,"81278b2516a45ff4b32d4e65babd0234",,
18887,"2922cdca251f38d5128b3d158ba510ac",,
18888,"021e380c28a19b2672e187c82821c8da",,
18889,"fbb30d1b26bca2d1434c4aef387c6f5a",,
18890,"ced233ac366337a74e0a484ee7995de4",,
18891,"947d3e7b3810ebf8efb4d7834e62c60e",,
18892,"4082b3c63400f60dc8cee379b114f424",,
18893,"bc21c583795d2b887215bc7ece33a4de",,
18894,"5ac21e2dd2f2a21a219d1ff7820c5f32",,
18895,"7ba3177fa51d8f5e15bb3d2e1fdb298c",,
18896,"5a8398a3f6896cce62b6ae15250f0abb",,
18897,"64de9fcc3b25730b9b421270fb553225",,
18898,"3399125f6b8513864b1658d81ba30319",,
18899,"6bf3062c183855e267c46541bf32c5de",,
18900,"c6a4b0bb8ee0cbb4ce57b236da39c764",,
18901,"a1d0697ee610fd70a52e491056b83979",,
18902,"a1c8ffa38cd02a0c01d41090e27ad728",,
18903,"719762f7b658180d5eaca2b1f791a5b3",,
18904,"84e413040c4c9c6078938d2a2f6bbf02",,
18905,"1f642d6c17da89f48ef9f79b9a86db3c",,
18906,"c69b548c1d2c9bd0851bb280118098d1",,
18907,"4e34e65c6de07648b1030390cd97ee3e",,
18908,"4f96df9ca15873f524527f05632e21d3",,
18909,"38edfff663e038be6e727009571aa778",,
18910,"e7f132e2b237b0a70532cc0d0700cd48",,
18911,"f80de64e673dd15c8a13c680e0867a11",,
18912,"6240b1a81273a8b5e5049d3eced691c4",,
18913,"73816db9e224cc6f2c87dda874ed093e",,
18914,"dc3be9baddd458ebcf3f501585afada8",,
18915,"1d1da1f40f0a269abb9cddddbb8ef00a",,
18916,"b839a32c9924a3c81c982aafebb343da",,
18917,"4e9ba274054cb41b735ccec497a01e4f",,
18918,"620f0b67a91f7f74151bc5be745b7110",,
18919,"a75f7d15664dc27e59e9cbb3bb89e6e8",,
18920,"38b6e15679ea2005a815db805ebfeed7",,
18921,"e94c25c0064452f456b16a43f31dfcc8",,
18922,"b071cfbb3b450add089eab2581dd3aee","nordic",
18923,"4e6ab68b19f038aff139670c0f613411",,
18924,"2d84d77bdb1c8a16a5653f231ce6f11f",,
18925,"3273b3f8c5a0aebc785b679402e55a41",,
18926,"9f500c78e0b2b840c5fe95229faf853f",,
18927,"0fd71615c3e95e4bead07f5d7cd34ed7",,
18928,"8b6f95b0fc829972423877e25350e9ae",,
18929,"503c5f7ea1fddd4c6e7f1a8b6d3faf90",,
18930,"3ae0a3ddfd11dd0e2184eaec583e3620",,
18931,"d74ce271b511dc5d12c8cc55993ac925",,
18932,"d2c19adb1805bb09c6d1bef0c09a5036",,
18933,"d6e4d404b03668aafdbce03e9b6f5341",,
18934,"2eda4c2c18769d3050778c3ea1f29260",,
18935,"059d51cf5678e07f220dc2d06cde5af1",,
18936,"d5aabcadefb27977e140979ba4e8f53f",,
18937,"d6b7ea6f91d5e6d32ac6d384f77d8f84",,
18938,"2b259578c7afa0507cf1cf187ddf2d2a",,
18939,"ceabf4c89944785b007e7fd2e0e88a9a",,
18940,"fef413fbe3d5de486bb8e159e2bb3cc4",,
18941,"166553a3ecf4af59de911bed70b1f53f",,
18942,"b4ef8095fdda0b37733a8d24097a310c",,
18943,"296b3956ace97b0ec9e17a3f687cd3c1",,
18944,"9ed7049cf73a53f4ecd1a0795dfa7eae",,
18945,"2506e0e40c096bab81e1fed346f7b261",,
18946,"7341c05d10317c255ae955553cb6959f",,
18947,"a9f8bb44e94497e402cd395a7f337b44",,
18948,"aad8b78af18215e2873c065316853d43",,
18949,"27ccd877d7d14a9cee0731804e931294",,
18950,"c151e7c735e2bf8e0cb763f3dc9e85d6",,
18951,"272cc27269491622366f98ed03bcac37",,
18952,"14bcca5a5e930e943ba11fa2f75ba896",,
18953,"d1bfddf1df50bd740d62d8dd6495a61c",,
18954,"bc4768307bdad626142e0d783a2534a1",,
18955,"d1460fc1c4595d0d22f82d5baeaabbd8",,
18956,"467a78fb81b57330c980d413b602978b",,
18957,"b40e93b23e7309416a7ee680a8e58f95",,
18958,"4c343061a0cc6667848a59c28cdf7ae2",,
18959,"0b35d5749455b231a0284d7ebdc7936c",,
18960,"7750852039d33720ebdd6931e97853aa",,
18961,"caa0f7b0a713ada359f5a58b51f5160a",,
18962,"46a5c94d108823f265b112a9cf1d757f",,
18963,"02414db9babbf3466de6dfd4d344f5fe",,
18964,"6480d91f6d67a902d7b6a565917cf686",,
18965,"62ac1efc68b6699ec34499e86b00f622","ti",
18966,"789b325f78bb5d06bb1ab29e7ce76952",,
18967,"faa4f10c56ac3c9baf9cc14b49a1ccaa",,
18968,"0298525814bf94561537c6e7eabaf24f",,
18969,"e2d34a8394e78f8a55a5cd547fcf3d8f",,
18970,"779346559ea1a69adbd63e2eb239b00b",,
18971,"d5181e3a9400f0d86dee26700af0fe21",,
18972,"ce44af6ee916730ac89ed7cf0b4f6c55",,
18973,"39cacf3983f54521e52609242c31cb92",,
18974,"2c4291b75f147d27b2cfe68c3f59ba7d",,
18975,"9e6c66fb0a0d849052472a38897ba5a2",,
18976,"b2bc59a3d6e0e298f1ffb3bec1931f8e",,
18977,"21f7cbbadec714249756853e17339167",,
18978,"d270888b1645b600d5325c4fa39b0800",,
18979,"c39ad65fe819e51eba2d1371972fefe4",,
18980,"ce567d0c71dd7b5d023b47ff80601d1a",,
18981,"c24fb30e4f73443967a01519b4aad3ce",,
18982,"ed7a02a8aa1f70ce728b164cf14e74b7",,
18983,"47558be246af7acdc161a8393b9f1951",,
18984,"5bfe4d7c9eb2530d7d56d4fa1eafcee2",,
18985,"25bfacb736d2ea2fa5b75dadc48d9b37",,
18986,"4595f0cf70b7ef6eb1e5320ad053db45",,
18987,"56090a05ee18ca9c5673e1aee0e3948b",,
18988,"0cc7a4a801e58eb601c72949f92d5891",,
18989,"6612c3a60cefa56753a284665a0bd06e",,
18990,"d21305d1b3dd43e23f2e88633214b015",,
18991,"6204ae93da58356c9392ee795d731a10",,
18992,"d8f9b3513e6593411b86414ffbf71b2c",,
18993,"77b095ab0cf278c80fbae0d73ea0eaab",,
18994,"471026cf1f55b3cdede667b07648d1fe",,
18995,"c8a55c64162d833d0da7e3a38f0cfbf1",,
18996,"f02012b118664c0579ab58757f276982",,
18997,"2d42fe9496664c32720728cdb783bb5f",,
18998,"00a0d13bc54fabbd6e2ccee55d89b385",,
18999,"c4184449b78455e1a6cfd72052776828",,
19000,"791d02fc5148c8f8946c716971459639",,
19001,"3974a73dd305e316bdf10be11c87316d",,
19002,"30a52687302ffef4ddf9ca640e1b462a",,
19003,"c34acad06dcbd936e25bc51753e16890",,
19004,"a98553e7dce02ea3c3046a9501a6c8cb",,
19005,"77413a1847d415a8566febe3946981a6",,
19006,"ba26c29838dfe7e3c264a7a671c242c5",,
19007,"6a368e62dde24b415b2c8d24c8b0606d",,
19008,"5f4c23790b603260d89b20b6ee36be10",,
19009,"c7bbfe140ae7c72cdfbf503f1f28565b","nordic",
19010,"b22fe885b6989be88f5e0a77a60d6a89",,
19011,"f2f115d48cc225c28fd22837e8c31b5c",,
